title,review,label
마이클,마이클 잭슨 노래 듣는 것 만으로도 좋았습니다.,1
마이클,재미있게 잘 봤어요 ^~^,1
마이클,잘 보고 왔어요..얼른 2편 나오길..,1
마이클,"그렇다.
씐나면 그만인것이다.",1
마이클,실제 마이클이 다시 살아난느낌,1
마이클,마이클잭슨의 노래를 극장에서 듣는 것만으로도 힐링이 많이 되었습니다. 마이클잭슨의 자라온 환경을 잘 알게 되어서 그가 더 이해되고 위대한 스타란 것을 한번더 느끼게 되었습니다,1
마이클,히트곡이 다 나오지않아 아싑다,1
마이클,나의 어린시절 두 영웅 M.J ..,1
마이클,영상으로 알고 있는 사실들운 다시 생각해 볼 수 있어 좋아습니다,1
마이클,"그냥 마이클잭슨 노래랑 영상을 보러가는 영화
마이클잭슨에 대해 많이 몰라서 오히려 보기 괜찮았던거 같아요
스토리는 기대 안하고 보는게 좋아요
그래도 재밌게 봤어요
2편이 나온다고 하니 주의",1
마이클,배우연기가 넘 좋았어요.. 마이클잭슨의 몰라 던 부분을 알게되어서 좋았어요 노래는 뭐 말 할 것도 없고여,1
마이클,추천해요 영화관에서보세요,1
마이클,"보헤미안 랩소디와 어쩔 수 없이 비교가 많이 되는 것 같은데, 음악과 무대 영상은 너무 좋았지만 스토리를 풀어내는 연출은 좀 아쉬웠던 것 같아요.",1
마이클,아내와 모처럼의 영화데이트. 나이 먹어서인지 애기가 아빠한테 맞는 장면과 같은 처지의 사람들을 가족처럼 생각하는 마이클의 인성에 깊은 감동울 받았다. 끝맺음이 흐린 거 봐서 다음판 또 나올 듯. ㅋ,1
마이클,"보헤미안 랩소디를 기대해선지 아쉬움도 큽니다. 소송 문제로 급히 끝난 느낌에 러닝타임도 늘어진 듯합니다. 하지만 마이클의 천재성과 노력, 성품을 잘 보여주어 그 아쉬움을 덮을 만큼 좋았습니다.",1
마이클,마이클은 넘사벽 그러나 아이와 집중하면서 봤습니다,1
마이클,무대 보는 재미가 끝나질 않는다,1
마이클,12살 아들과 너무 재미있게 잘 봤어요.,1
마이클,"그냥 음악이 좋았어요.
줄거리는 좀....",1
마이클,마이클 잭슨 음악 듣기!!!,1
마이클,마이클잭슨의 서사와 노래가 함께 어우러져서 상영시간 동안 몰입했어요.,1
마이클,"안 보았으면 후회할뻔~
눈으로 보는 즐거움.
귀로듣는 감동.
그리움이 내내...
잘 보았습니다~~~",1
마이클,보헤미안 랩소디 제작진답게 음악적인 부분을 살려서 넘 좋았다.마이클 잭슨은 천재였고 맑은 영혼이었다..좋은부모 만났더라면 좀더 오래 나와 공존할수 있었을텐데...마이클잭슨이 살아돌아온 느낌이다.,1
마이클,눈물이 흐르는 추억이 생각나는 마이클,1
마이클,세번볼것 세번볼것 세번볼것,1
마이클,몸이 들썩이지만 눈물이 핑돈다,1
마이클,몸이 저절로 움직여지고 눈물 핑 돈다,1
마이클,엄마랑 봤는데 둘 다 만족스러웠어요 오랜만에 극장나들이 즐거웠습니다,1
마이클,아빠랑 보고 왓는데 재밌었음 기대안하고 봤는데 만족함. 일단 명곡파티이고 무대가 많아서 볼거리가 많았음.,1
마이클,잘봤네요 마이클 잭슨 몰입해서 봤어요 노래 너무 좋네요!!,1
마이클,가족이랑 잼게 봤습니다.,1
마이클,다시 없을 스타를 다시 본 느낌이었어요.,1
마이클,"마이클이 저런 환경에서 자랐다는게 놀랍고 부모를
잘만났써야 했는데 마음이 아프고 영화로 만나니까
마음이 뭉클하고 좋은 음악에 완존 김동",1
마이클,마이클 잭슨 팬이라면 그리운 노래들을 많이 들을 수 있어서 좋을 것 같습니다.,1
마이클,마이클잭슨님의 전반기 인생이 제대로 담긴영화 후속편도 완전기대되는 영화,1
마이클,"마이클 잭슨의 공연. 한부분을 보는 듯
성장 과정을 보니 마믐이 찡하네요~~",1
마이클,정말 명작입니다. 다음 영화도 나올것 같아요. 완전 기대,1
마이클,그리운 마이클! 너무 재밌게 시간가는줄 모르고 잘 봤습이다,1
마이클,"영화 마지막 런던콘서트는 진짜 마이클과 같은 느낌이었습니다
마이클 잭슨 콘서트에 온 느낌이 들어 좋았습니다",1
마이클,굿~ 굿~~~~ 지금 듣고 봐도 하나도 모자람이 없는 멋진 영상,1
마이클,"스토리는 전체적으로..쏘쏘~~
어린시절과 잭슨5이야기는 공감보단..극의개연성으로 보게됨..
중반부터 우리가아는음악이 들리면서 점점 몰입이되는데...
갑자기 클라이맥스에서 뚝! 끊기는 느낌....",1
마이클,"""우리가 사랑했던 그 시절의 황제, 시대의 소음 너머로 다시 울려 퍼지는 불멸의 무대와 멜로디.""",1
마이클,공연보는거같아 넘 좋았어요 근데 갑자기끝나 당황.. 얼른 2 나왔으면 좋겟어요,1
마이클,내용이 별로 없는 듯한 느낌~ 그냥 내가 알고 있는 얇팍한 이야기네요~ 좀 더 인물에대한 몰랐던 이야기를 다뤘다면 더 흥미로웠을 듯 하고~ 천재의 음악은 어떻게 이야기하던 좋네요!! 연기가어설프지만…,1
마이클,마잭 앨범이나 또 들어야겠다.,1
마이클,재밌게 잘봤습니당ㅎㅎㅎㅎ,1
마이클,"마이클잭슨의 어두운면은 거의 보여주지 않음
대신에 콘서트, 춤, 노래 등 실제 인물처럼 노력한 티가 보임
노래가 좋고 춤이 좋고 마이클 잭슨이 유명해지기까지의 이야기가 보고 싶다면 추천",1
마이클,마이클노래를이렇게듣고보게되어너무좋네요^^영화내내좋은노래를듣게되어행복했어요~배우가연기를너무잘하네요~~감탄하면서봤어요~~빨리2편이나왔으면좋겠어요~~즐거운시간보내구갑니다~~,1
마이클,"마이클잭슨의 노래를 들을 수 있어서 너무 좋았고, 마이클의 몰랐던 사정을 알게되서 가슴이 찡~ 했습니다.",1
마이클,그냥 무난하게 볼 만하긴 했는데 이렇게 끝날 줄 몰랐음,1
마이클,마이클 잭슨의 어린 시절에 대해서 알 수 있었고 스타로서의 외로움을 느낄수 있었다. 2편 제작을 목표로 해서인지 더 많은 무대 공연과 히트곡을 듣지 못해서 아쉬웠다. 보헤미안 랩소디 보다 감동은 적었다.,1
마이클,노래좋고 몰입감 있어요,1
마이클,마이클잭슨이 정말 가슴아픈 삶을 보냈네요. 영화 본 후에도 여운이 남아 이것저것 찾아보게 되는 영화였어요. 보는 내내 배우도 정말 남다르다고 생각했는데 실제 조카라니. 2개봉하면 또 보려고요.추천!,1
마이클,일 끝나고 온거라 피곤했었는데 어느순간 몰입하면서 보는 제가 신기할 정도로 재밌게 봤어요,1
마이클,"마이클잭슨 세대는 아니지만 
아는 노래가 은근히 많아 재밌게 관람했어요
삐레~~~!",1
마이클,영화내내 찡한 기분과 왈칵 눈물. 마이클 고마워. 와줘서,1
마이클,유년 시절이 생각나게 하는 마이클 잭슨 굿굿굿,1
마이클,마이클이 너무 보고싶어지네요ㅠㅠ조카의 연기와 콘서트장면이 너무 감동 이였어오 3회차 관람 갑니다,1
마이클,보헤미안랩소디보단 덜했지만 잘 봤어요,1
마이클,마이클잭슨을 이렇게 만날 수있어 반가웠어요~~영화 덕분에 잭슨의 음악에 푹 빠져사는 요즘입니다,1
마이클,워낙 노래 체급 자체가 높아서 무대하는 장면들 보고 듣는 재미가 있습니다,1
마이클,"마이클잭슨의 춤, 노래, 연기와 OST 음악이 너무 좋았고 후속편이 빨리 나왔으면 좋겠습니다",1
마이클,몰입감 좋고 후속 이야기가 기대됩니다,1
마이클,"마이클 댁슨의 모습을 완벽히 연출팀과 배우님 감동이에요! 장면마다 몰입감이 압도적이라 30분 본 것 같은데 끝나네요 ㅠ 짱짱하게 마이클의 음악을 영화가 끝나고도 이어져 끝나지 않는 여운, 최고, 영원함..",1
마이클,재밌엤어요 진짜 재밌엤어요,1
마이클,다 좋았어요~~ 재미있습니다^^,1
마이클,"만들만 영화 보헤미안 랩소디 처럼 완성된 영화를
기대하면 안됨 스토리가 없네 마이클 잭슨 영화를
이런 식으로 만들다니~",0
마이클,"마이클잭슨 이야기만으로도 재미보장이지만, 거기에다 크게 음악을 즐길수 있는것까지 대만족입니다. 당연 속편 찜입니다.",1
마이클,긴 여운이 남게하는 영화..👍👍👍,1
마이클,엄마!! 남편 싸다구 좀 날려주지!! 이래서 가정교육이 중요함.. 나중에 왜 네버랜드를 지었는지 이해가 가서 안타까웠어요. 잘 나가다 왜 끝나지?!?!,1
마이클,노래가 좋았어요 옛생각도 나고,1
마이클,영화가 끝날때쯤 진짜마이클이 됐어요,1
마이클,배우 연기와 노래실력이 너무 좋아요,1
마이클,"환희와감동이였습니다.
영화가 끝나고 일어나지 못 하겠더라구요.
그리운 분을 다시 만나게 되어 
이 영화는 꼭 소장하겠다는 마음으로 집으로 왔습니다~꼭 보세요",1
마이클,마이클 잭슨.. 일단 노래가 너무 좋아요 그냥 뭐해 보세요,1
마이클,"첫장면 부터 심장이 터질뻔 했습니다!!
중학생인 아들 딸과 함께 보면서 집중도 몰입도 최고였습니다",1
마이클,"어렴풋이 기억나던 과거 사건들도 다시 생각나고.
머리 회상사건은 새롭게 안 사실.
공연 고증은 정말 잘한듯.
보헤미안 랩소디보다는 외력?이 많이 들어간 느낌.
후속편은 어떨지.. 명곡 퍼레이드는 언제 들어도",1
마이클,감동적이고 좋았습니다,1
마이클,너무 재미있었습니다,1
마이클,"워낙 혹평이 많아서 그 정도일까? 했지만 전문가들이 보는 시선과 대중들의 시선차이에 괴리가 많은 것 같습니다.
마이클잭슨 팬이라면 잼나게 보실거 같아요~",1
마이클,Smooth criminal 이 안 나온게 ...,1
마이클,정말 영화보다가 박수칠뻔 했습니다 마이클 잭슨이 살아 돌아온줄 알았네요,1
마이클,"그 누구나 다 알고 있는 마이클잭슨 일대기와 음악이지만
너무나 멋있고 재미있었어요~
후속작도 나왔음 좋겠네요~~",1
마이클,"아버지와의 결별이 더 빨랐으면 좋았을 텐데, 세기의 영웅에 최악의 아버지!",1
마이클,재밌게 봤음 연기 잘 함 ㅋㅋ,1
마이클,주옥같은 노래를 돌비 시운드로 듣게되어 좋았어요,1
마이클,시작부터 명곡을 전울돌았음,1
마이클,"노래를 다시 들으니….그때가 생각납니다. 그때 더 팬으로 남았을 걸…..삶이 더 풍요로웠을텐데…….즐길 수 있을때
즐기는게 맞네요.",1
마이클,공연씬은 진짜 입 다물고 관람 못함... 한없이 착하고 착했던 사람... 울컥하고 화남이 공존하면서도 공연씬만 따로 모아서 틀어줬으면 하는 바람이 끊이질 않는다,1
마이클,완벽한 서사와 스토리...그리고 마치 마이클이 다시 살아돌아온 것 같은 착각을 불러일으키는 영화였습니다,1
마이클,옛날 생각이 나더군요.,1
마이클,진짜 노래랑 춤 퍼포먼스 다 너무 좋아요,1
마이클,Bad 끝났을 때 나도 모르게 극장에서 박수칠뻔,1
마이클,영화보는 내내좋았어요-원더플,1
마이클,마이클잭슨이 환생한거 같아요^^~슈퍼스타 마이클 짱!!!,1
마이클,보헤미안랩소디 제작팀이라 기대했는데 돈과 시간날림 쿠폰쓴것도 아깝다,0
마이클,옛날에 듣던 음악과 마이클이 생각났어요,1
마이클,아!진짜 재밌다! 정말 재밌다!,1
마이클,마이클 잭슨에 일대기와 음악성 다시보기 영화,1
마이클,한편의 공연을 본것 같은,1
마이클,"아카데미의 외면이 있더라도
26년 최고의 영화로 인정합니다.
마이 히어로~",1
마이클,"음악이 진짜좋다. 마이클 잭슨..영원한전설.,",1
마이클,오랜만에 이런 영화보는데 단 한번도 지루한 틈이 없었고 재밌게 봤습니다.,1
마이클,이번주말은 마이클 트랙으로 채워야겠어요,1
마이클,전설로 기억하는 팝의 황제 마이클 잭슨에 대한 실화를 통해 가족과 책임을 더 한 음악적 스토리가 더 높은 음악의 재능을 높였습니다.,1
마이클,뭐 하나 빠짐없이 완벽하게 좋았어요! 평생을 소년으로 살았던 마이클 잭슨만의 네버랜드 이야기를 이렇게 볼 수 있어서 행복했습니다~!,1
마이클,MJ의 명곡들을 극장 사운드로 듣는 감동,1
마이클,스의 초기 인생이 느껴짐,1
마이클,"간만에 마이클잭슨 노래를 즐겼네요
다음편은 음악을 좀 더 중심에...",1
마이클,워낙 회수할 얘기가 많아서 한편에 담을 수가 없었나 보다. 2편도 나온다는데 기대하겠습니다.,1
마이클,"deeply touched by his warm heart
and the acting was absolutely brilliant",1
마이클,이상하게 계속 슬픔이 지속되네...,1
마이클,"2가 기다려지는 영호ㅏ
힐 더 월드가 나오지 않아서 당황",1
마이클,"나쁘지 않네요.

시간 잘 가요.",1
마이클,"다들 보셨으면 하는...충분한 가치가 있는 시간이었습니다~~
마이클잭슨 사무치게 그립습니다",1
마이클,"불쌍한 마이클 잭슨
그래도 가족을 위해서 열심히 살았다",1
마이클,스토리 개연성은 다소 아쉽지만 퍼포먼스는 최고,1
마이클,세월이 흘러도 빛나는 음악과 댄스! 포에버 마이클 잭슨!,1
마이클,어른이 되지못한 마이클을 외면하는 형제들과 늘 어린아이로만 대하는 그의 아버지 속에서 그런멋진 음약과 환상적인 춤동작을 창의해낸 마이클.. 전 인류를 통틀어 가장위대한 뮤지션으로 기억될거야,1
마이클,처음 보고 너무 좋아 두번째 볼때는 첫번째 때 놓친 부분을 다 감상할 수 있어 감동이었습니다. 음악영화라 그런지 반복에도 전혀 지루함이 없었고 옛 추억이 함께 해서 즐거움이 더 했네요!,1
마이클,오 기대없이봤는데 좋았습니다,1
마이클,시간 가는줄 모르게 너무 재미있게 봤어요^^,1
마이클,"마이클 잭슨 노래는 잘 모르지만 그래도 잘 봤어요.
2편 나오겠죠?",1
마이클,마이클 너무 험한세상을 살았어..ㅠㅠ,1
마이클,"무대에서 노래하는 모습은 전율이 느껴졌음
그는 위대한 음악 천재였어",1
마이클,다른분께도 추천드립니다.,1
마이클,"2편을 보라고 만들어 졌네요~~
2편도 볼게요",1
마이클,너무 재미있고 옛날 느낌을 잘 표현해서 재미있게 잘 봤습니다,1
마이클,"다시 돌아오지 않는 청춘 중.고등학교시절및청춘시절
참그립습니다.",1
마이클,마이클의 노래도 제대로 못살리고 스토리도 없고... 퀸보다 별로임,1
마이클,역시 최고애요. 마이클,1
마이클,재밌게 잘 봤습니다,1
마이클,꽝 입니다. 재미 없다,1
마이클,96년 10월 마이클 공연을 본 그날을 회상하며~ 울기도 웃기도 내적 환호하며 봤습니다. 마이클을 담아내려는 감독님과 배우겸 가수 자파 잭슨의 열연 너무 인상적이었고 못다한 히스토리 2편 기다릴게요~,1
마이클,Mj is back and I ve got your back no matter what people say around. ^^,1
마이클,마이클 잭슨의 타고나 재능이 그저 행복만 하진 않을듯,1
마이클,마이클 잭슨의 히스토리를 알았던 사람들을 위한 영화,1
마이클,보헤미안랩소디보단 스토리가 약했으나 그의 음악과 조카의 매칭은 완벽했다!!,1
마이클,잊고 있던 마이클을 추억소환하게 만드네,1
마이클,마이클잭슨 너무 멋있어요 정말,1
마이클,"몰입감과 음악이 너무 좋아요~
그리운 마이클!!!",1
마이클,추억으로 돌아가는 시간이네요,1
마이클,생각보다 더 옛날 이야기,1
마이클,"세계적인 스타인데, 잘 몰랐던 어린시절이 인상적이었어요 정말 매력적인 가수인데 한편으로는 안타까운 마음도 들고..여러모로 몰입해서 봤습니다",1
마이클,마이클잭슨이 다시 살아 난것 같아요,1
마이클,"기대만큼 좋지는 않았어요...
좀 더 음악적인 희열을 느낄 수 있었으면 했는데 그닥...",0
마이클,마이클 잭슨 이름만으로 보게 되는 영화,1
마이클,마이클잭슨 콘서트를 본 기분! 이야기의 기승전결도 크게 구멍이 없어서 즐겁게 봤습니다 꼭 극장에서 봐야함..,1
마이클,추억의 노래들 사운드가 너무 좋았다. 역시 IMAX선택하길 잘했다. 강추!!!,1
마이클,누가 이 영화 별로라고 했냐?,1
마이클,"마이클이 살아있던 1980년대로 돌아간 느낌. 이야기를 하다말아서 황당 했지만 볼만하네... 마이클의 카리스마나 재능을 다 구현하지 못한 아쉬움은 살짝 있지만, 2편이 기대되는 재미있는 영화",1
마이클,마이클 잭슨의 공연을 본 듯 두시간이 훌쩍 지났네요.,1
마이클,진짜 콘서트에 와서 구경하는 듯한 영상미와 노래들이 매력 포인트. 마이클의 빠진 일화들은 아쉽다.,1
마이클,너무너무좋았는데 갑자기 뚝 끊긴느낌이라 아쉬움이너무커요 배우들이 정말 싱크로율이 대단했어요,1
마이클,젊음을 같이했던 한 가수의 이야기를 들을 수 있었다,1
마이클,"2시간동안 주최할 수 없는 흥을 누르고 관람하느라
무지 힘들었음.",1
마이클,또 다시 보고 싶어요..,1
마이클,순간순간 자파잭슨이 마이클로 겹쳐보이면서 눈물이 흐르는걸ㅠㅠ 마잭,1
마이클,"단편적인 이야기들이었지만 추억하며 볼 수 있었던,,",1
마이클,조금 아쉬움 전개가,1
마이클,"최고에요^^ 꼭 보세요~
2편이 나오길 기대합니다~

콘서트 본것 같네요~",1
마이클,마이클 잭슨의 죽음이 참 안타깝고 노래는 너무 좋았어요,1
마이클,마이클잭슨의 음악을 들으며 옛 추억을 떠올리는 시간이었습니다.,1
마이클,재밌게 봤습니다 마이클 잭슨이란 사람을 다시 보게 됐어요,1
마이클,영화는 계속 되는데 그의 노래가 멈춰있다는게 슬픔,1
마이클,노래만 온전히 좋음,0
마이클,"오늘부터 저랑 우리 딸이 1일 팬 되었습니다. 
1+1
마이클. 보고싶어요.",1
마이클,어린시절에 마이마이로 열심히 듣던 곡들을 다시 접하니 가슴이 뭉클했어요. 역시 마이클:),1
마이클,"볼만해요.,.,.,.,.,",1
마이클,"기분전환겸으로 영화관 오랜만에 혼자갔는데 아주 좋은 시간,탁월한 선택이었습니다!!",1
마이클,"마이클잭슨의 전성기때를 그대로 복원한 듯한 연기와 음악
천재인줄로만 알았던 그의 다른 모습들에 가슴이 아프다",1
마이클,"추억과 새로운 사실도 알고 너무 좋았어요
계속 여운이 남네요",1
마이클,재미있게 잘 봤습니다.,1
마이클,보면서 계속 눈물이…ㅠ,1
마이클,영화보는 내내 눈물을 훔쳤어요 너무 공감되고 천재성을 가진 비운의 주인공....슬픔생을 마감한 천재...,1
마이클,백인성형?하다 간줄알았는데 영화에서도 언급했지만 피부가 하얗게변하는 백반증때문이라네요ㅠ이 지병만 아니었으면 레젼드로 더오래지속할수있었는데 그냥 안타까울뿐ㅠ,1
마이클,극장이 아니라 전설적인 콘서트장에 온 기분입니다! 잭슨 파이브 시절부터 히트곡 메들리가 나올 때마다 온몸에 소름이 돋았네요. 자파 잭슨의 제스처와 춤선은 진짜 마이클 잭슨이 살아 돌아온 듯 완벽!,1
마이클,"기클실클 일까요? 평이한 스토리 전개, 음악으로 지루함을 매꾸는, 실망스럽고 감동도 임팩트도 없는, 악마들 돈벌게 하는 영화라고 생각합니다. 마잭 영상 보는게 감동 58,000 %
다시 한번 그의 명복과 영면을...",0
마이클,"마이클과동시대를살아오면서듣고보고어릴적성장기에힘들고고달퍼던삶화려함뒤에감춰진고통
영화로표현함에는부족하지만감동도있었다
참잘보았다",1
마이클,정말로 재밌습니다. 추천합니다,1
마이클,반쪽짜리 이야기이긴 하지만 큰 화면과 큰 고리로 감상할만함,1
마이클,시간가는줄 모르고 완전 재밌게 관람하였습니다,1
마이클,마이클은 50까지 살았는데 이렇게?,1
마이클,"마이클이 나온다고 하여 많이 기대를 했고, heal the world 를 듣고 싶었다. 이야기는 흥미로웠고 마이클의 사실적인 부분을 다 담아낸 것 같은 느낌은 아니었지만 재미있었다. 노래도 좋았다. 마이클2가 곧 나온다.",1
마이클,"역시 마이클잭슨 지금 들어도 너무 명곡들 
2시간 마이클잭슨의 매력에 빠져보세요",1
마이클,"스크린엑스 리클라이너에서 뿜어져 나오는 사운드로 조카 자파잭슨이 재현한 노래는 상상 이상 이였어요 .. 마이클잭슨의 
전기를 담기에는 조금 부족한 부분이 있는 영화지만 노래와 연기는 최고 였어요",1
마이클,2편도 나올건지? 그게 아니라면 모두들 알 법한 생애 초반의 내용만 일부 나온 것 같다는 생각이 드네요.,1
마이클,2시간 동안 계속되는 마이클의 멋진 공연. 귀도 즐겁고 눈도 즐거웠다,1
마이클,"스크린X 돌비 아트모스 사운드 
그리고 마이클
최고의 조합이다",1
마이클,이분세대가 아니라 음악은 잘몰랐고 유명해서 이름만 알고 있었습니다. 영화를 보니 한 시대를 풍미하고 지금도 황제라 불리우는 사람은 이런사람이었구나 영화를 만들어주신 보헤미안랩소디제작팀감사합니다.,1
마이클,나쁘진 않았습니다. 근데 뭔가 스토리가 가다가 멈춘 느낌?,1
마이클,역시나 지금까지 최고의 팝가수의 이야기이니까 음악이 풍성하네요. 옛추억과전율을 회상시키는 음악의 힘! 2부가 예고되었으니 2편에서는 인간적인 고뇌 잘못 죽음에 대한 이야기도 진솔히 보여주기를,1
마이클,잘봤어요. 재밌게 봤습니다.,1
마이클,팝의 황제라고 불리지만 결국 일상을 원했던 한 소년의 이야기,1
마이클,자파 잭슨 연기가 좋았더,1
마이클,마이클잭슨 노래를 듣는 것만으로도 즐거움,1
마이클,"내 생애 두번이상 본 영화는 마이클이 처음!!
안보면 후회함!!
후속편 꼭 나오길 기대합니다!!
 나의 마이클!.....앞으로도 이런가수는 없을듯!!",1
마이클,마이클 춤.노래 마지막에 생전의 모습을 보여주었으면..아쉬네요..잘봤습니다..,1
마이클,쾌감이 느껴지는 사운드,1
마이클,옛날 노래 오랜만에 다시 들을수 있어서 좋았어요 재미있게 잘봤어요,1
마이클,재미있어요101010,1
마이클,주연배우의 연기가 좋네요 비슷슷,1
마이클,"재미있게
잘 봤습니다.",1
마이클,잭슨에 춤과노래를 다시들을수 있어섳과거를 추억할수 있어서 좋았 습니다,1
마이클,너무재미있게봤습니다구웃,1
마이클,다음에 또 기회있으면 좋겠네요~,1
마이클,잘 봤습니다~!~!~!~!,1
마이클,"넘 감동적이고 잼나게 봤지만..
뭔가 2탄이 나올것 같은 분위기로 끝나니
마무리가 쪼메 아쉬웠네요..",1
마이클,",젊은 시절 서울역압 다방의 대형스크린으로
마이클잭슨 뮤직비디오를 봤던 기억이 
1985년 쯤으로
왕사남보다 더 좋았습니다",1
마이클,감동 어려서 마이클잭슨을 너무나 좋아했던 팬으로 결말이 아쉽지만 그래도 최고의 영화,1
마이클,재밌게 잘 보았습니다!,1
마이클,"너무 재미있게 봤어요.
마이클잭슨 잘 몰랐는데 천재 맞네요.
어디선가 들었던 익숙한 노래들이 마이클 노래였어요. 감동적이고 아주 좋았어요",1
마이클,"역시 마이클이네요
더이상 볼 수 없다는게 아쉽지만, 최고의 영화였습니다",1
마이클,아쉬운점도 있지만 마이클 팬으로써 넘 행복했어요,1
마이클,팝의황제 마이클잭슨의 삶을 영화를 통해 간접체험을 했습니다. 이제는 볼수없다는게 안타깝습니다. 그의 노래는 영원할겁니다.,1
마이클,가장 빛나는 순간으로 기억되길 바랐던 감독의 의도일까… 아름다운 노래와 현란한 춤사위만으로도 즐거웠던 영화,1
마이클,연기 음악이 좋았고 그 공연장에 가있는거 같았다 스토리는 좀 아쉽,1
마이클,노래 퍼포 미쳤다 ㅠ,1
마이클,"오늘로 두번째관람
아 마이클
우린 MJ남매
영화 끝내줬어요
극장에서 콘서트 보여줬음 좋겠어요",1
마이클,"손가락을 가만히 둘수없는영화~
2편을 기다리며...",1
마이클,"부모와 자식의 갈등 이해되며, 비상하고
천재성을띤 마이클 역쉬 대단하다.
인정하고 보증받을수 있는인물. 
뭉클하고 감동깊고 즐겁고 행복했어요.
자파잭슨 넘 잘 어울리고 멋있다.
또 보고싶은영화다",1
마이클,최고의 마이클 영화여싿,1
마이클,마이클의 좋은장면만 보여준,1
마이클,"마이클의 인생을 잘몰랐던 90년생의 입장에선 듣고 보기 좋은 영화.

엔딩 크레딧 끝까지 음악에 심취해 자리를 지키게 만든 영화",1
마이클,추억을 회상할수있는 영화,1
마이클,마이클이 마이크를 잡는 순간만 기다리게 되는.,1
마이클,잘 몰랐던 마이클의 불우했던 어린시절과 노래와 춤이 타고난 천재였던 그의 인생의 끝을 알고 보니 내내 마음 아팠던 영화.,1
마이클,마이클잭슨을 아낀 팬으로서 너무 설레며 달려갔어요 배우를 보고는 볼수록 닮았다 아니 마이클 자체인걸 보고는 더 그립고 짠했던거같아요 2편 기대하고 기다릴겁니다,1
마이클,너무 재미있게 봤어요,1
마이클,헐리우드의 환타지... 라는 말이 이해가 되네요....,1
마이클,마이클잭슨을 다시 본 것 같은 감동에 마음이 벅차다. 전설은 영원하다~!!!,1
마이클,"황제여, 영원하라!",1
마이클,마이클잭슨에 대해 잘 몰랐는데 너무 너무 착한사람인데 안타깝네요,1
마이클,마이클을 보면서 자라난 세대로서...눈물이,1
마이클,"앉아서 감상만 하기엔 고문이었다. 
순간순간 소름돋아서 뛰쳐나가 춤추고 싶었던...",1
마이클,GOAT는 아무한테나 하는 말이 아니구나 싶다.,1
마이클,진짜 제가 지금까지 본 영화중에 가장 인상깊었던것 같습니다. 후속작이 나왔으면 하는 생각이 드네요ㅎ,1
마이클,아쉬운부분이 많긴한데 재미는 있었음,1
마이클,"영화를 보기전 다행이도 아이와 같이 벌거벗은세계사를 봤어요
그래서 이해가 더 잘되었고 슬펐어요
1편은 마이클이 온갖 루머와 공격으로 힘들어하는 장면이 안나와서 다행이다.",1
마이클,어릴때 너무나도 좋아했던 그래서 너무나 기대헸던. 그런데 2부작으로 만들려고 해서인지 너무 느슨하고 보헤미안랩소디 처럼 박진감이 부족한 듯. 존경하고 사랑하는 나의 우상이 아니었다면 과연... 아쉽다,1
마이클,재밌게 봤으나 스토리적인면에서는 좀 아쉽네요 후속작을 기대해볼게요,1
마이클,마이클잭슨의 일대기인줄 알았으나 스토리는 조금 부족하네요. 그래도 음악이랑 연출 때문에 감동적인 영화!,1
마이클,"언제나 가슴이 뛰고,행복하고,,,,고마워요",1
마이클,나름 재미있었어요! 시간과 돈이 아깝진 않은 영화인 것 같아요. 영화관에서 볼만 합니다!,1
마이클,노래 듣고 무대 보는 맛으로 잘 봤습니다 스토리적인 면으로는...잘 모르겠네요,1
마이클,마이클 잭슨의 음악을 다시 들을수 있어서 정말 좋았습니다. 영화 잘 봤습니다. 너무너무 잘 만들었네요!,1
마이클,좋은 음악 영화였으나 일대기라고 하기엔 다소 무리가 있지 않을까 싶다. 그래도 후속작 제작이 시작됐으니 2편에서는 조금 더 나은 스토리를 들고 올 수 있지 않을까-하고 일말의 기대를 한다.,1
마이클,"너무 어릴때라 그의 스타성을 미처 다 몰랐던것 같다
천재 한명이 얼마나 큰 감동을 주는지, 멋있다는 말로는 부족하다
그리고 그에게 상처만 주었던 아버지나 주변인들이 너무 원망스럽다",1
마이클,거의 치트키 수준이라 안볼 수 없었고 다만 그 치트키를 완벽하게 사용하기는 어려웠나봄,1
마이클,너무 재밌게 잘받습니다 2편 기대 됩니다,1
마이클,전체적으로 알순 없지만 마이클잭슨의 천재성에 대해선 충분히 알수있던 영화였던것 같다. 너무 아까운 사람이 빨리 떠났구나 싶고 그의 노래를 다시 들을수있어서 좋았다. 중간에 끊은 느낌이 아쉬움,1
마이클,엄청난 인물의 영화로 만들기에는 내용이 부족하고 뭔가 아쉬운게 많았던 영화 같아요,1
마이클,팝의 황제란 수식어가 전~현 아깝지 않은 아티스트. AFKN에서 송출된 Thriller 첨 본 쇼킹국딩? 커서 열심히 일해 내한공연을 보러갔고 진정한 스타를 봤고 그를 회상하며 Human Nature 따라부르고 나올수있어 다행이다.,1
마이클,애초에 마잭형과 같을거란 예상은 안했습니다. 그럴수도 없고요 이정도면 훌륭합니다…,1
마이클,마이클의 화려했던 모습의 이면을 많이 보여준 영화 최대한 자극적인것들을 빼고 그의 제일 화려했던 순간을 담아낸것같다,1
마이클,2편 기대합니다. 얼른 제작하세요!,1
마이클,실존 인물들의 요청과 법적 문제로 편집된 부분이 많아 스토리에 아쉬운 면이 있지만 마이클 잭슨을 그리워하는 관객으로서 선물같은 영화!,1
마이클,마이클 잭슨의 노래와 댄스를 보는 것 만으로도 이 영화의 매력은 충분~ 한켠으로는 속상하고 미안하고..지켜주지못해서.,1
마이클,전기 영화로는 많이 아쉽지만 극장에서 MJ 노래 듣는 게 어딥니까,1
마이클,금세기 최고의 천재뮤지션을 추억하고 감동을 느낄수있게 모사에 공들인 고마운 영화.,1
마이클,시즌2가 기다려집니다,1
마이클,배우님 연기 정말 좋아요 재밌게 잘 봤습니다,1
마이클,"마이클 잭슨!!
타이틀만으로 충분한 가치가 있습니다.",1
마이클,멋진 음악과 연기 최고 입니다.,1
마이클,N차 관람각!!!!,1
마이클,마무리가 아쉽지만 재밌게 봤어요,1
마이클,유년에서 독립하는 이야기까지만 나온게 아쉬워요,1
마이클,"오랫만의 너무 좋은 영화를 봤고 마이클잭슨의 모든 음악을 다시금 듣고 싶을만큼 멋찐 추억여행으로 찐한 카타르시스를 느낄수 있었던 영화였어요
또 보고싶을만큼 여운이 남는 영화~~",1
마이클,2시간으로는 그의 일대기가 설명이 안되지요.. 미화되거나 왜곡된 정보도 많아서 아쉽지만 마이클잭슨의 여러 음악을 극장에서 즐길수 있는 것 만큼은 매우 즐거웠습니다. 문워커를 재개봉 해주길! MJ FOREVER!,1
마이클,두번째 관람했어요^^ 저는 너무 재밌었어요. 배우연기가 정말 좋았고 마이클잭슨이 환생한듯해서 몰입감있게 봤습니다.,1
마이클,중반부터 볼만했어요,1
마이클,눈이랑 귀가 참 즐거웠어요 명작입니다,1
마이클,마이클!!!!마이클!!!!,1
마이클,마이클 진짜가 그리움,1
마이클,기대를 너무해서 아쉬웠으나 노래만 들어도 만족,1
마이클,"역시 팝의 황제다. 시간 가는줄 모르게 흥겹게 봤다.
끝이 조금 애매한 상황",1
마이클,"그에대해 다시 생각하게 되는 영화였네요
몰랏던 대단한 천사같은 가수였네요
노래가 너무 좋았어요",1
마이클,마이클잭슨을 온전히 담기엔 너무 부족하다,1
마이클,팝의 전설이 내 마음속에 다시 부활하다.,1
마이클,너무 일찍 가버린 천재가수 ㅜ 그의 명곡들을 보고 들을수 있어서 너무 좋았습니다!!!,1
마이클,"마이클의 어린시절과 잭슨파이브때의 음악과 스토리가 큰 부분을 차지하여 영화마지막이 조금 아쉬웠어요.
음악은 너무 좋았습니다.",1
마이클,마이클의 공연을 영화관에서 보니 더 좋았어요. 인간 마이클에 대한 이야기도 알게되고 노래도 듣고 재밌게 잘 봤어요. 빨리 2편도 나와서 보고 싶어요.,1
마이클,생각한것 보다 별로인것 같습니다! 마이클 잭슨의 곡이 너무 좋은게 많은데 연출이나 여러가지면이 미흡한것 같습니다! 그리고 마이클역을 조카가 했다던데 살을 좀더 뺐었으면 좋았을것을 2편은 안보는걸로..,0
마이클,"옛날감동이 새롯새롯하네요

정환",1
마이클,비싼 공연 여러번 본 느낌,1
마이클,으음 정작 중요한건없네용,0
마이클,후속작이 궁금해지는 영화,1
마이클,"안타까운 천재.
그의 무대가 그립다~~",1
마이클,공연을 보는것만으로도 볼만한 가치가 있다,1
마이클,"영원한 슈퍼스타, 마이클! 
그의 음악과 이야기를 큰 스크린으로 만난다는 것만으로 충분이 가치있는!",1
마이클,마이클 잭슨의 히트곡을 다시 듣고 싶다면 보시고 마이클 잭슨 히스토리가 궁금하다면 추천하기 어려움,0
마이클,스타 마이클잭슨이 아닌 인간 마이클의 모습을 보게된 영화,1
마이클,정말 시강 가는줄 모르고 봤어요. 정말 위대한 아티스트를 재평가하고 잘 알 수 있는 영화였어요.,1
마이클,"대학 다닐 때 생각으로 뭉클해지고 넘 다시 보고싶은 얼굴.
정말 재미있었어요.",1
마이클,콘서트실황을 보는거같네요,1
마이클,"멋진 콘서트를 보고나온 기분이예요^^♡~~노래 하나하나가 전부 아는노래라 더 좋았고,같이 가신 엄마는 그시절이 기억나시는지..노래를 따라 부르시며 즐겁게 보시다가도 눈물을 흘리시고..넘 잼있었어요!!!",1
마이클,영화관에서 필히 관람해야됩니다,1
마이클,사람들 말대로 엔딩이 아쉬웠지만 진짜 마잭같은 연기에 감동했어요ㅠ 너무너무좋았습니다 특전도 개간지나용,1
마이클,"예체능은 천부적인 소질을 타고나야된다는
진리를 확인하며 즐감했어요~",1
마이클,"너무 일찍 가버린 영윈한 황제....
영원히 사랑해요 마이클!",1
마이클,"1.마이클 역대 전성기 영화로 잘 표현
2.가족 과의 모습도 영화에 잘 담김
3.마이클 역사는 지금 오래 남아있다
4.이제 KPOP이 마이클을 벤치마킹
5.장면 마다 나오는 역대 마이클 노래
6.겁나게 재미있음, 완전 강추",1
마이클,귀르가즘을 느끼고 싶다면,1
마이클,좋았습니다! 음악이좋았어요!!,1
마이클,마이클잭슨의 성장 스토리를 볼수있었어요,1
마이클,전율이 여러번 돋는 영화,1
마이클,시간이 흘러도 음악은 영원하다,1
마이클,"음악과 함께 추억여행~
다시 듣게 되는 마이클잭슨 음악들",1
마이클,"오래전 나의 마이클
그를 만났다.
단지, 마지막에 실제 마이클잭슨을 좀 보여줬으면 하는 아쉬움이_
많이 외로웠겠단 생각",1
마이클,마이클 잭슨의 생애를 모른다면 별 감동도 없고 흘러가기만하는 스토리. 음악도 대표곡 세네곡 정도밖에 모르는 사람이라면 비추천,0
마이클,그리운 마이클잭슨.. 노래와 춤과 무대 연출은 잘 재현했으나 인간으로서 고독하고 외로웠던 시간들은 반의 반도 표현되지 못했다.,1
마이클,재밌게 잘 봤어요~~,1
마이클,"비운의 아티스트 마이클 잭슨의 영화라 기대했지만
반쪽자리 영화인 것은 아쉽네요.
영화보고 MJ 라이브 다시보니 넘사벽 그 자체!
고인이라는 사실이 안타깝습니다.",1
마이클,"영화관 나오는데 마음이 찡 했네요
싱크로율 완벽했고 공연에 관객으로 완전
몰입되서 봤어요",1
마이클,"마이클
나의 어린 시절 추억의 한 페이지
나의 첫 구매 앨범.
가난 고난 그 위에 늘 자리잡았던 사랑.
그를 아는 시절에 자란 내가 참 다행이다",1
마이클,"나름 마이클 잭슨의 일대기를 보게되어 감회가 새롭고
추억에 빠질 수 있었네요.",1
마이클,재밌고 좋았어여 노래도 최고,1
마이클,잘모르던 마이클 잭슨이었는데 강한사람이었네요,1
마이클,진짜 마이클잭슨이 부활한듯~~~마이클은 정말 선한사람이네요~,1
마이클,마이클잭슨 노래를 들어봐야겠다,1
마이클,스크린 X로 다시 관람 하고 싶어요!!,1
마이클,어디에도 마이클은 없는 마이클 잭슨 영화.,0
마이클,너무너무재미있네요.,1
마이클,"2 언제 나오나요!!
영화가 끝나지 않았으면 좋겠다고 생각했다",1
마이클,이 영화를 보기전 잭슨5 일대기에 대해서 유튜브통해 아시고 보면 영화보는데 많은 도움 되실듯,1
마이클,마이클잭슨의 어린시절과 성장기를 음악과함께 보게되서 좋았어요 2편이 기대됩니다,1
마이클,마이클 잭슨이 전부였던 80-90년대을 다시 돌아볼 수 있어 좋았습니다,1
마이클,마이클잭슨의 노래와 춤..너무 좋았어요.,1
마이클,Yzdf Iginla. Gi gohvlhlhlhlbhphpbph,1
마이클,마이클 잭슨의 음악과 춤만 봐도 100점짜리 영화인데..배우들의 연기와 가족들간의 서사구조 등 너무 재미있게 봤습니다.,1
마이클,스토리의 아쉬움.. 하지만 마이클젝슨 음악을 큰 화면에서 다시 볼 수 있는것 만으로도 가치가 충분하다.,1
마이클,새로운 사실을 알게 되었습니다,1
마이클,마이클잭슨 WOW ! 팝의제왕역사의 시작~,1
마이클,"마이클 의 일대기와 잭슨스의 마지막 여정 
그리고 사이사이의 스토라까지 좋았습니다 

보헤미안랩소디 의 무대감만큼은 안 느껴져서 조금은 아쉬웠습니다",1
마이클,"마이클이 다시 돌아온줄 어릴때 기억에 똑같은 마이클이
2편이 기대되네요",1
마이클,무조건 무조건 봐야함.,1
마이클,Beat it 백댄서분들 고증까지 완벽👍,1
마이클,후속편을 염두하고 만들어서 그런지 개운하지 않네요,0
마이클,"명곡파티 속 스트레스 받는 내용.
하지만 짧게 나오는 공연 모습을 또 보러 가고싶다.",1
마이클,"마이클잭슨 입덕했어요
왜 세계적으로 탑 아티스트로 평가받는지 알게됌",1
마이클,재미있게 잘봤어요 좋아요,1
마이클,"흑인 아티스트라고 당당하게 말한부분이 참 안상적이었어요.~한 인간의 인간애를 보는듯합니다.
감사했어요.~~영화로 보게되어서",1
마이클,마이클잭슨 노래 너무 좋아요 ㅠ 뒷얘기가 궁금..,1
마이클,"빨리 끝난거 같아 아쉬웠음ㅜㅜ
잘봤습니당",1
마이클,콘서트 보는 느낌이었어요 흥미진진!,1
마이클,인생 최고의 전기영화..,1
마이클,"사실 별내용은 없다. 잭슨의 일대기.
그러나 사운드 영상미 카메라워크 배우의 춤연기가 매우 뛰어나서 보는 내내 가만히 있기가 힘들정도였다. 강력추천",1
마이클,"마이클 그야말로 전세계적인 아티스트로 독보적인 존재이다.
영화를 보는 내내 조금이라도 진짜 마이클이 공연했던 모습을
보여 주었더라면 더 좋았을텐데 하는 아쉬움이 남았다.",1
마이클,인간 마이클의 고뇌를 담은 영화,1
마이클,마이클 잭슨 팝의 황제 괜히 나온 말이 아니다,1
마이클,영화를 보고나서 영화에 대해 알아봤는데 죽은후에도 이용만 당하는 마이클잭슨이네요... 이걸 영화보기전에 알았다면 안봤을 것 같아요... 자넷잭슨이 영화에서 본인을 언급하지말아달라고했다는게 이해되네요,0
마이클,"스토리 빼고
콘서트 즐기듯 보면
어느새 공연에 흠뻑 빠진다

나의 음악 영웅의 그림자는 비추지 않는다
그냥 빛나는 별만 보여줄 뿐",1
마이클,그를 담아낸 그릇의 크기는 적정했을까,1
마이클,역시 명불허전 갓 마이클,1
마이클,영화관의 웅장한 스피커와 비트있는 음악이 2시간을 온전히 지켜줍니다.벌써 2편이 기대 됩니다.,1
마이클,"전설의 시작, 음악은 인종과 시대를 초월한다",1
마이클,마이클 잭슨 의 노래들로 꽉 채워진 영화... 보는 내내 즐거웠다.,1
마이클,서사파트는 별로인데 무대파트는 신난다.,1
마이클,마이클잭슨의 이야기를 이렇게 밋밋하게 할 수 있나? 대단하다.,0
마이클,"마이클의 유년기를 보면서 그의 삶이 조금은 안타까워졌다. 아버지는 때가 되면 자녀를 놓아줘야 한다. 욕망과 걱정, 가족이라는 굴레를 다시 생각해보게 된다. 음악이 좋았지만 한편으로는 음악이 아쉬웠다.",1
마이클,그의 인생이 더 궁금해졌다.,1
마이클,"감정포인트를 모두다누른영화는 이영화가처음이다
소름돋앗자나요 그냥인터뷰 걍말하는게 완전마이클잭슨이자나요 근데... 2시간7분이엿는데도 불구하고 시간이멈처버린줄알앗고 근데그렇게끝남안되죠..",1
마이클,그리운 마이클잭슨,1
마이클,마이클 잭슨의 노래가 많이 나와서 귀도 즐거운 영화였어요!! 그리고 배우의 싱크로율도 좋아서 강추합니다,1
마이클,더욱 더 흥행이 되기를,1
마이클,후속편이 나올거같네요. 공연실황들이 신놔요,1
마이클,조금 화는 나지만 여전히 그의 음악은 좋다,1
마이클,더 스키니스트 잭슨,1
마이클,마이클잭슨이 보고싶네요,1
마이클,"재밌어요.
감동은 있으나 약간 모자른듯 마이클 연기 잘 하네요.",1
마이클,마이클잭슨 직접 공연이 보고싶네요...,1
마이클,그럭저럭 마이클 노래 유튜브로 보는듯,1
마이클,마이클 잭슨 얘기라 엄청 기대했는데 좀 실망했습니다 노래도 많이 안 나오고 마이클 잭슨 얘기를 다루는데 상영시간도 좀 짧은 듯 합니다~,1
마이클,추천합니다유추천해요,1
마이클,음..예고편 아무것도 안보고 갔는데 영화가 이렇게 끝날줄은 몰랐어요 주연 목소리랑 춤이 얼핏 비슷해 보여서 놀람 누가 주연을 맡았어도 욕먹을 역할이라 차라리 캐스팅이 잘된거같기도하네요,1
마이클,재밌게 잘 봤습니다,1
마이클,싱크로율이 엄청나네요. 가슴 뭉클한 영화였습니다.,1
마이클,"정말 재밌고 음악이 너무 좋고 정말 재밌게 봤어요.
제 평점은요!
9.5점 입니다.",1
마이클,화려한 스타의삶 뒷편의 이야기 마이클 잭슨이환생한줄 주인공이 너무 닮았어요,1
마이클,"정말 재미있게 잘보고 왔습니다.
사운드도 넘치고 재미있어요.",1
마이클,"아버지로부터의 독립과 자유를 향해 점점 성장하며
나아가는 모습이 감동이였다
왜그리 네버랜드에 집착했는지 이해도 되고...
무엇보다 음악이 참 좋아요~~~^^",1
마이클,마이클 잭슨의 몰랐던 어린시절을 알게되었네요,1
마이클,열정적인 댄스와 노래는 콘서트현장 느낌으로 에너지가 팍팍,1
마이클,"마이클잭슨의 곡들로 듣는 요소는 아주 좋았으나 일대기를 담기에는 부족한 느낌..엔딩에서 어? 하고 끝났네 조금 허무
1부 끝 후속편이 있나? 듣는귀는 호강 했습니다",1
마이클,좋은 영화는 관객을 즐겁게 해주는 영화이다,1
마이클,상영시간 내내 노래가 계속 나온다. 즐겁다.,1
마이클,볼만함 근데 보랩보다는... 보랩은 2번 봤음 이건 또 굳이... 이런 느낌,1
마이클,"뭔가 스토리상 아쉽고 부족한 느낌이 들었는데 후속편이 있나보네요~
후속편도 봐야지 약간의 부족한 느낌이 안 들 것 같습니다 ㅎㅎ

목소리 말투 마이클 잭슨 싱크로율이 매우 높아서 깜짝 놀랐네요 ㅎㅎ",1
마이클,"기대안하고 봤는데 시간 가는줄 몰랐어요
집에와서 마이클잭슨 노래 무한반복중입니다
초6여자아이도 재미있었대요",1
마이클,항상 마이클잭슨은 천재라고 생각해왔고 ㅇ죽음이 안타까웠는데 마치 그를 보는듯한 영상에 푹 빠져서 시간을 보냈다,1
마이클,재미있게 잘봤습니다~~~너무나 선하고 순수한 사람이었네요~~영화 보는 내내 맘이 아팠네요~,1
마이클,첫 도입부부터 보헤미안랩소디 제작진이 만들었구나 바로 와닿을 오프닝이었고 너무 좋았습니다. 단지 갑자기 엔딩으로 치닿는 느낌이라 ‘이걸 여기서 끊는다고??‘ 싶었어요,1
마이클,음악이 다 했음,1
마이클,화려함 뒤에 감춰진 진실과 마주하다,1
마이클,마지막 마이클무대는 최고였어요,1
마이클,제작 뒷얘기를 보고 봐야하는 영화. 배우 연기와 연출은 볼 만했어요,1
마이클,팝의 전설이자 내가 외국가수를 유일하고 좋아했던 가수~ 마이클잭슨~~ 너무 재밌었다^^ 2편도 나왔으면 좋겠다^^,1
마이클,왜 전설이라고 하는지 이해 완,1
마이클,끝에 가서야 고작 이것때문에? 싶음,1
마이클,너무 재미있게 봤습니다!,1
마이클,"마이클 잭슨 유명한곡 많은데~
다 안 나와서 아쉬웠어요.
다음편에 나올듯^^
스크린엑스로 봐서 그런지 콘서트장 온것 같아서 그건 좋았어요~",1
마이클,재밌어요ㅡㅢㅣㅡㅢㅣ,1
마이클,나름 그럭저럭 볼만 했습니다,1
마이클,마이클잭슨에 역사를 본것 같아 좋았습니다,1
마이클,"마이클 잭슨 싱크로율이 100%!!
마이클 잭슨의 노래를 추억할 수 있어서 너무 좋았네요~",1
마이클,"순수하고 선한 사람인 것을 그때는 몰랐었던 것이
아쉽고 그립다. 언제 들어도 우리 마음을 흔드는
매력~~스크린을 압도하는 웅장함 2시간이 
이렇게 짧게 느껴졌던 영화는 처음인 듯~~👍😄",1
마이클,"전기 영화로 나왔지만, 스토리 진행이 너무 아쉽다.",0
마이클,조금 더 보여주지...보다 만 느낌. 마이클잭슨 노래 전곡듣기해야지!,1
마이클,보헤미안랩소디를 보고 재밌어서 마이클도 기대했는데 기대가 컸나봅니다. 조금 실망스럽다.,1
마이클,좋음 good....,1
마이클,음악 듣는 거 외에는 굳이 좀...,0
마이클,"마이클의 전생애를 다루지 않았지만
2부를 예고하고 끝나니 기대해봐야지.
보는 내내 미인박명이라는 사자성어가
머리를 떠나지 않았다.",1
마이클,간만에 나온 전기 영화중 가장 길게 많이 그 노래들을 감상할 수 있는 감동적인 영화! 꼭 영화관에서 봐야함,1
마이클,스크린으로 노래들으니 좋네요,1
마이클,보헤미안 랩소디 보면서 마이클 잭슨 영화도 만들어주면 좋겠다고 생각했는데 이렇게 만들거면 안 만드는게 나았을 것 같다ㅜ 결말도 중간에 뚝 끊긴거 같고 내용도 그냥 숏필름+공연 실황 연속... 너무 아쉽다ㅠ,1
마이클,서사를 잘 모르는 입장에서 흥겹고 몰입감 있었습니다.,1
마이클,잘 봤습니다~!~!~!~!~,1
마이클,"명곡들의 향연~ 절로 리듬 타게 만들어 주는 음악들이에요
몰입감 있는 스토리로 여운을 남겨 주어 좋았습니다!",1
마이클,한참 재밌는 부분에서 끝나서 아쉬웠어요. 2탄이 또 나오겠죠? 저는 2시간 몰입하며 재밌게 봤어요~~,1
마이클,배우가 진짜 마이클잭슨이랑 똑같애요~~,1
마이클,마이클 잭슨 BAD 무대 하나만으로도 충분히 볼 가치가 있는 영화. Who is bad? 마이클잭슨 당신이 최고입니다,1
마이클,좋아요 공연장면이 더많으면 좋겠어요,1
마이클,스엑 앞열이 마지막 bad 직관 느낌 나네요ㅋㅋ잘봤음다,1
마이클,좋아요 좋아요 좋아요~,1
마이클,마이클 잭슨이라는 사람이 얼마나 대단한지 알게 됨,1
마이클,잘봤습ㄴ디ㅏ 잘봤습니다,1
마이클,"너무너무 좋았어요.
여운이 남아요.
마이클 잭슨 보고 싶어요.",1
마이클,초등학교 육학년 아이와 함께 즐겁게 보고 왔습니다. 후속편도 기대 됩니다. 끝.,1
마이클,잭슨이 보고 싶어지는 영화!!,1
마이클,"강추입니다 
주위에 소개해줘도 짱",1
마이클,"콘서트 보는듯한..
내용적으로는 아쉽지만..
음악만큼은..",1
마이클,"마이클 조아요
재미있게 봤어요",1
마이클,와우~ 또~ 보고싶은영화 와우 감동 굿 굿,1
마이클,"보는내내 감동,, 근데 반토막만 본거 같아요,, 뒷이야기가 또 제작된다니 기다려집니다",1
마이클,엄마랑 봤는데 너무 좋았어요,1
마이클,타고난 천재슈퍼스타이자 아티스트 그리고 천사인 마이클잭슨을 그리워하며 봅니다,1
마이클,"기대하고 봤었는데,정말 너무 멋있어요~
점점 몰입하게 되고 영화가 이렇게 빨리 끝날줄이야!
뒤로 갈수록 자파잭슨 너무 마이클잭슨과 닮아서
몰입됐어요~ 마이클2 기다리겠습니다!
영화관에서 봐야할 영화~♡",1
마이클,몰랐던 과거 마음아프고 순수한 열정이 참 좋네요,1
마이클,최고의영화네요 감동입니다,1
마이클,"오랜만에 상영관 내 불이 켜진 후에 나왔습니다. 
N차 관람하려고 합니다.",1
마이클,노래들이 너무 좋아요,1
마이클,"상황에 맞는 실제 노래가사들과 매칭되는 몰입감이 감동이고 마잭은 정말 천재 그이상으로 
음악과 춤으로 공감하게 되는 멋진 음악인 이었습니다.

마이클2 제작 되길... 스토리는 넘 슬프겠지만요",1
마이클,마이클잭슨 실화영화입니다,1
마이클,마이클의 진정한 면모를 확인하는 즐거운 시간이었네요 연기 몰입도 아주 좋고요,1
마이클,마이클마이클마이클굿,1
마이클,그래 1편으로는 다 담을 수 없지 뚫고 나올 수 밖에 없는 재능이란 엄청나구나,1
마이클,2부 나온다함 언제라도료,1
마이클,그저 경이로웠다...,1
마이클,"줄거리도 개인적으로는 not bad 였고요
중간중간에 마이클의 히트곡의 하이라이트가 스트레스 날리고 시원 하니 좋았습니다 댄스곡 처음 보는데 굳",1
마이클,음악이 좋았어요....,1
마이클,"어린 마이클 연기 너무 잘 하네요.
마이클 잭슨의 천재성, 외로움과 고독이 진짜 느껴지는 영화였어요.
재미있어요.",1
마이클,완벽한 영상(결말은 아쉽네요…) 완벽한 스토리 완벽한 연출 완벽한 배우입니다 아이럽 마이클!!!💕💕💕,1
마이클,아이를 간직한 어른*천재,1
마이클,히트곡 메들리. 근데 이거 끝인가요?!?ㅎ,1
마이클,기대안하고 봤는데 잘 봤습니다.!,1
마이클,재미있게잘보고왔습니다,1
마이클,영화가 길고 만듦새는 아쉽지만 마이클 잭슨 히트곡들은 좋았다,1
마이클,기대안하고 봤는데 잘 봤습니다.!,1
마이클,"전설의 스타인 마이클 잭슨의 노래도 듣고
그 음악이 어떻게 만들어졌는지 알게 되어 더욱 가슴에 와 닿았다. 스타의 모습 뒤에 사랑하는 가족으로 인한 어려움이 있었다는 것에 뭉클했다.",1
마이클,노래는 좋아요 노래는 ㅎㅎ,1
마이클,"그냥 마이클이란 이유로. 
음악만 듣고 싶다. ㅎㅎ",1
마이클,"2부도 나오나봐요.
2부가 더 기대되네요",1
마이클,"역시 대단한 뮤지션입니다~
재밌게 잘봤어요",1
마이클,마이클 잭슨은 잘 모르지만 재밌었습니다.,1
마이클,한사람의 삶을 한줄로서 평하기는 어렵지만 자신의 삶을 개척하는것이 많은 여운을 남기는것 같다.,1
마이클,반쪽자리 전기영화 ㅠㅠ,0
마이클,콘서트장에 온 기분이었음 ㅇㅇ,1
마이클,오랜만에 귀가 호강 눈이 호강했네요,1
마이클,근 몇년 간 본 영화중 최곱니다. 콘서트장에 있는 느낌이며 노래가 생생합니다. 영화관에서 직접 가서 보게요 최고입니다 👍,1
마이클,즐거리랄 것이 없는 영화 그런데 마이클 잭슨의 노래 때문에 즐겁게 봤어요~,1
마이클,"생각보다 별로긴 했지만
사골가지고 싱거운 국??",1
마이클,배우연기가 멋지고 아버지와의 갈등 시사점이 많아 보였습니다,1
마이클,마이클잭슨 조카가 삼촌을 완벽하게 연기했네... 목소리 체형 움직임까지.... OST는 다 히트곡이라 버릴 게 하나도 없음...,1
마이클,"마이클잭슨이 대단한건 알았는데 이정도일줄야..
보는내내 너무 짱이엇고 이 무대를 실제로 보지 못하는게
아쉬웠다.. 강추영화..",1
마이클,"살짝 처음엔 지루한면도 있었지만 넘 감동적이고 음악적천채 좋았어요
제가 아는 노래가 좀 더 많이. 나오면 더좋았겠네요",1
마이클,"기대가 많았나 ㅠㅠㅠ
너무 밍밍한",0
마이클,마이클 CGV 용산아이파크,1
마이클,역시 감동. 그자체네요 너무 재미 있게봤어요,1
마이클,개신나요 2는 마이클위주내용이길,1
마이클,너무 잼있게봤어요 마이클의 긍정적인부분이 대다수여서 헌정영화같았어요 그래서 더 그리운마이클ㅠ,1
마이클,"한 아티스트의 저력이 어디까지인지
콘서트 한편 감상잘했어요",1
마이클,진짜~ 마이클은 재능이 뛰어난 사람!!,1
마이클,‘마이클 잭슨’이란 제목의 뮤직비디오를 푹 빠져 본 기분이다,1
마이클,"스토리도 좋았고, 콘서트 보는거 같았습니다
몸이 절로 흥이 나는데 조용한 영화관에서 절제하기란 쉽지 않네요..
너무 몰입해서 보다가 슬픈영화도 아닌데 끝나고 나니 눈물도 나고ᆢ한번 더 보고싶어지네요",1
마이클,재밌어요 마이클을 조금더 알게되었네요 후편나오겠죠?,1
마이클,"마이클 잭슨의 환생을 보는 듯한 이야기, 그가 왜 아이들을 좋아하고 네버랜드를 꿈꾸었는지, 어린날의 마이클에게 진심의 위로를 보낼 수 밖에 없다.",1
마이클,음악 외의 부분을 볼 수 있어 좋았어요,1
마이클,"전설이 된 황제, 그 위대한 시작",1
마이클,마이클 잭슨의 노래를 듣는 것만으로도 가치가 있네요,1
마이클,너무 재미있었습니다~~,1
마이클,"마이클잭슨이 그리워졌다..
그는 그의 음악을 통해 영원히 우리곁에 남아있으리라...",1
마이클,역시 레전드!!! 넘 재밌고 다음편 기대됩니다,1
마이클,마이클 잭슨 정말 멋지네요. 아직 다 못 다한 이야기 기다립니,1
마이클,"사랑해요 마이클 잭슨, 영원히 기억할게요",1
마이클,노래도 좋고 재미있어요.,1
마이클,지구 역사상 가장 위대하고 아무도 넘볼수 없는 사람의 이야기,1
마이클,레전드 최고 마이클잭슨을 봐서 행운,1
마이클,"보헤미안 랩소디를 기대했다면 오산입니다.
내용보다는 음악이 적은것 같은 느낌",0
마이클,"You let your light shine onto the world.
너의 빛으로 세상을 밝혀라.",1
마이클,"마이클 잭슨. 살아있는것같아
생전 에 똑같이 모티브로
해서 좋았어요 
뭔가 팝의 황제 라는
수식어 아깝지 않을정도로
좋았고 추천합니다 👍 
잘봤습니다",1
마이클,둠치따치둠치따치둠치따치둠치따치,1
마이클,무대 위 마이클 잭슨만 봐도 가슴이 뛰네요.,1
마이클,음악 들으며 신나게 그리고 재밌게본 영화,1
마이클,노래두 너무 좋았어요.. 마이클의 강압적 아버지만 아니였어두 좀더 행복했을텔데..,1
마이클,설마 거기서 끝나나했지만.. 슈퍼스타는이야기는 아직 끝나지 않았다는거에 소름끼쳤다..,1
마이클,ㅁ ㅏ이클 돌아왔다,1
마이클,"오래된 팬으로서 영화화 된거에 우선 빈갑고
설렘을 한가득 담고 첨부터 끝까지 잘 보았어요",1
마이클,영화가 매우 재미있어서 계속 집중해서 봤다,1
마이클,"보헤미안랩소디처럼 한 편의 이야기로 완결되지 못한 이유는 알지만 그럼에도 불구하고 마이클 잭슨이란 인물의 생을 그려내는데 알맹이가 없다….
자파잭슨이 노력했지만 무대 볼꺼면 디스이즈잇을 보는게…",0
마이클,"그냥 퍼포먼스랑 노래가 넘사이긴함
근데 그게다임",1
마이클,마이클 잭슨의 몰랐던 어린시절 얘기를 알 수 있어서 좋았어요.,1
마이클,영화에 대해 말이 많지만.. 이 영화를 보기 전에 마이클잭슨 이라는 인물에 대해 관심없던 사람으로서... 영화를 보고나서야 마이클이 얼마나 힘든 인생을 살았는지 알게되었어요. 마음이 많이 아프네요,1
마이클,재미있게 관람했습니다,1
마이클,마이클 잭슨이라는 거대한 신화 뒤에 숨겨진 인간의 고독과 천재성을 찬란하고도 가슴 시리게 그려낸 영화,1
마이클,오리지널 춤 노래 따라갈수는없지만 노래참좋네요. 잼있게 잘 봤습니다 그시대 살아서 콘서트본사람들은 얼마나좋았을까 ㅜ,1
마이클,"사운드가 정말 장난 아니네요, 재미있게 봤네요",1
마이클,"마이클 잭슨의 영화가 나온다고 반신반의 했는데,
한 순간도 눈을 땔 수가 없네요.
즐겨듣던 음악과 그의 멋진 삶을...",1
마이클,마이클이니까 추천!,1
마이클,"마이클! 빌리진 부를때 소름이👍👍
좋아요! 다음편 기대됩니다",1
마이클,귀. 눈 모두 호강했다,1
마이클,머랄까.. 너무 잘 된 점만 있달까.. 비극이 없어요.. 보헤미안랩소디가 더 재밌었던 거 같아요~,0
마이클,"보고싶다!
마이클!!!",1
마이클,마이클의 빛나던 순간만 보고 싶다면 추천합니다.,1
마이클,마이클 잭슨이 부활했다니 너무 감동적이었어요,1
마이클,"아주 멋진 콘서트를 보고 나온듯,
배우들, 음악, 그리고 스토리 등등
모두가 좋았습니다~
다시 돌아온 마이클잭슨! 
다음 편이 너무나 기대가됩니다~♡♡♡",1
마이클,서사도 음악도 좋았는데 이거 완결이 아닌가요?,1
마이클,좋아요 아주 좋아요!,1
마이클,너무 좋앗습니다!!!,1
마이클,"스토리 빈곤, 춤과 노래는 볼만",1
마이클,하다말낙다 이탐 나오나,1
마이클,재미나게 잘 봤어요~~!!,1
마이클,"시간 가는줄 모르고 봤네요.
콘서트 장면 더 많이 담아주지 아쉬워요.
배우가 좀 더 스키니 했으면 좋아쓸것 겉아요!",1
마이클,마이클잭슨 콘서트 가고 싶어지는 영화고 스토리 구성이 약간 애매함,1
마이클,마이클 잭슨의 음악과 춤을 볼 수 있어서 좋았어요,1
마이클,"재밋게 봤습니다. 간만에 마이클잭슨 노래들 들으니
좋네요~",1
마이클,시간이 적당히 잘 갔습니다,1
마이클,"처음에는 살짝 지루했는데, 중반이후부터 너무 재밌었음. 마이클이 노래할때는 마치 콘서트를 보는 기분이 듬",1
마이클,⭐️⭐️⭐️⭐️⭐️⭐️⭐️⭐️,1
마이클,매우 즐거웠어요 다만 너무 평이한작품입니다,1
마이클,마이클 안아줘야해 너무 안아주고 싶어 그리워,1
마이클,"중학교 2학년때부터 우상이었던 마이클 ~
그의 삶은 과연 어땠을까?? 처음 시작부터 울컥
마지막까지 그리움과 연민 그리고 뭔지모를 감정이 올라와 흐르는 눈물을 주체할수없었다 너무도 감동적이며 한번더 ...",1
마이클,콘서트장에 온 기분이었어요. 30년전 직관했음 얼마나 멋졌을까 아쉬워요.,1
마이클,이젠 이해할 듯도 하다. 왜 공연을 보다 실신하는지. 음악도 음악이지만 눈이 호강하는 영화.,1
마이클,재미있고 잘 봤습니다!!! 음악이 너무 좋네요~~,1
마이클,30년전 잠실 경기장 콘서트 온 기분이었습니다 소리 좋은 관에서 강추합니다,1
마이클,현장에 와있는것처럼 생생한 느낌의 몰입감,1
마이클,"MJ를 기리며, 옛 추억으로 잠시갈 시간이었네요",1
마이클,저희 엄마가 재밌게 보셨대요,1
마이클,"존의 평론가와 유투브 평론(?)가 
아니 아무것 없이 그저 까내리는 
유투브 감상者들의 혹평에 그런가?
했는데. 충분하게 볼만한 영화입니다.
다만 극자믜 사운드가 조금 아쉬운...",1
마이클,스크린X와 돌비애트모스가 아니라면 보다가 졸 것 같다.,0
마이클,"마이클 마이클 마이클 
잭슨 빼고",1
마이클,"마이클 마이클 마이클 
잭슨 빼고",1
마이클,역시는 역시.. 아이와 같이 보가에도 좋았어요,1
마이클,"80년대 음악을 잘 안듣던 나에게 팝이라는것을 알게해준 마이클 잭슨은 빌리진 그 감동이 다시 밀려왔고
명곡을 다시 스크린에서 들어서 좋았음 .",1
마이클,마이클 잭슨의 음악은 즐겁다,1
마이클,아빠 조셉 역 너무 비호감.,0
마이클,너무 좋았어요. 감동적이고 가슴 뭉클... ㅎㅎ,1
마이클,"마이클잭슨을 좋아한다면 즐겁게 관람을 할수 있을것 같습니다.
아이와 함께 봐도 좋네요",1
마이클,"너무 좋았다 이런 영화를 그동안 기다렸지 보는 시간 내내 감동적이었고
좋았었고 시간 가는 줄 목르고 흠뻑 젖었지

다만 2시간에 담기에는 너무 짧은 영화란게 아쉬웠어....",1
마이클,"눈과 귀가 힐링하는 시간이었습니다ㅎㅎ
음악으로만 들어도 이정도인데 현장에 있던 사람들이 실신하는 느낌을 알것같네요.",1
마이클,"독보적인, 그리고 위대한~",1
마이클,역시전설은전설 인거같아요잘봤습니다,1
마이클,영원한 팝의 황제 마이클,1
마이클,"지금 봐도 마이클잭슨의 노래들은 세련됐어요
보는내내 신났어요",1
마이클,"마이클 잭슨의 음악과 열정을 보며, 진정 위대한 뮤지션임을 더욱 깊이 느끼며 영화를 보는 내내가슴이 두근거렸고,또한 마이클을 연기한 자파 잭슨의 놀라운 노력과 표현력도 정말 대단했다.",1
마이클,"동시대??의 감동과 음악
신나게 즐겁게 봤어요",1
마이클,연출은 일일드라마보다 평이하지만 노래와 퍼포먼스 빨이 다 했다!,1
마이클,"마이클잭슨의 일대기
전혀 몰랐던 내용들이 있어서 그의 제대로 알게된 계기
엔딩이 급작스러웠지만, 앞에 내용이 워낙 탄탄해서
볼만했어요",1
마이클,퀸 이후로 또 한 편의 명작이네요 ... 즐거운 시간 보내고 갑니다.,1
마이클,재미있게 잘 보았습니다,1
마이클,배우가 혈연이라 그런가 진짜 마이클잭슨이랑 외모도 음색도 비슷해서 놀랐네요 거의 정보를 안 찾아보고 간건데 궁금한점이 많네요 다음편 나올 것 같은데 다음편은 너무 슬플듯...,1
마이클,영화라고 하기엔 부족하다,0
마이클,재미있게봤어요ㅡ 콘서트보는 느낌,1
마이클,영화의 짜임새가 좋았기 보다는 무대를 최대한 비슷하게 재현하려고 노력한게 보였고 실제로 일부 비슷했음. 특히 빌리진 때 엄청 비슷함. 그리고 엔딩 시점에 의문이 많았음. 왜 거기서 끊었지,1
마이클,그의 삶에 대한 이해와 감동,1
마이클,"30년전, 내 한달 용돈 절반으로 산 S석에서 본 그를 다시 만난것 같은 느낌..앞으로도 이런 음성과 창작력을 가진, 대중을 사로 잡는 뮤지션이 나올 수 있을까? 특수관에서 다시 보러 가야겠다.",1
마이클,무대 보는 재미로 봤습니다,1
마이클,"어린 시절이 나오는 부분은 1960년대 배경이라 몰입하지 못했고, 중반 이후부터 조금씩 몰입해서 보면서 익숙한 노래를 다시 들을 수 있어 좋았음. 이미 알고 있는 거 이상의 어떤 부분을 다뤄 주기를 바랬음.",1
마이클,결말이 너무 갑자기 끝난거 빼고 굿,1
마이클,"제가 좋아하는 곡들이 안나와서 아쉬웠어요..

꼬마 마이클 목소리 너무 좋았어요!!",1
마이클,"감동깊게봤어요
잭슨은잭슨이다",1
마이클,마이클 콘서트 보는거 같아 좋네요,1
마이클,뭔가 아쉽지만 음악만으로도 충분함,1
마이클,좋은 영화는 관객을 즐겁게 해주는 영화이다,1
마이클,마이클 잭슨의 삶을 짧은 시간에 모두 담기에는 아쉽다.,1
마이클,마이클잭슨의 사정을 알게되어 맘이 아파요,1
마이클,"잘 봤습니다.
감사합니다.",1
마이클,한순간도 놓칠수없었던...,1
마이클,스토리와 음악이 좋네요.,1
마이클,마이클의 감정과 느낌이 전달되었다,1
마이클,어렸을때 마이클잭슨에 대한 추억이 새록,1
마이클,그냥 그저 그랬어요,1
마이클,"전설인 한 가수의 인생 
재미,감동 즐거움",1
마이클,역시 레전드....,1
마이클,"이야기 서사가 부족하지만 음악에 초점을두면
최고의 쇼를 보는거 같다 음악에만 관심있다면 보는것도
나쁘지않다",1
마이클,팝스타 Goat를 뵙습니다,1
마이클,재밌게 잘 봤어요. 요즘 볼만한 영화네요,1
마이클,너무 재미있게봤습니다,1
마이클,마이클잭슨의 노래와 춤을 다시 만나는 기회,1
마이클,보헤미안랩소디제작팀이 하신다길래 바로 예매해서 봤는데 역시 너무 좋으네요,1
마이클,천재가 황제가 되어가는 과정을 연출한 것 만으로도 영화는 충분하다,1
마이클,2편 나오면 볼게요,1
마이클,너무재미있서요감동영화있네요,1
마이클,마이클잭슨의 명곡을 들을수 있고 즐겁게 보기좋아요,1
마이클,재밌었어재밌었어재밌었어재밌었어재밌었어재밌었어재밌었어재밌었어,1
마이클,감동있게 봤어요 음악이좋아요,1
마이클,Rjfkvnfkfjfjfj,1
마이클,명불허전 마이클잭슨... 보는내내 즐거웠음다,1
마이클,노래 더 내놔 다음편 얼른 내놔,1
마이클,배우 연기가 매우 좋습니다,1
마이클,기대를 많이 해서 그런지 좀 아쉽네요 영화적인 스토리가 좀 부족한거 같습니다 영화로 말하고자 한 부분도 좀 아쉽네요,0
마이클,나름 깔끔하게 잘 만들었네요…,1
마이클,"좋은일도 많이하고간 마이클~~
죽는 과정도 다루었으면 좋았을텐데
마무리가 아쉽네요..,.",1
마이클,마이클 잭슨 노래 너무 좋아요,1
마이클,몰입감이 좋은 영화네요~ 마이클 잭슨의 추억에 빠져 즐겁게 봤습니다.,1
마이클,노래도 너무 좋고 재밌었어요 내가 공연장에 있는 느낌,1
마이클,음악에 몰입하게 되네요,1
마이클,"지나치게 단순한 서사가 아쉽지만, 마지막 BAD 공연 하나만으로 티켓 값이 아깝지 않았다",1
마이클,마이클 잭슨 생애에 대해 알 수 있어 좋았어요!!! 음악도 신나요…,1
마이클,"노래에 대한 몰입감은 굿
하지만 뭔가 마지막은 아쉽...",1
마이클,배우가 날라다니네 또 볼래,1
마이클,CD로 어릴때부터 부모님과 많이 듣고 팬이었는데 이렇게 영화로 다시 들을 수 있어 너무너무 감동이었어요. 부모님도 감동받으셨어요. 더 뒤에 스토리와 노래도 듣고싶었는데 아쉬울 따름입니다.,1
마이클,"영화보는 내내 마이클은 웃고 있었지만 왜 슬퍼보였을까? 
마이클에 대해 알게 될수 있어 호기심이 생겼지만
나의 음악니즈는 100%채워주지 못한 영화",1
마이클,엄마와 같이 즐길 수 있던 영화였습니다,1
마이클,훌륭한 전기영화이자 음악영화. 전기영화답지 않을 정도로 서사가 흥미로우면서도 완결성 있다.,1
마이클,힛히~~~ 아우우우!!!!,1
마이클,"음악영화처럼 가기엔 공연이 짧고
인간 드라마로 가기엔 감정 묘사가 얕고
전기영화로 보기엔 인생 서사가 너무 압축돼 있고
엔터테인먼트 영화로 보기엔 전개 리듬이 애매하고
엔딩 또한 여운을 주지 못함.",0
마이클,어릴때 본 마이클 잭슨의 모습에 음악에 빠진 추억이 생각나네요. 사운드가 좋았어요.,1
마이클,"마이클잭슨 영혼이 어린아이와 같이 착하다 하지만
때로는 세상을 어른스럽게 봐야할때도 있다",1
마이클,"재밌게 보았습니다
2편 기대할게요",1
마이클,전설을 다시 대면하게 되는 흥분을 맛보면서도 뒤이어 따라오는 텅 빈 허전함의 아쉬움.,1
마이클,생각보다 훨씬 재미나게 보았어요. 한편의 위대한 뮤직스토리를 본듯합니다,1
마이클,눈물날뻔했어요ㅠ 마이클의 인생이 담긴영화 최고!,1
마이클,"아는노래나올때는 확실히 즐겼다
마이클잭슨에 대해서 알수있었는데, 진짜인가?싶은것도 있었다.
볼만은했다",1
마이클,노래가 너무좋앗고 중간부틔몰입감,1
마이클,마이클이라는 이름의 위대함을 느끼게해주는,1
마이클,마이클 잭슨과 너무 닮아서 신기했어요 재밌었습니다,1
마이클,"처음에는 30분은 마음이 찡해서 눈이 촉촉했고, 나머지는 감동으로 보았습니다. 액션 영화를 선호했는데…관람을 추천합니다.",1
마이클,음악이 좋았어요!!!,1
마이클,"마이클배우는 가족들이랑 즐겁지않지 보였어요
그래도 무대를 열심히하니깐 존경합니다.",1
마이클,"간만에 최고의 영화를 보았습니다. 시간가는줄 모르고 옛추억을 생각했습니다. 한국공연시 본 기억도 나고, 마이클젝슨 그립네요. 신이 내린 가수는 맞는거 같습니다.",1
마이클,뮤비보고 나온 느낌 속에서 2편은 슬프고 아플 것 같다는 예감.,1
마이클,너무 재밌게 잘 봤습니다,1
마이클,이 영화 한편으로 나의 스타를 논할수 없다,1
마이클,"마이클 젝슨 오랜만에 만난것같아 좋은 시간이업ㅎ습니다.
다시한번 더 보고싶네요",1
마이클,"빨리 마이클 2부가 나왔으면 좋겠어요~~
너무 재미있게 봤어요",1
마이클,마이클 잭슨 일대기를 다룬 영화치곤 앙꼬없는 찐빵이긴 하지만 연기는 훌륭하고 노래를 듣는것만으로도 좋았습니다.,1
마이클,재미있어요 강츄강츄..,1
마이클,스토리 전개도 별로고 음악 몰입감도 떨어짐,0
마이클,마이클은 영원한 우상이죠.,1
마이클,"음악황제의 귀환,,아이맥스로 상영해주세요",1
마이클,마이클 잭슨의 일대기를 알 수 있게된 계기가 된것 같고 노래는 여전히 좋음,1
마이클,추억 돋게 만드는 싱크로율,1
마이클,"그시대에 머물어 같이 호흡하고 같이 느끼고
매우 감동 받았어요^^
내나름대로 행복한 시간였어요&&",1
마이클,마이클 잭슨 노래를 많이 들을수 있어서 좋았구 노래가 많이 나오다보니 지루한 시간이 많이 없었던거같고 즐거웟어요!,1
마이클,이주좃ㅏㅅ조뵤굿이여ㅛ,1
마이클,"내 젊은 시절에 추억을 같이 보냈던 뮤지션으로써
그의 성장기를 볼수있어서 너무 큰 감동 이었어요
2편 기대해 봅니다.",1
마이클,"마이클 잭슨 조카가 닮은 얼굴로 연기해서 몰입도 좋음
가족의 슬픈 이야기 사이에서 ‘마이클 잭슨’의 탄생",1
마이클,즐겁고 재밌게 봤습니다,1
마이클,"재밌게 잘 봤어요 
좋아요",1
마이클,마이클 잭슨의 유명한 음악 밖에 잘 몰랐었는제 그에 대한 오해를 풀 수 있던 시간이었고 참 선한 사람이었고 멋진 천재였단 알게 됐어요. 일찍 가신게 참 안타깝네요. 음악도 연기도 참 좋았습니다,1
마이클,노래가 좋았어요,1
마이클,콘서트보는 느낌이라 좋았음,1
마이클,Michael Jackson,1
마이클,"세계적아티스트의화려함보다는
어렸을적힘든마음을느끼는영화
화려함속의외로움도있는영화",1
마이클,마이클! 더이상 무슨 표현이~~,1
마이클,팬들을 위한 영화다 크흐으흡,1
마이클,"사운드가 미쳤네요.
넘 재밌게 잘 봤습니다.",1
마이클,"마이클 잭슨을 보고싶게 만드는 영화
그를 추억하게도 했지만
진짜는 그 누구도 흉내낼 수 없음을..
뭔가 몰입이 확되지는 않았지만
영화를 본 후에는 마이클 잭슨 영상을 계속 찾아보게 만드네요",1
마이클,대체적으로 괜찮은 영화였지만 솔직히 스토리가 조금은 아쉬었다. 그냥 마이클잭슨의 생애에 대한 다큐멘터리로 만드는것이 낮지 않았을까 하는 생각도 해본다.,1
마이클,"마이클잭슨을 대체할 가수가 있나요?
영화 재미있습니다~ 스크린에서 다시 볼수 있어 감사했습니다.",1
마이클,시간이 너무 빨리감. 다음편이 또 나오겠지. 연기가 근데 미쳤음.,1
마이클,"마이클에 대한 오해를 풀수있던 기회였고 사후지만 팬이 되고 싶다는 생각이 들었어요 
그분의 착하고 순순한 분이었어서 마음이 좀 아팠죠 많은 오해속에 살았으니 
음악이 너무신나서 춤추고 싶었어요 👏👍",1
마이클,"스토리가 단편적이고 지루함. 빨리감기 하고 싶었음 
이럴려고 2부작을 만든거…?",0
마이클,마이클 잭슨에 대해 관심을 갖게 되었어요,1
마이클,마이클 잭슨의 서사 보다는 그의 빛나는 재능과 영상미가 주라 개인적으로는 아쉬웠다.,1
마이클,잘봤습니다 좋아요 추천합니다,1
마이클,"마이클 너무 보고싶어요~🥲
조카가 연기를 너무 잘해서 몰입도가 정말 좋았어요!!
너무 재밌게 잘봤습니다👍👍",1
마이클,팝의 황제 마이클 잭슨은 역시나 위대하가,1
마이클,그는 떠났지만 그의 음막은 영원하네요 마이클이 환생한거 같았어요 마이클을 초딩때 WHO책으로 읽었던 중딩이들도 재밌게 잘봤어요,1
마이클,마이클의 노래를 그때 그시절 느낌으로 다시 들어서 너무 좋었음,1
마이클,"노래와 영상 재현은 100%수준
사건사고와 빌런은 실제보다 너무약함",1
마이클,철없을때 무척 많이 듣던 노래들 그냥 만들어 졌던 것이 아니었네요 화려함 뒤에 숨겨져 있던 비화 까지 뮤비 보듯 보고 싶었지만 숨겨진 이야기 까지 알게 되니 더 그립고 숙연해 지네요,1
마이클,"절반의 완벽, 그래도 MJ 팬이라면 즐거워요",1
마이클,"명불허전 마이클잭슨
다시 부활한 듯",1
마이클,"워낙 본체가 슈스라 평이 다양할 수 밖에 없지만, 최대한 재현해내려는 노력이 충분히 보여서 저는 재미있게 봤습니다~",1
마이클,마이클 잭슨 영화 잼있게 잘봤습니다~,1
마이클,굿굿굿굿긋긋굿굿굿굿,1
마이클,마이클잭슨을 다시 볼수 있어서 좋았습니다.,1
마이클,추억의마이클잭슨의노래도듣고춤도보고옛생각에잠길수있는영화.마이클의삶을약간이나마볼수있는영화였고어릴때부터혹독한환경에서슈퍼스타가되는과정을볼수있었지만본인의삶이너무나안됐다는것이보였다,1
마이클,마이클 잭슨을 표현하는 것은 불가능이라고 생각합니다 마이클잭슨의 음악을 더 많이 듣고 싶었는데 아쉬웠습니다 2가 다시 나왔으면 좋겠습니다,1
마이클,SCREEN X로 두번 봤어요. 무척 감동적인 영화에요. 역시 음악영화는 screen x로 보는게 진리에요. 다음엔 IMAX로도 관람할 예정입니다,1
마이클,좋은 노래를 들을수 있어 좋았으나 런닝 타임이 짧았음,1
마이클,마이클잭슨의 시대에 살아서 행복했다~,1
마이클,개인적으로 60-70년대 미국 가정모습을 엿볼수있어 좋랐고 마이클의 성장 아버지와의 갈등을 보며 부모로서 많은걸 느꼈어요 사운드 영향이 커서 영화관에서 꼭 보길 추천드려요,1
마이클,너무 잘 봤어요. 그런데 뭔가 갑자기 끝나버린듯한 아쉬움이 남아요. 너무 어릴적의 노래들이 많이 들려서 아쉽네요...,1
마이클,말해 뭐해ㅎㅎㅎ 너무 재밌습니다.,1
마이클,"주인공은 춤 안 되면 살이라도 빼야지 허벅지가 말이 돼?
쟈넷도 없고 다이애나로스도 없고 변호사 넘은 천사처럼 나오네?
그냥 쿠팡플레이로 “디스이즈 잇”을 보시길 추천 함",0
마이클,"좀 루즈했어요.
진짜 마이클이 그립네요.",1
마이클,노래도 좋고 재밌었어요~영화를 보고 나니 진짜 마이클잭슨이 보고 싶어지네요~,1
마이클,영화가 끝나고도 노래가 흥얼거려져요,1
마이클,마이클잭슨 보는것 같아 감동적이었어요,1
마이클,넘 실감나게 영화재밌게 잘 봣어요,1
마이클,화려한 이미지들로만 채운 히트곡 메들리 vol.1,0
마이클,위대한 팝의 황제.. 너무 재미있고 벌써 2탄이 기다려 지네요~ ^^,1
마이클,영화적 완성도는 별로지만 마잭의 음악과 퍼포먼스로 많은 것들이 상쇄되는 매직,1
마이클,너무 재미있었어요!,1
마이클,음악절아요굿굿모지션굿굿,1
마이클,"중1 딸래미와 둘이 본 영화.
정말 마이클 잭슨과 똑같은 모습과 목소리에
놀랬고, 나름 흥얼거리며 음악을 즐긴 영화였다.",1
마이클,천재는 타고 나야 되는 것이고 왜 슈퍼스타를 칭송하는지 알게 되었다,1
마이클,"콘서트뷰잉예매한줄 알았어요!!!!스토리도 나름 재미있고,, 2시간여가 순삭, 2가 나올건거죠!??",1
마이클,너무나도 특별하게 지루했던 2시간 7분,0
마이클,"애오
마이클
에옹
마이클",1
마이클,뮤비만 봐도 재미있기 때문에 재미없진 않았지만 보헤미안과 비교한다면 부족하다. 마이클 잭슨의 진짜 삶을 담았다기 보다 겉표면만 보고 만든 느낌이 강했다. 아버지의 학대 이야기가 주여서 좀 지루했다.,1
마이클,극장에서 봐야지 느낄수 있습니다,1
마이클,기구한 인생을 영화로 담기엔 부족했다.,0
마이클,노래가 다 좋아요 근데 2부작이네요..?,1
마이클,마이클들이 너무 잘하네,1
마이클,쿠폰으로 잘보고갑니다,1
마이클,"개봉만 손꼽아 기다린 만큼 , 기대가 커서였는지 실망스러웠음! 내용엔 중요한건 비어있고 , 그걸 음악 몇곡으로 억지스레 채운 느낌! 분명히 신나야 할 영화인데 오히려 마이클의 고통이 느껴져 난 눈물이 났다.",1
마이클,"오랜만에 내돈내산 ㄹㅇ 진짜 재미있었어요
보헤미안랩소디 퀸보다 잼났음.. 또 봐도 안 아까울듯요
보면 후회는 그 누구도 안할 만큼 만족합니다",1
마이클,마이클 잭슨의 전성기 시절을 그대로 즐길 수 있었던 사람들이 부러워지는 영화였습니다.,1
마이클,"마이클의 서사와 노래가 나와
너무 멋진 관람이였어요
사운드가 너무 좋아 노래와 
그의 멋진춤을 큰 스크린으로 보니
너무 좋았습니다 
2편도 넘 기대되며 빨리 나왔음 
좋겠어요~~♡",1
마이클,OST 너무 좋고 스토리도 좋아요,1
마이클,학창시절 나의 우상이었던 마이클의 명곡을 영상과 함께 보게 되어서 뭉클했다.,1
마이클,"연기 노래 연출 모두 다 좋았다
다만 진짜 마이클 잭슨이 아니라는것만 빼고..ㅠㅠ",1
마이클,끝 마무리가 너무 아쉬워요,1
마이클,1편 내용으로는 국!! 2편 재대로 내주세요,1
마이클,연기와 연출 모두다 박수!!! 음악은 더더욱 박수!!,1
마이클,"10/6

무난한 음악 영화느낌 너무 조심한 연출에 결말포함 생략된 것이 많게 느껴져 아쉬웠다. 근데 왜 조심하고 조심해야하는지는 알기에 고인에 대한 명예의 존중만 남기고 잘 끝낸듯",1
마이클,영상미와 OST만으로도 볼 만해요,1
마이클,실제와 다름이 없을정도로 싱크로율 99%인 마이클잭슨의 생애를 다룬 영화! 음악과 춤 모두 완벽해서 몰입에도 좋았습니다. 음악과 주인공 연기 모두 굿입니다.,1
마이클,그야말로 마이클과 잭슨가 마이클 잭슨,1
마이클,팝의황제라는 세계최고의 아티스트만이 보여줄 수 있는 전율 마지막 무대는 심장 터지는 느낌이었음,1
마이클,"너무나도 멋지고 음악이 다한 영화 그리고 찐 마이클 닮은 배우의 멋진연기도. 그저 멋있다.
그리고 마이클에 대한 루머로 인한 오해도 컸구나.
진실을 알게되어 다행이네요. 이를위해 2탄도 나왔으면 좋겠네요.",1
마이클,"음 기대는 안하고 봤는데
이런 유년시절을 보냈구나 싶었고
무척이나 좋은 가수를 내가 같은 하늘
아래서 있었구나 했어요",1
마이클,노래는 참 좋은데 노래만 좋다,0
마이클,재밌게 관람했습니다.,1
마이클,노래가 그냥 갸좋음,1
마이클,"제목이 “마이클잭슨”이 아니고 “마이클”인 것조차 의도한 게 아닌가 싶었던.
이런 이야기가 있는지 몰랐고, 일부일거라 생각하니 짠하기도 하고... 음악과 무대 연출도 좋았고! 러닝타임이 짧게 느껴졌슴당",1
마이클,영화적으론 납작하고 드라마 그렇지만 워낙 좋은 음악과 비범한 인물을 다루다보니 반은 먹고 들어가는,1
마이클,옛날생각이 많이나고 신이나서 몸이저절로움직여요~,1
마이클,"도파민 터져서 잠 자긴 글렀음
무조건 보시라!!",1
마이클,실제 조카 자파르 잭슨의 소름 돋는 싱크로율과 황홀한 무대 재현은 온몸에 전율이,1
마이클,"영화를 본다는 생각을 잊을 정도로 몰입감 최고였어요.
너무 선한 마이클ㅠ 전 마이클세대는 아니지만 이렇게 영화로 만나니 너무 뭉클... 배우분 진짜 최고👍
꼭 극장에서 봐야되요! 꼭 보세요 여러분!",1
마이클,마이클 잭슨은 순수한 영혼울 가진 최고의 아티스트다. 영화를 보는 내내 가슴이 웅클했다. 후속작이 더 기대되는 영화 전설속의 전설😍😍😍,1
마이클,마이클잭슨이 생각나네요,1
마이클,와이프랑 아이랑 모두 다 재밌다네요,1
마이클,"마잭 음악이 다 한 영화, 잭슨5시절부터 버릴 노래가 없고 최고의 보컬리스트이자 댄서이고 작사작곡도 잘하니 대단하단 말로도 부족함",1
마이클,마이클 잭슨의 실제 조카인 자파 잭슨이 선보이는 완벽한 싱크로율의 퍼포먼스가 압권이다. 천재 뮤지션의 화려한 무대 뒤 감춰진 인간적 고독과 가족사를 담담하면서도 몰입감 있게 그려냈다.,1
마이클,"너무너무 감동입니다 
이런 천재와 잠시라도 동시간대 살았다는게 축복 입니다",1
마이클,마이클의 후반.스토리가 기대되는...,1
마이클,"그의 일대기에서 88년까지를 다루는데 이 사실을 끝나고 알았다 그래서 아쉬움이 컸고 추가 안한 명곡들이 제외된 것에 불만이다 하지만 그의 공연을 재현한 자파잭슨의 헌신과 전설적인 춤,노래는 훌륭했다",1
마이클,너무 재미있었습니다. 빨리 속편이 나왔으면 좋겠어요,1
마이클,"마이클 잭슨의 어린시절을 알게 되었네요
잭슨 팬들은 불만족스러울 수도 있겠지만
마이클 잭슨 잘 모르는 머글로서는 나쁘지 않았습니다.
 빌리진 / 아원츄백 이 두곡 외에도 좋은 노래가 많다는 걸 알았네요",1
마이클,"마이클이 다시 살아난 감동
런닝타임이 짧을정도로 시간순삭",1
마이클,"너무 잘 봤어요
2편이 나오는거죠?
끝이 좀 아쉬워서…",1
마이클,아직 남은 명곡과 레전드 무대가 남았습니다!,1
마이클,"레전드의 귀환
마이클 오해해서 미안해요.
당신은 최고입니디",1
마이클,마이클은 여전히 외로운 사람이네요. 허술하고 엉성한 영화로 돈 벌 궁리하는 사람만 많네요.,0
마이클,영화자체로는 아쉬움이 없는 건 아니지만 그래도 볼 만 했습니다,1
마이클,"음악이 다했져~~^^
다른게 필요할까요",1
마이클,"마이클 잭슨 정말 좋아하는데 좀 아쉬웠어요 
그리고 조셉 발암..하",0
마이클,꼭 한번은 봐야될 영화!!!,1
마이클,음악은 좋았으나..내용은..,0
마이클,아주좋아요 신선하고도,1
마이클,거대한 라이브 비디오,1
마이클,마이클 잭슨 노래 들으니 옛날 생각도 나고 좋으네요,1
마이클,"3시간 정도는 편성했어야....하는 것 같다.. 
3시간으로도 어려워서..2편 제작을 염두에 둔 ..
1편인가...
잠시 였지만.. 즐거운 회상이었습니다

2편을 기다리며...",1
마이클,음악도 스토리도 좋았으나 뭔가 마무리가 안된느낌이네요~ 그래도 노래와 음악 무대들은 꽤 좋았습니다.,1
마이클,너무나 아쉽습니다.. 서사가 너무 짧아요..,1
마이클,마이클과 잭슨들의 공연 퍼레이드,1
마이클,서사는 부족하나. 음악만 즐긴다면 강추,1
마이클,이정도면 잘만들었지. 콘서트실황 같은 느낌준것만으로도 충분히만족.,1
마이클,"슬펐어요 음악으로 치유하는 마이클 사랑합니다
다시 보고싶다",1
마이클,마이클에대한 뭘 이야기하려는건지..,0
마이클,영화가 아니고 뮤직비디오 편집본. 비추천,0
마이클,즐거웠습니당 속편이 기대됩니다,1
마이클,"여러말 할필요없음
너무멋짐
다시볼예정",1
마이클,"보헤미안랩소디에 이어 당대최고의 가수의 일생을
알게되어 감동적이었고 시간가는줄 모르고 mj의 음악과 춤에 빠진시간이었어요 
다음편을 빨리 기대합니다.",1
마이클,로켓맨보단 재밌고 보헤미안랩소디 보단 아쉬운Girl,1
마이클,음악과 무대는 너무 좋지만 이야기가 빈약하고 너무 꾸며졌다,0
마이클,빌리진 나올때부터 ㄹㅇ 지림.,1
마이클,마이클 잭슨이 다시 돌아왔네요,1
마이클,영화 재밌게 잘 봤습니다,1
마이클,전혀 기대안했는데 너무 재밌게봤어요!!,1
마이클,"자파잭슨이 노력은 많이했지만
그분이 얼마나 위대하였는지
비교가 되는 영화였고
선곡에 고심이 있었겠지만
극장의 사운드로 
듣지 못한 많은곡들을 뒤로하고 
돌아오는 발걸음이 많이 아쉬웠다.",1
마이클,"너무너무 좋은 영화였고(라파잭스 연기 너무 잘합니다)
속편 제작들어간다고 하는데 빨리 보고 싶어요!! 영화끝나고 나서도 계속 여운이 남습니다ㅠ 사랑해요 마이클🖤 당신이 너무 그리워요ㅠㅠㅠ",1
마이클,"마이클의 인생 전반에 대한 이해와 함께 그의 음악을 즐길 수 있어 좋았다만, 뭔가 할 이야기를 다 담지 못하고 뚝 끝내버려 다소 아쉬움",1
마이클,추후 수정해 올리겠습니다,1
마이클,마이클잭슨의 스토리를 알게되서 좋고 노래는 말할것도 없죠 엔딩크레딧에 진짜 마이클 영상 올라오길기대했는데 이건 좀 아쉬워요 2탄 꼭 내주세요 아직 노래와 스토리가 더 있잖아요 콘서트에 온것같았어요,1
마이클,진짜 재밌었고 노래 듣는 귀가 호강했습니다.,1
마이클,"말이 필요없는 마이클잭슨...

그의 음악을 한껏 기대했는데
수많은 히트곡이 무색하게 스토리도 음악도
많이 아쉽네요...
영상미나 그의 음악들은 너무 좋았어요
보다 만 느낌이 아쉬울뿐...ㅜㅜ",1
마이클,사후에도 무능한 혈연들에게 이용당하는 마이클이라다니ㅠㅠ,1
마이클,팝의 황제…어린왕자 그자체,1
마이클,"클로즈업 때 옆모습이 정말닮았다생각했는데 끝에가서 정면 얼굴클로즈업될때 마이클잭슨을 떠올렸습니다
심성이깊고 순수한 그분을 다시
떠올릴수있어서 행복했습니다 강추합니다",1
마이클,너무 기대했는지 생각보다는 아쉬웠음요,1
마이클,마이클잭슨과 동시대를 살아가면서 느꼈던 그대로를 느낄 수 있습니다,1
마이클,"진짜 마이클이 살아 돌아온 느낌이었습니다.
노래와 퍼포먼스도 대단했지만, 
사람들에게 좋은 영향력을 주려 했던 따뜻한 마음이 느껴져 더 감동적이었어요. 팬이라면 꼭 봐야 할 영화!💖",1
마이클,"재연이긴 하지만 마이클 잭슨이 다시 살아 돌아온 느낌!!
몰입감 최고네요~ 왜 마이클잭슨에 열광을 할 수 밖에
없는지 그의 삶의 일부분만 볼수 있었지만 알것같아요
짱 재미있어요~
강력추천!",1
마이클,마이클 잭슨 이라는 네임으로 다 설명 됨,1
마이클,크~ 좋다!! 꼭 보시길~~,1
마이클,볼만해요 시간은 금방지나가요.ㅎ,1
마이클,둠칫둠칫 두 시간짜리 공연보기,1
마이클,재밌게 잘 봤습니다! 노래가 넘 좋아요,1
마이클,마이클 잭슨이 살아온 듯 전성기 공연의 주요 장면을 볼 수 있어서 좋았습니다.,1
마이클,마이클이 살아있던 시절로의 소환. 하늘이 내린 슈퍼스타는 뚜벅뚜벅 자신의 길을 갈 뿐이다.,1
마이클,춤과 노래를 들으니 그시절 최고였던 전설이 맞네요.,1
마이클,개쩌는 영화. 대박,1
마이클,마이클잭슨이 착했네요,1
마이클,"첫 등장부터 울컥하더니 보는 내내 눈물이 왜그리 나는건지…
최고의 무대를 이렇게나마 다시 접해 영광이었고 스크린이 꺼질때 까지 음악 감상하느라 일어날 수가 없었어요~
재관람 하려구요.",1
마이클,"맘이 먹먹하네요~
옛날 노래인데도 지금도 좋아요~",1
마이클,콘서트의 감동이..,1
마이클,재미있어요재미있어요,1
마이클,영화적 완성도는 아쉬웠지만 그의 춤과 음악이 스크린에서 나오는 것만 해도 좋다 다시 또 깊이감 있는 진짜 마이클잭슨 영화가 나오기를 기대하며,1
마이클,전설이란 말로도 부족한 가수의 궤적,1
마이클,전설이란 말로도 부족한 가수의 궤적,1
마이클,"말로 표현할 수 없도록 너무나 행복한 시간이였습니다.
이 영화를 만들어 주신 모든 분께 감사합니다.
내가 좋아하는 곡 You are not alone을 듣지 못해서 아쉬웠습니다.",1
마이클,재미있었고 마이클잭슨 노래 다 감동적이었어요~,1
마이클,마이클잭슨..짱짱 정말루,1
마이클,마이클잭슨은 영원히 잊혀지지않는 위대한예술가입니다,1
마이클,마이클잭슨은 영원히 잊혀지지않는 위대한예술가입니다,1
마이클,"진짜 마이클이 더욱 그리워졌던 시간
잠시나마 그를 추억할 수 있어 행복했다",1
마이클,마이클 잭슨의 천재적인 음악성에 신나고 외롭고 고단했던 그의 삶을 위로해주고 싶은 맘이 공존하는 시간이었다.,1
마이클,배우는 훌륭했으나 스토리 각본 망작임,1
마이클,"가능하다면 복원시키고 싶은 인물 ....
'마이클 잭슨'
영원히 기억합니다~♡",1
마이클,마이클잭슨의 일생을 잘 모르고 봤는데 많은 생각이 들었습니다. 약간 기습숭배(?) 같은 장면이 있지만 그만큼 좋은 사람이고 대단한 사람이니까하는 생각이 드네요,1
마이클,우와~! 기대 안했는데 진짜진짜 오랜만에 영화 재밌게 봤네요^^ 역쉬 마이클 잭슨! 그립네요 ㅠㅠ,1
마이클,마이클 음악도 좋고 잘보았습니다,1
마이클,마이클잭슨 그자체였다. 마잭이 봤다면 조카를 엄청 자랑스러워 했을 듯.. 내용은 재미었지만 왠지 슬펐던 영화,1
마이클,재미있게 잘 봤어요ㅎㅎ,1
마이클,영화 재밌게 봤습니다.,1
마이클,잘봤어요 그리고 굿입니다,1
마이클,마이클잭슨 그립습니다,1
마이클,굿입니다. 잘봤어요.,1
마이클,저 배우 마이클잭슨 1%도 못 따라갑니다. 살아생전 괴롭힌 자본주의 기획사가 또 영화로 돈벌이하며 울궈먹네요.그냥 실제 마잭 유투브 공연실황 보는게 훨 나아요.2편 나올라 그러는지 결말도 중간에 뚝 끊김,0
마이클,영화를 보니 마이클잭슨이 넘 보고 싶어요ㅠ,1
마이클,노래도 좋구 재밌었어용,1
마이클,잘봤습니다. 굿입니다. 좋아요,1
마이클,"마이클잭슨을 표현하기에 2시간 7분으로는 부족했다
후속 나왔으면 좋겠어요",1
마이클,정말로별로인것같나요,0
마이클,솔직히 보헤미안랩소디 보다는 몰입감이 떨어진다.아무래도 아티스트들의 활동기간이 영향을 끼친거같다.연기는 괜찮은거같다.영화 마이클은 솔직히 더 화려하고 더 우울함이 있었음 좋았을거같다.,1
마이클,완전 좋아 좋아 좋아 좋아 좋아,1
마이클,기대를 많이 해서 그런지 생각보다 별로였어요,1
마이클,"마이클 잭슨을 연기한 자파르 잭슨의 피나는 노력이 너무나도 돋보였고, 옛날 마이클잭슨의 공연 영상에 나오는 그 구도와 분위기 그대로 연출하려고 한 느낌을 받아서 너무 좋았습니다.^^",1
마이클,재미있게 잘 봤습니다..,1
마이클,만족스러운 영화입니다,1
마이클,아는 노래가 나올때마다 올라가는 입꼬리,1
마이클,그에 대해서 잘 몰랐었는데은 조금 알게되었습니다.,1
마이클,마이클잭슨 잭슨파이브,1
마이클,영화관에서 볼 영화,1
마이클,추천합니다!!!...~~~,1
마이클,재미있게 잘봤습니다.,1
마이클,전설이 된 마이클 잭슨. 내한 공연 때 표 있다며 동료가 같이 가자 했을 때 못 갔던게 두고두고 아쉽다.,1
마이클,"마이클의 성장과정, 음악가로서 커가는과정 재미있고 좋았어요",1
마이클,"모처럼 귀호강했네요 그리워요 마이클 ᆢ
새삼 천재의 부재가 안타깝네요",1
마이클,천사 같은 마음을 가졌던 팝의 황제 마이클 잭슨을 다시 만난 것 같아 너무 좋았습니다.,1
마이클,이렇게 맑은 영혼의 소유자 였다니…,1
마이클,최초로 보게 된 마이클 잭슨의 전기 영화이면서 그의 음악과 빛과 어둠이 드러내는 서사 다음 후속작은 어떻게 다룰지 기대대는 중,1
마이클,과거로 돌아가 실제공연에 가고싶다는 생각!,1
마이클,누가 뭐라해도 최고의 팝스타는 M.J^^,1
마이클,뭐 음악만으로도 본전은 뽑은 ㅎㅎ,1
마이클,"마이클잭슨 다큐를 안봤으면 재미있게 봤을건데,감동적이지만 아쉬운영화",1
마이클,부모님이 마이클 잭슨을 좋아하셔서 기대감없이 보러갔는데 노래도 너무 좋고 콘서트 간것같은 느낌이 나서 재밌었어요!,1
마이클,"팝 황제 마이클잭슨의 노래와 춤을 감상할수 있어 좋았죠. 아버지의 강압이 안타까왔고 더 그를 옭아매는 일들은 차기에 2부작 나올거 같군요. 
현란하고 절제된 그의 춤 그리고 매력적인 보컬에
빠져듭니다",1
마이클,기대 안했는데 재밌었고 2편 기다려지네요,1
마이클,실황공연을 보는것 같아서 흥겨움,1
마이클,어릴적 마이클에 대해서 알수있어 참 좋았다. 그의 따뜻한 마음이 멋지고 그런 환경 속에서도 꿋꿋이 본인의 길을 가는거 또한 정말 멋지고 존경스럽다. 음악과 스타일까지 완벽한 마이클..,1
마이클,"마잭 좋아하시면 추천합니다..솔직히 배신자들이 만든 상업용 영화라서 고민했는데, 싱크로율이 이보다 더 좋을수가 없어요.. 레전드 노래와 뮤비 제작과정, 영상, 춤 정말 시간가는줄 모르고 봤습니다. 추천!!",1
마이클,"기대했는데 그렇게 흥이 나지 않음
보헤미안랩소디 보다 별로",1
마이클,귀는 즐거우나... 뇌는 지루한 영화..,0
마이클,"마치 열정 넘치는 공연을 본 느낌이였다
마이클잭슨이 살아나 공연을 하는 것 같은 착각과
생전 가수로 성장하는 과정을 사실감있게 잘 그린 것 같다. 아이에서 성년으로 자라는 마이클잭슨의 모습을 그린작품",1
마이클,"마이클 잭슨 음악을 생생하게 느꼈어요
추억의 학창시절이 생각나네요 ㅎㅎ",1
마이클,마이클잭슨 보고싶어요~~~~엉엉,1
마이클,명곡들로 귀호강했어요 가만히 앉아서 보기 힘들 정도로 흥나버림ㅋㅋ후속편에서 못다한 이야기도 볼수있음좋겠습니다,1
마이클,좋아하던 노래와 무대 공연을 볼 수 있어서 좋았다. 노래가 더 많았으면 좋았을듯,1
마이클,"마이클잭슨의 음악을 듣고 자라난 세대로!
이상한 얼굴에 정신이 이상한 아저씨! 
이렇게 알고 있었는데, 
그의 삶을 제대로 알게 되었어요. 
세상을 보다 다르게 하고 싶었던 마이클잭슨의 맘을 
알게되었어요.",1
마이클,"위대한 마이클잭슨의 일대기를 다루어서 기대를 했지만 스토리 보다는 음악과 배우의 흡사한 춤동작에 빠져서
 감상하게 되네요",1
마이클,"노래만 따라불러도 시간이 그냥 갑니다.
하지만 그 시대 감성을 느낀적이 없다면 그냥 좋은 노래만 듣고 오는걸로~^^
너무 살짝 들여다본 마이클 잭슨의 삶이 안타깝고...많은 사람들이 그의 삶을 보듬어 주길...",1
마이클,"영원한 음악
즐겁게하는 음악",1
마이클,마이클이 늙어가는 모습을 보며 마이클 신곡들을 들어가며 함께 나이를 먹을 수 있었더라면 얼마나 좋았을까ㅠㅠ 영화보는 내내 여리고 착한 어린 그리고 어른이 된 마이클을 봤네요. 다시보고 싶다.,1
마이클,마이클이 늙어가는 모습을 보며 마이클 신곡들을 들어가며 함께 나이를 먹을 수 있었더라면 얼마나 좋았을까ㅠㅠ 영화보는 내내 여리고 착한 어린 그리고 어른이 된 마이클을 봤네요. 다시보고 싶다.,1
마이클,"마이클을 이해하는데 도움을 주었지만, 보헤미안랩소디 보다는 좀 못하네요",1
마이클,마이클의 그리움만 남는 영화. 이 영화를 마이클이 좋아하고 만족할까? 마이클을 좋아하고 사랑한다면 비추천 나중에 ott정도면 그냥 궁금하니 봐야겠다로 추천,0
마이클,"너무 재밌고 엄마랑 엄청 집중해서 봤어요
너무너무 재밌어요",1
마이클,"잠시도 눈을 뗄수없이 즐겼어요
너무 좋았어요",1
마이클,"마이클 잭슨 팬이라면 추천,
보헤미안 랩소디를 기대핬다면 비추천.",0
마이클,전율..팝의황제라는 말이 괜히 나오는게 아닌듯..재능과 노력의 결실은 마이클잭슨...그리고 아버지...낄낄빠빠를 아서야 ㅜ ㅜ 아버지나오는 씬에서는 답답함이 한가득..,1
마이클,"평론가들의 평이 이상하다고 느꼈음..
팝의 황제이자 가슴 따듯한 마이클을 느끼고 아름답고 신나는 음악에 몰입하고 감동하는 시간이었음..
60대중반의 남성임..",1
마이클,흉내내기에 급급한 나머지 내면을 들여다 볼 틈은 없었다,0
마이클,"마이클 잭슨의 서사를 어디에 맞추었든
무대위의 그의 노래와 춤을 본다는 건
행복이다.
대단하다.",1
마이클,저절로 몸이 반응하는 OST 와 영상이 최고였어요~~,1
마이클,너무 재미있게 잘 봤네요^^,1
마이클,팬들에게는 아쉽지만 ost는 진심 좋음,1
마이클,무대 장면만으로 다했다,1
마이클,너무 재밌고 최고였씁니다 !!,1
마이클,그냥 마이클 노래가좋아봤네요,1
마이클,노래가 신나고 너무 좋았어요,1
마이클,"coldplay때는 대체 관객 왜 보여주나 포르노에 심취한 연출인가 했는데, 마이클에는 서사뒤 인물의 고뇌를 희망하는 의지를 보여준거같아 멋졌다. 두 뮤지션 다 멋지지만 특히 마이클은 우리나라 한의 정서를 앎.",1
마이클,어렵지 않게 즐기는 마이클잭슨 탄생기.,1
마이클,개인적으로 마이클 잭슨에 대해서 많이 알지 못 했었지만 어느 정도 이해 하는 부분은 있어요. 다소 루즈 한 감도 있구요. 영화 자체는.,1
마이클,"너무 큰 기대, 아쉬운 스토리.. 기대이하",0
마이클,"절반의 마이클 잭슨.
스릴러 뮤비는 군체의 모티브가 아닐까 살짝 의심해 봄.",1
마이클,"초반부 지루한감이 없지않아서 졸았네요, 음 뭐랄까?? 뭔가 많이 빠진듯한 느낌???",0
마이클,좋아요 아주 좋아요 볼만해요~ 만족해요,1
마이클,"예전 20대시절 팝송 광팬 이였는데, 그시절로 .
돌아간 착각이 들 정도로 짜릿하고,즐거 웠음.",1
마이클,스토리와 별개로 노래가 너무 좋았습니다.,1
마이클,"마이클을 연기한 조카 대박, 진짜 연습하느라 진심 존경스러움...마이클의 흥한모습만 영화적 스토리는 한계...",1
마이클,"나의 10대, 20대의 수퍼 스타 MJ!! 이 각본 역시 많이 각색되었겠지만 내 기억 속의 의문점들이 조그은 해소되었다. 꼭 가사를 음미하며 들어보시라, 돌비 시스템 장척된 관에서!!",1
마이클,"마이클잭슨의 30프로 정도뿐이 못본 느낌
재미있지만 아쉬움도 많이남는...",1
마이클,마이클 잭슨은 왜 쉴드를 치지 못할 범죄를 저질러서 수많은 명곡을 들을때마다 뭔가 불편한 느낌을 들게하는 걸까,1
마이클,내가아는 마이클 잭슨만 볼 수 있었다. 전기영화에서...,1
마이클,재미있게 잘 봤어요,1
마이클,음악영화는 영화관에서...꼭,1
마이클,후반으로 갈수록 겹쳐보이는 마이클의 얼굴,1
마이클,보고싶었던 영화 재밌게 잘 봤어요.,1
마이클,마이클 잭슨을 알아보고 가면 더 재밌을 듯,1
마이클,재밌네요. 다만 2편을 기다려야한다니.,1
마이클,"노래 신나고, 재밌게 봤어요.얼른 2편이 나왔으면 좋겠어요",1
마이클,"그의 유년기 아픔과 외로움을 느낄수 있었고
음악을 듣는것만으로 감동임.",1
마이클,"내최애 내우상 마이클잭슨 전기영화
마이클이 살아온거 같은 리얼감과 연기 춤과 노래 너무나 멋지고 가슴 뭉클 했어요 
보는 내내 슬프고 행복했고 신났습니다
영원한 팝의 황제 마이클 잭슨
행복하세요",1
마이클,재미있게 잘 보았습니다.,1
마이클,재미있게 잘 보았습니다.,1
마이클,마이클의 성장기에 대해서 알고있어서 그런지 공감은 가지만 스토리전개부분에서 비는부분 여백이라고할까 아쉬움이 남습니다 그나마 성장기때 명곡들이 나와서 공백을 조금 메울수 있었습니다,1
마이클,"천재 아티스트이자 천재 프로듀서의 마이클잭슨과 잭슨 패밀리의 일원으로 그의 재능과 고민을 다룬 영화...thriller,billie jean 사운드가 영화관을 뒤덮을땐 정말 온몸에 전율이 쫘악 소름이 돋았다!!!",1
마이클,보여주고 싶은 부분이 분 명하게 잘 만들어진 듯 합니다!,1
마이클,귀한 산해진미로 끓인 맹탕,0
마이클,"속으로 아비데얼 하면서 노래 부르며, 서사도 기억해보며 속편도 기다려지는 너무나도 재미있게 보았습니다",1
마이클,재미있게 잘 봤습니다~,1
마이클,너무너무 재밌게봤어요~~2가 너무 기대되요~~,1
마이클,"보헤미안보다는 못하지만 
마이클의 일대기를 잘표현했지만
조금 빠른전개가 아쉽네요~~",1
마이클,"원래부터 노래를 좋아했는데
이렇게라도 볼 수 있어서 좋았어요
벌써 3회차 관람했어요",1
마이클,이렇게라도 다시 볼 수 있어서 행복합니다.,1
마이클,개봉날 보러갈걸... 왜 이제 봤지 감동 너무 심해...🥺😭😇 연기도 쩔고 무대도 쩔고... 마지막 Bad 무대 진짜 너무 신나서 엉덩이가 근질근질했음,1
마이클,마이클잭슨 노래 좋아하니까 가벼운 마음으로 가서 펑펑 울고 나왔다... 엔딩크레딧 끝날 때까지 마이클 목소리 듣고 나왔다... 하늘에서는 자유롭게 하고 싶은 거 다 하고 계신 거 맞죠? 많이 보고 싶어요😭😭,1
마이클,"마이클아빠땜시 영화보는 내내 울화통이 치밀어올라
내맘속의 살인분노의질주를 찍음",1
마이클,자꾸 눈물이 나네...많은유투브를 통해서 제대로된 진실에 조금이나마 더 다가갈수 있어서. 다행이었습니다. 꼭 더 찾아보시길 바랍니다. 영화보다. 더 딥하게 감동적으로 볼수있 습니다~,1
마이클,마이클의 인생사 알지 못 했는데 어떤 삶을 살았는지 느낄 수 있었고 더 그의 인생이 궁금해졌습니다.,1
마이클,마이클 역할 주인공이 연기를 잘했어요 몰입해서 보다보니 2시간 금방 지나갔네요,1
마이클,부모님과 함께 봤는데~ 부모님도 저도 몰입해서 즐겁게 보았습니다~ 추천합니다,1
마이클,꼭 극장에서 봐야 할 영화,1
마이클,마이클을 tv로 보며 감탄했던 그 시절이 떠오릅니다,1
마이클,꽤 재밌게 봤어요 배우 싱크로율이 좋네요,1
마이클,"노래만 몰입이 아니라 
가족관계.특히 아버지의 억압이
성공을 다음엔 자아를 없애버린 가슴아픈
사연이 있었네요.",1
마이클,마이클잭슨의 전반부네요. 예전 노래를 들을수 있어서 좋았습니다. 다음 이야기도 궁금합니다,1
마이클,많이 아쉽다~~~ 2편은 어떨지...,1
마이클,극장에서 마잭의 노래를 들을 기회 어케 놓침???,1
마이클,최악이다. 괜히 봤다 과장히 과대 평가된 영화.,0
마이클,마이클이 무대에 대한 사랑과 자아실현의 욕구를 격렬하게 실감했다,1
마이클,별은 혼자서 빛난다고 하지만 그가 많이 그립다.,1
마이클,시간 가는지 모르고 재미있게 봤어요 마이클 잭슨 노래 다 좋네요 노래가 나와서 더 좋았어요,1
마이클,"너무너무 재미있었습니다
노래도 좋았고 감동이었습니다",1
마이클,마이클 잭슨 노래만으로도 충분히 볼 가치가있는거 같습니다~~전 완전 호였어요~~,1
마이클,초점을 잡았으면 좋았을텐데 너무 평면적이다. 연기와 춤 정말 고생 많았을듯~,1
마이클,마이클의 이야기를 들을 수 있어 좋았습니다,1
마이클,오랜만에 들어보는 마이클 잭슨의 노래에 빠져드는 시간,1
마이클,"역시 팝의황제라서 그런지 띵곡들이 줄줄이 쏟아짐
귀가 호강하네^^",1
마이클,마이클잭슨의 음악을 듣고 자랐다는것이 축복이었다는 생각이 듭니다. 다음은 우리가 모두 사랑하던 노래의 향연이겠네요.,1
마이클,영화라기 보단 서사가 있는 콘서트 영상,1
마이클,마이클 잭슨 문라이트 춤이 아직도 생생합니다.,1
마이클,유투브에서 보던 마이클잭슨을 큰 스크린에서 본 느낌.. 단순 오락영화로는 만족했지만 마이클 잭슨의 일생은다룬 영화라고 하기엔 너무 가볍고 단조롭다. 현실이 더 영화같은 마이클 잭슨 일대기를 보고싶네요.,1
마이클,Michael is awesome movie that I ve seen in a long time. Acting is great and music is amazing,1
마이클,콘서트 비하인드 보는 기분 마잭의 노래와 춤은 잘 재현되에 좋았어요 그러나 스토리가 좀 빈약하네요,1
마이클,"오늘영화 관람하고왔는데요
진짜 너무너무 잘보고왔어요
음악이며 모든것이 완벡했어요",1
마이클,와 마이클잭슨이 살아돌아온줄,1
마이클,노래만 들어도 즐겁네 ㅎㅎ,1
마이클,외모 변천사 고증이 미쳤네요 넘 신기하구 춤선도 대박적..,1
마이클,"⭐️⭐️⭐️⭐️
👍",1
마이클,좋았어요. 잼 있었어요. 다음편 기대됩니다.,1
마이클,"와..배우 열정이 가득하네요 
감히 이런 영화를 만든것도 대단한데 
배우들이 매우 좋네요",1
마이클,마이클잭슨을 좋아하는 일인으로 잘보았습니다,1
마이클,감동적입니다 갑자기 끝나는 느낌은 좀 잇음,1
마이클,저한텐 내용보다 마이클 잭슨의 무대를 재연하는 부분들이 좋았습니다. 춤에서 나오는 느낌이 정말 닮았더라고요. 영화관의 빵빵한 사운드로 음악을 감상하고 춤을 보니 더 좋았습니다.,1
마이클,음악을 듣는 것으로 좋았음,1
마이클,"시간 가는줄 모르고 몰입 했어요
옛 축억에 젖어 ~^^",1
마이클,"기대 이상 
마이클 잭슨 세대는 아니지만
그의 가치관 그의 인생 너무 멋지다
마냥 쉽지는 않았을텐데 대단하다
존경스럽다
공연을 직접 보지 못한게 한이다
2편 너무 기대된다",1
마이클,"마이클 잭슨의 일대기를 단 한편의 영화로 접할 수 있어서 놀랍고 즐거웠습니다. 스타의 유명세만 부러워하고 헐뜯으려 하기 보다는 그의 숨겨진 아픔을 안아주고, 끊임없는 노력에 존경심을 보내고 싶습니다!",1
마이클,"비주얼이나 공연연출은 좋았으나 스토리가 아쉬웠어요.
빠른시일내에 속편이 제작되길 기대해 봅니다.
사랑합니다~ 마이클 형님♡",1
마이클,순수한 마이클의 모습을 그려줘서 좋았어요!!,1
마이클,콘서트 보는것같고 좋았어요,1
마이클,생각보다 괜찮았어요~ 지루할틈 없이 시간 금방갔어요,1
마이클,무조건 보세요 다 좋습니다 꼭 보세요 두번 보세요,1
마이클,정말 채미있게 봤습니다,1
마이클,정말 재미있게 봤습니다,1
마이클,"마이클의 선한 마음이 느껴져 좋았고
4면으로 영상 나와 실제처럼 느껴젔음",1
마이클,살아있다면 아쉬운 팝스타,1
마이클,"저는 마이클 잭슨의 명곡을 2시간내내 실컷 들을 수 있어서 좋았는데, 영화 완성도면에서는 호불호가 갈릴 듯 합니다.",1
마이클,마이클잭슨의 노래와 춤에 몰입되어 시간가는줄몰랐네요~ 강추,1
마이클,보헤미안랩소디처럼은 못따라오지만 노래가좋았어요,1
마이클,이 모든 건 마이클 잭슨 단 한명의 유산일뿐,1
마이클,마이클잭슨~ 보고 싶어요..,1
마이클,사운드 빵빵해서 좋았습니다.,1
마이클,잘봤습니다잘봤습니다,1
마이클,마이클 잭슨 음악 역시 신납니다.,1
마이클,생전의 MJ의 천재성과 그에 상반되는 불행한 요소들을 보니 완벽한 인생은 없는듯. 팝의 역사에서 절대 잊혀지지 않을 존재여 편히 쉬길.,1
마이클,영화는 구린데 마이클 음악이 다 살림,1
마이클,영원한건 음악이다...,1
마이클,재미있게 잘 봤습니다.,1
마이클,재미있었ㅇ습니다~~~ㅋ,1
마이클,벅차오름과 눈물이....,1
마이클,엄마와 함께 즐거운 시간이 되었어요,1
마이클,"마이클에 대해 더 자세히 알수있어서 좋았어요~
재미있게 잘 보았습니다~",1
마이클,콘서트를 보는 느낌이었어요,1
마이클,칼질된게 많은 전설의 비극,1
마이클,큰 인물과 대단한 노래를 담기에는 영화가 초라했다. 하지만 즐기기에는 충분했다.,1
마이클,딱 마이클을 다루는 영화에 기대했던 요소들로 영화를 채워줘서 만족스러웠어요. 자파 잭슨. 과연 유전자는 무섭네요.,1
마이클,원래 마이클 팬이라 기대를 안고 봤는데요. 마이클의 스토리는 거의 안나왔지만 노래도 좋고 배우들 연기도 좋아서 몇번이고 보게되네요.,1
마이클,영화 보는 내내 40여년전의 감동과 설레임을 다시 느낄수 있었습니다.,1
마이클,자막을 제가 잘못 본건지 bad 노래에서 누가 최고라고 하던데 혹시 이 노래 모르시죠?? ㅋ,1
마이클,마이클 잭슨이 너무 보고 싶어지는 영화예요! 대체할 수 있는 배우가 누굴까요 정말 연기 잘하네요!! 몰입되고 노래 좋고 속편 나오겠어요~,1
마이클,"마이클 잭슨의 어린 시절의 아픔이 참 슬프네요.
재밌게 잘 봤어요.",1
마이클,"기대했던거에 비해 많이 아쉬웠다 .. 기-승 에서 끝난느낌
뺄꺼 빼고 처음부터 끝까지 다뤄줬으면 좋았을텐데",0
마이클,"전 45살
아들은 11살
같이봤는데, 지루함없이 재미있었어요",1
마이클,우리나이때 잭슨보다는 좀더 나이드신분들의 잭슨파이브 내용이 너무 많다 ㅋ,1
마이클,MJMJMJMJMJ,1
마이클,"몇 주 동안은 마이클 노래만 듣겠구나
진짜 위기가 안나왔으니 2편이 나올지도

40년 뒤에 BTS나 블랙핑크에 대한 영화도 만들어질까?! 그룹이라 힘들려나",1
마이클,모르는 사람의 이야기를 봤으면 재미있을지도 모르겠으나 너무 잘아는 사람의 이야기이고 그의 노래나 춤이 영화나 뮤직비디오에서 쉽게 접하다 보니 연기를한 배우왕.ㅣ 이질적인 차별 점만 보인다.,0
마이클,"마이클 영화 2~3부작잉될것 같다. 
피터팬 마이클을 다룬 영화. 
기대감의 반도 못채웠지만 그 건 2편에서 볼 수 있을듯",1
마이클,마이클 후속이 기대되네요^^,1
마이클,팝황제의 추억…마이클….,1
마이클,"모든게 완벽했던 영화
마치 보헤미안랩소디 보는듯한 감동",1
마이클,잘봤어요 그리고 굿입니다,1
마이클,영화에서 나오는 마이클 노래들 너무 신나고 배우분이 연기도 너무 잘해주심…,1
마이클,너무 멋있고 2부 기대합니댜,1
마이클,"마이클이 마이클했다.
대놓고 2부작이어서 인가?
우리나라에서 마이클이 국민적으로 인기있게 된건 블랙오아화이트 때 같은데.. 아직 시작도 안해서 허탈했어요. 
진짜 본편 빨리 나와 주세요.",1
마이클,너무 재미었습니다.,1
마이클,영화 재밌게 봤습니다..,1
마이클,노래 춤 좋았습니다.,1
마이클,마이클을 추억할 수 있어 좋았어요.,1
마이클,잘봤습니다 잘봤습니다,1
마이클,"마이클!
나의 10대와 20대를 같이한
나의청춘 죽는날까지
기억하겠습니다!",1
마이클,"뒷모습으로 시작한 첫 장면부터 울컥울컥 
동시대의 스타였는데 그를 지켜주지못했다는 
이상야릇한 슬픔이 ㅜ 눈물참느라 혼남
끝나자마자2편얼른 나왔으면 좋겠다는 생각 콘서트에온듯 빵빵사운드에행복한",1
마이클,스토리는 살짝 지루하지만 노래는 신나고 좋네요!!,1
마이클,너무 재밌어요 짧아서 아쉬웠던..,1
마이클,"노래가 엄청 좋았어서 몇몇 노래엔 
소름이 돋았습니다
배우님도 열연하셨어요☺️",1
마이클,"마이클잭슨 왕팬으로서
너무 너무감동 이었어요
억울하게 죽음이 안타깝다 2편 또기다려봅니다",1
마이클,"내가 제일 좋아하는 가수 마이클잭슨!
엘비스프레슬리도 좋아하고~
몰랐고~ 또 오해와 숨겨진 진실을 알게해준 좋은 영화였다
이 영화의 후편이 너무도 기대된다.",1
마이클,흠~조금 별로였어요.,0
마이클,너무 재밌었어요😉,1
마이클,영화적으로만 보면 좀 그랬지만 마지막 런던 웸블리 실황 재연만으로도 볼 만했다. MJ의 전반기를 다룬 이 영화는 결국 '아버지'라는 존재가 초래한 트라우마의 벽을 넘어서는 지난한 성장기.,1
마이클,다시 태어나주세요~~~,1
마이클,재미있게 잘 봤어요,1
마이클,재미있었어요 ㅎㅎㅎ,1
마이클,"좋네요. 마이클잭슨.
간만에 예전생각나고.
그치만..퀸 이 감동은 더 있었다는ㅠ",1
마이클,존재만으로도 찬란한 전설의 귀환,1
마이클,속편은 언제 나오나요?,1
마이클,재미있어요 배우들 굿굿~~,1
마이클,"오랜만에 마이클 잭슨 노래들어서 좋고 조카의 연기와 노래, 춤도 좋았어요",1
마이클,"볼까말까 고민했는데
보길잘했어요~ 
꼭 극장서 보시길~~",1
마이클,"왜 재밌지? 마이클에 대해 알 수 있었던 영화~
2도 나올려나보다~ㅋ",1
마이클,세상의 모든 아이들이 사랑받길.,1
마이클,세상의 모든 아이들이 사랑받길.,1
마이클,최소 문자 포함 10자 이상,1
마이클,기대이상으로 좋았습니다. 그의 인생사를 알 수 있어 좋았습니다. 다음편도 기대할께요,1
마이클,전설은 잊히지 않는다,1
마이클,마이클 잭슨을 다시 기억할 수 있는 영화를 만들어줘서 고마워. 욕하는 것들..니들 인생이나 잘 살면서 남 지적질해라.,1
마이클,약간지루하기도 하지만 음악이 커버,1
마이클,다시보면 더 좋은 영화 속편은 기대할수 없는 걸까?,1
마이클,마이클 잭슨의 일대기 중에서 멋진쑈만을 보고 싶다면 이 영화 강추^^,1
마이클,영화 너무 잘봤습니다.,1
마이클,"마이클 잭슨이 너무나도 그립고 보고싶어짐.
정말 순수하고 마음 여리 마이클...
불쌍함에 마음이 울컥함",1
마이클,"감동적인 스토리를 바란건 내 잘못이였던가
기대를 너무 하고 본 내 잘못인건가
하지만 잭슨의 춤, 노래만큼은 너무 좋았다",1
마이클,"보헤미안 랩소디 제작진이 만들었다고 해서 더 많이 기대했나 봐요.. 전작에 비해 조금 아쉬웠어요.
그렇지만, 마이클잭슨의 아역배우 줄리아노 크루발디가 Ben을 불러줬으면 더더 그리움이 두배가 되지 않았을까",1
마이클,"세상 재미없어 죽는줄 같이본 사람도 같은생각
케바케이긴하나 이걸 재밌다고하는 사람 신기",1
마이클,2026.05.16(토),1
마이클,"스토리는 답답하지만, 노래와 춤은 역시 정말 좋다",1
마이클,퍼포먼스와 음악적•안무적 요소가 굉장히 잘 재현되었으나 스토리가 조금 아쉬움..,1
마이클,MJ의 일생을 가까이서 지켜본 느낌,1
마이클,이야기가 진행되면서 자파잭슨이 뒤로 갈수록 마이클이랑 닮아보여서 신기하고 감동스러웠는데 이게 바로 배우의 힘인 거 같다.,1
마이클,진짜 대만족 또 볼래요,1
마이클,스토리보단 그의 음악에 몰빵!!마이클 잭슨 입문에 딱인 청년시절의 잭슨에서 마이클로 홀로서는 이야기,1
마이클,"마이클을 평생 모욕하고 등꼴 빨아먹은 자들이 마이클이 죽고나서도 돈에 눈이 멀어서 만든 영화!!
영화와 별개로 마이클잭슨을 괴롭힌 모든 인간을 경멸합니다~",1
마이클,"넘재밌어요
음악좋아요",1
마이클,그 시절 팝의 황제 마이클의 노래와 무대를 보며 즐겁고 감동적이었지만 한편으로 그를 힘들게 하는 가족들과 온갖 루머를 보며 참 안타깝고 슬펐다 아직 끝나지 않은 마이클의 일대기 후반부와 노래를 기다린다,1
마이클,영화 너무 재밌어요,1
마이클,"보헤미안 랩소디처럼 생각했는데..
그래도 마이클잭슨의 노래를 들어서 좋았네요..",1
마이클,"아~~보는내내 음악에 심취~~너무 좋아요~~^^
마이클 배우~싱크로율100%
중간 스토리부분이 살짝 지루했지만~~
그래도 너무 좋았어요~",1
마이클,순수한 아티스트의 단면을 목격했다.,1
마이클,"나 마이클잭슨 좋아했네~~
보는내내 콘서트 온듯 신나게 즐겼고
마이클2 빨리 나오길 기대해 보아요!!",1
마이클,영화로는 그저그랬지만 마이클 잭슨 노래듣고 이렇게라도 회자되어서 만족합니다,1
마이클,마이클의 노래나 춤을 보려고 한건데 그의 자라면서의 외로움도ㅠ알게 되었네요.. 얼마나 외로웠을까하는 생각에 안쓰럽더라구요.. 화려한 무대 뒤에 쓸쓸한 이면을 알게 되어 좋습니다.,1
마이클,"재밌게 잘 봤어요.
마이클잭슨 세대가 아닌데도 노래가 유명해서 둠칫둠칫 하면서 본 ^^
다만, 보헤미안랩소디같은 일대기를 기대했는데, 이 영화는 딱 전성기 까지만 보여주네요(엔딩크레딧은 시퀄을 예고하는?",1
마이클,약간 지루해서 쪼금 졸았어요 약간 스토리를 다듬으면 어떨까싶어요,1
마이클,"잠시 가슴 뛰던 80년대초로 돌아가
어린 시절의 우리와 MJ를 만나고 왔다. 
영화의 작품성 따지기 이전에 그 시절에
감수성 폭발 했던 607080 세대는
그저 묻지마 동승해야 할 타임머쉰. 

재밌다. 몰입도 높다.",1
마이클,"평론가의 혹평과 달리, 소름 돋는 무대 구현과 주연의 미친 싱크로율로 팬들의 눈과 귀를 황홀하게 만든 영화.",1
마이클,"자파 잭슨님 수고하셨어요~~ 라미말렉보다 더 고생하셨을듯
보고싶고 그리운 마이클ᆢ",1
마이클,죽음마저도 돈 벌이 수단으로 박제되어 전시되는 천재의 비극을 그의 화려한 노래들이 덮어 버린 끔찍한 히트송 메들리의 드라마타이즈 뮤직비디오.,1
마이클,"간만에 시간가는줄 모르고 봤다 
언론은 잭슨을 죽였다 고 본다",1
마이클,"역시 노래가 한몫하는 영화입니다
소름돋을 정도로 좋았어요",1
마이클,기대했던 만큼 좋았습니다,1
마이클,마이클을 알게된영화,1
마이클,목소리 듣는 순간 소름돋았다. 코클때는 그리 안닮았는데 성형 이후 시간이 흘러가면서 점점 닮아가는데 이게 진짜... 나의 영원한 천마 형님 마잭 형님이 살아돌아오신 줄 알았다.,1
마이클,어서 2편 잭슨을 보고싶다,1
마이클,재미잇네요 다음에 또 볼꺼같아요,1
마이클,내가 지금 영화를 보는건니 콘서트를 보는건지 보고 있는데 몸이 알아서 들썩이면서 너무 신남 진짜 재미있다라는 영화를 보고 싶거나 평소에 흥이 많고 노래 좋아하는 사람이면 강추,1
마이클,마이클 잭슨이 왜 팝의 황제인가를 세삼느끼게 하는 영화! 2편을 기대하게 하는 영화입니다.,1
마이클,"★★★★☆
이제 전설이 되어버린 마이클 잭슨...
앞으로도 다시는 나타나지 않을 우주 대 스타!!!",1
마이클,마이클의 서사를 볼 수 있었다. 배우가 얼마나 노력했는 지 보임,1
마이클,2부를 만든다는건가? 3.5,1
마이클,마이클잭슨 잘 몰라도 음악 영화로 재미있었어요!,1
마이클,마이클 잭슨과 전세계 팬들과 하나가 된 기분입니다.,1
마이클,여전히 대단한 음악가. 내면의 연약함이 느껴져서 자꾸 안쓰런 맘이 들었다.,1
마이클,추억속의 마이클이 살아 돌아왔다~~~내 대학시절의 영웅,1
마이클,"화려한 무대와 음악은 확실히 볼거리였지만, 영화 자체로 보면 아쉬움이 꽤 큰 작품이었다. 특히 마이클 잭슨이라는 인물의 복잡한 삶을 다루기엔 지나치게 안전하게만 접근한 느낌이 강하다.",0
마이클,Screenx로 봐서 실감나게 무대를 즐겼어요,1
마이클,너무나 밋밋한 각본이 그저 아쉬울따름,1
마이클,"마이클 잭슨 일대기 잘 모르고 본다면 재밌게 볼 수 있음
앞부분은 살짝 루즈할 수 있지만 감안하고 봐줄만 함",1
마이클,황제의 옛 모습을 재현한것만으로도 너무나 만족,1
마이클,그냥 다 감동적이고 엔딩크레딧까지 다 보고 불켜질때까지 있다나오게 됨,1
마이클,귀가 호강하는 영화입니다,1
마이클,"마이클 잭슨이 마이클 잭슨으로 우뚝 서기까지의 스토리!
모든 곡이 다 유명해서 시간 가는 줄 모르고 봤어요.
파트2가 나올지 모르겠지만 이 자체로도 좋았습니다.",1
마이클,영화관에서 마이클잭슨 노래 듣는것 만으로 행복함,1
마이클,"음악영화로서는 시간가는줄 모를정도로 재미있지만,전기영화로는 많이 아쉬움.",1
마이클,찌이이직ㅣㅈ짖짖지직찌찍이지직찌찍찍,1
마이클,"평론하지마라
아무것도 묻지 말란 말이야, 느끼란 말이야 천마가 누군지",1
마이클,"비슷한 시기를 살면서 좋아했던 노래가 나오니 감동 스럽기도 하고, 배우 연기 좋고 정말 재밌게 보았습니다",1
마이클,노래가나오고 춤도 유명한춤이나오니 너무 좋았어요,1
마이클,시간가는줄 모르고 봤어요. 다른 감상평이랑 여러가지를 생각하지 않고 영화를 있는 그대로 느껴지는대로 받아들이고 보려고 했어요. 저는 너무 좋았어요. 빌리진 공연할때 나도모르게 감동의 눈물이 났어요.,1
마이클,어느 스타의 전주계열성,1
마이클,"51. 각본을 잘못 만든 것 같은 느낌. 엄청 지루함.
노래는 신나는데 이렇게 이야기가 느리게 가면 2시간안에 끝나나싶었는데 하.. 1편이네.
마이클잭슨은 점점 비슷한 모습이 나와서 흥미로웠음. 코는 cg인가요..?",1
마이클,재밌게보는데 후반에 왜 갑자기 끝나..?,1
마이클,너무 좋았습니다 또 보고 싶어요,1
마이클,조카 자파잭슨의 노력이 싱크로율을 완벽하게 만들어냈다.,1
마이클,절제된 그춤과 그비트를 잘살린 음악 그명성그대로,1
마이클,역시 팝의 황제! 마잭 형님!,1
마이클,Michael Jackson에 대한 모두 역사를 다 알려주지 않지만 세계적으로 One and Only Legend의 가치관을 살짝 보여주시는 것에 매력인 것 깉습니다. 보고 또 보고 싶었어요,1
마이클,엄마랑 같이 봤는데 음악도 너무좋고 영상미도 좋았어요! 연기하신 배우들도 몰입감있게 멋졌어요! 너무너무 재밌었어요! 2탄 기대합니다~~강추합니다 마이클잭슨의 노래를 다시 듣게되었어요!^^,1
마이클,가사를 통한 마이클의 스토리는 짜임새가 있었으나 음악에 대한 몰입은 불편할 정도로 완성도가 낮았다.,1
마이클,마이클이 어마어마한 사람인데 보헤미안 생각하고 보면 조금 아쉽,1
마이클,오랜만에 노래를 들으니 좋았음.,1
마이클,재미있게 잘 봤습니다 재미있게 잘 봤습니다 재미있게 잘 봤습니다,1
마이클,"잘 만든 영화는 아니었지만
마이클 잭슨의 노래가 스크린에 나오는것만으로도
의미는 있었다",1
마이클,보고싶습니다 마이클잭슨,1
마이클,전기영화가 아니라 콘서트하고 비하인드라고 생각하면 나쁘지않음,1
마이클,"전기 영화, 한 인물의 일생을 통해 그 인물이 겪은 고통과 성장통, 그를 통한 한 인물이 추구했던 삶의 방식을 통해 보는 이로 하여금 감정이나 깨달음을 얻기 위해 만든 장르. 그런 전기 영화에 이 영화가 들어가",0
마이클,아주 볼만한영화내요,1
마이클,천사MJ 보고 싶은 MJ,1
마이클,그렇게 인상깊게 본 게 아닌데도 불구하고 일주일째 마이클 잭슨 노래만 듣게 만드는 영화.,1
마이클,음악영화로써는 자파르 잭슨의 뛰어난 연기력과 춤 노래 완벽 했습니다 보헤미안 랩소디보다 좋았습니다 하지만 스토리 중간에 끊긴거 아닌가 생각이 들 정도로 갑작스럽게 끝난게 아쉽네요,1
마이클,마이클의 공연을 보는것 같아서 몰입감 있게 봤음 사운드도 너무 좋았고 뒤로 갈수록 마이클이 환생한듯 주인공의 연기에 감탄을 연발했음 시간이 짧아서 그랬겠지만 너무 중간 점프가 많아 스토리가 좀 아쉽네,1
마이클,"마이클 어린시절부터 그려진 영화
이기에 너무감명 받았습니다",1
마이클,영화 잘봤어요 추천합니다,1
마이클,순수한 마음이 너무 보기 좋았어요,1
마이클,말해 뭐해 ㅠㅠ MJ 최고 bb,1
마이클,"마잭 노래 다시 듣는중
넘 좋다
너무 순수했던 팝의 황제
그립습니다.",1
마이클,나도 모르게 발로 박자를 맞췄어요,1
마이클,그냥 콘서트실황을 4k로 리마스터링해서 틀어주는게... 더욱 감동적이였을듯..,1
마이클,재밌게 잘 봤네요 좋았습니다 최고,1
마이클,평소 팬이여서 나쁘지않게봤으나 그의 음악에 관심이 없으면 지루할것같기도 함ㅎ,1
마이클,너무 잘 봤습니다 굿굿,1
마이클,함께 하는 공연보다 혼자했을때 더 크고 몰입감있는 쇼를 보여줄 수 있는 팝의 황제임을 눈과 귀로 증명시켜주는 무대였다~~♡,1
마이클,"결국 본 영화,, 그럭저럭~!!",1
마이클,"마이클 잭슨의 콘서트를 보는 재미. 그래서 일부러 IMAX 가서 봤네요. 생전에는 잘 몰랐는데, 이번에 정말 왜 팝의 황제인지 알게 된 거 같습니다.",1
마이클,명곡은 명불허전이죠,1
마이클,엄마 모시고 관람했는데 세다불문 공감대형성되는 스토리에 레전드스타의 탄생스토리를 들여다 볼 수 있어서 너무 행복한 시간이었습니다^^,1
마이클,"오 나의 마이클!
마이클 잭슨 살아생전에 몰았던
새로운 매력을 발견하게 한 스토리!

눈도 귀도 즐겁다",1
마이클,피터팬 같은 어린소년 마이클. 천재. 보고싶어요.,1
마이클,"노래도 좋았고, 연기도 좋았어요",1
마이클,"음악으로 힐링하는 시간이었네요
노래가 이정도로 좋을지 몰랏어요 개감동",1
마이클,모든이야기를 다 감지는 못했지만 영화로나마 일부분 간접체험하듯 느낄수있었고 마이클잭슨이 아픈어린이에게 대했던 따뜻했던 마음을 조금이나마 느낄수있어좋았고 배우가조카라니 놀랐고 2나오면좋겠음.,1
마이클,마이클 즐거웠다 아부지 나빠~~,1
마이클,"누구보다 찬란했던
그의 신화를 보는 거 같다
다만...고뇌는 없다...",1
마이클,마이클 마이클 마이클 마이클,1
마이클,마이클 (Michael),1
마이클,연기한 배우 매우 마이클 잭슨과 매우 흡사 하다고 느껴질 정도네요,1
마이클,극장에서 볼 만한 영화.,1
마이클,무대만으로도 볼 가치는 있었다,1
마이클,최소 제목만큼은 마이클이 아닌 잭슨(스)이라고 지었어야..,1
마이클,"This movie is amazing! Anybody with a taste for music should see this masterpiece! It shows Michael's early life as well as all his most popular songs! Such a beautiful work of art, a real shame to miss out on this one. This movie leaves you feeling like you wanna move your feet!",1
마이클,그냥 저냥.. 보헤미안 랩소디와 비슷한 장면들이 겹친다,0
마이클,"진짜 마이클잭슨이 살아온것같았어요
조카여서 그런지 똑같았어요
감동 그자체 였어요~!!",1
마이클,"TV 화면에서 ~ 보던 모습 들 ~ 
☆ 마이클 - 잭슨 ☆ ~ 그립습니다 ~ ~ !!! 

50 살 .. 이른 나이에 , 
세상 떠나다니 ... 안타깝네요 .. ;;; 

다시한번 , 
고인 -의- 명복 .. 기원합니다 ~ !",1
마이클,가족들이랑 같이 보기 좋은 영화,1
마이클,"마잭 전성기 세대는 아니지만
알고리즘으로 알게된 팬이라 개봉만 기다리구 있었어요!!
마잭 노래 한곡이라도 안다면 꼭 보세요!!
진짜 마잭 천사 천재 최고 ㅠㅠ",1
마이클,"별 생각없이 엄마랑 보러 갔다가 너무 재미있게 봤네요 
음악을 좋아하는 분이라면 2시간 정도 되는 시간은 금방 갑니다 ㅋㅋㅋㅋ 😆 보헤미안랩소디 제작진이 한거래서 봤는데 주연이 마이클의 조카일줄이야 ~~",1
마이클,벨트로 맞아가면서 하드트레이닝으로 연습하는 장면에서 코끝이 찡했네요 어릴때 좋아했던 'Ben'을 ost로 듣는 순간 감동이었습니다,1
마이클,"영화를 만들다가 만 느낌
내용은 그저그런데 음악은 단연코 좋음",1
마이클,아잔짜.갑자기이렇게끊어버린다고?잘보고잇엇는데감정최고조일때끊어버려서 ㅂㄷㅂㄷ그치먼 어쩔수없죠..퍼포먼스는 좋았긔,1
마이클,감동적인영화예요^^,1
마이클,소름끼칠 정도로 닮은 목소리. 나의 20대와 함께한 스타를 다시 볼 수 있는 기쁨만으로도 충분.,1
마이클,"마이클 잭슨을 이렇게 낭비하다니.... ㅠㅜ
그냥 뮤비를 쭉 보는게 나을듯",0
마이클,"좀 더 할 얘기가 많았을 것 같은 아쉬움이 남지만, 그래도 공연 영상만으로도 관람하길 잘했다는 생각이 든다...",1
마이클,마이클 잭슨을 좋아할수록 싫어지는 불쾌한 영화,0
마이클,"엄청난 팬이 아니라면 굳이..
퀸도 잘 모르지만 영화관에서 보헤미안 랩소디 못본걸 후회하고 있어서 마이클 볼까말까하다가 보긴했지만 흠 .. 다시 보거나 2편도 굳이 영화관에서 보지는 않을듯",1
마이클,무대 진짜 끝내준다!! 시대를 초월한 명곡,1
마이클,마이클잭슨의 가정환경과 그의 음악을 볼 수 있어서 좋았네요. 그의 노래를 들을 수 있어서 좋았어요.,1
마이클,마이클 잭슨이라는 가수를 영화로 인해 알게 된게 좋았고 멋있는 가수라는 것을 느꼈습니다. 영화 재밌게 봤습니다.,1
마이클,콘서트한편 본것같은 감동 이였습니다.,1
마이클,"싱크로율이 너무 높아서 신기했는데, 조카였다니! 😱 사운드 좋은 곳에서 또볼거예요.",1
마이클,히히히 ...감동의 그소리..!,1
마이클,"마이클 잭슨의 어린 시절과 선한 영향력을 알 수 있었던 작품.
한 편의 콘서트를 보는 듯한 느낌과 2편을 기대하게 만드는 작품.
아직 'Dangerous', 'Heal the world', 'Black or White' 등의 노래는 나오지도 않았네. ㅎㅎ",1
마이클,마이클의 아픈 상처와 선한 인성이 화려한 성공스토리에 묻혀버리고 재연배우를 통해 그의 명곡들만 감상한 것 같은 아쉬움,1
마이클,배우가 이 역할을 위해 얼마나 노력하고 준비했는지 보였어요 최고입니다.,1
마이클,마이클잭슨은 영원하다,1
마이클,스크린엑스 몰입감 최고,1
마이클,마이클 잭슨을 잘 모르고 봤는데 노래들도 너무 좋고 재밌었어요!,1
마이클,마이클의 생애 참 외로웠겠지만 천재뮤지션을 볼 수 있는 시대에 살았다니 너무 좋습니다!!,1
마이클,실물에 미치지 못하지만 조금이나마 보여지는 그의 몸짓 하나하나에 감동과 그리움이 폭발한다.,1
마이클,음악도 화면도 그리움을 충분히 채워 주는 시간이였어요~ 영화가 좀 더 길었으면 좋았는데 음악에 충분히 잠기는 시간으로는 부족했어요~~ 2부 나왔으면 좋겠어요~ 긴 영화로,1
마이클,많이 알려진 사실을 기반으로 제작되어 크게 와닿지는 않지만 그냥 평범하게 볼수 있는 영화.,1
마이클,10점 만점에 7점입니다.(평균),1
마이클,애들이랑 늦은 시간에 봤는대 애들이 졸지 않고 재미있게 봤다고 좋아해서 저도 좋았어요.,1
마이클,"마이클 보고싶다
2탄 나오길",1
마이클,"내용은 평범 노래는 좋음
영화는 퀸 이야기가 더 좋았네요",1
마이클,팝의황제!! 정말 잼나게 잘봤어요~~,1
마이클,춤을 더 잘 췄더라면 감동이나 임팩트가 더 했을텐데 계속 원래 마이클잭슨 무대가 생각나던 영화였어요,1
마이클,마이클 잭슨의 노래를 다시 들을수있어서 좋았어요,1
마이클,"마이클의 인생을 짧게 보게되어 조금 아쉽다.
음악을 즐기는 것만으로 만족할 영화다.",1
마이클,"보는 내내 재밌고, 감동이었어요.",1
마이클,넘. 좋았습니다. 마이클잭슨. 넘. 멋진공연을 봤습니다.,1
마이클,전기영화로서의 밀도감은 떨어지는 편이다. 하지만 ‘마이클 잭슨’이란 인물에 대한 가치판단을 마친 관객들에게는 한 시대를 풍미한 그의 전설적인 노래와 춤을 감상하는데 전혀 부족하지 않은 감흥을 준다.,1
마이클,동사대를 살았다는 것만으로도 영광인 MJ. 공연에 못간게 너무 후회되는 1인,1
마이클,마이클의 음악을 듣는 것으로 마음이 꽉채워지고 배우분 연기에 빠져 짧지 않은 시간이 순식간에 지나갔어요,1
마이클,마이클 노래가 대단해요,1
마이클,한 시대를 열광 시켰던 팝의 황제 이야기의 전반부를 알수 있어서 재밌고 좋네요!!,1
마이클,"너무 멎 져요
기다린 영화
마이클 보고싶다
생애 처음으로 두번 관람함
마이클 최고
노래 다운 받아 다시듣고있어요",1
마이클,수박겉핥기만 한 느낌이...스토리랄게 없음,0
마이클,보헤미안랩소디를 능가하는 감동울 기대했던지라 스토리도 음악도 실망스러움. 마이클잭슨의 실제 음악이었다면 더 좋았을까.,0
마이클,스토리도 몰입감도 볼만 해요,1
마이클,그냥 볼만 했어요^^,1
마이클,스크린x 로 공연분위기 제대로 느낄수있었어요. 강추,1
마이클,"처음 접해 보는 IMAX 상영관에 압도되었다.
그 큰 화면 속 마이클은 나의 심장을 멎게 하고 
마치 콘서트자ㅇ에 직접 건 것처럼 음악에 맞추
내가 몸을 움직이고 있었다.",1
마이클,사랑해요 마이클 💕 💜 💏,1
마이클,MJ에 빙의한 듯한 연기력,1
마이클,세계적인 삼촌을 애도하는 조카의 용기와 노력,1
마이클,2부도 있는지 궁금하네요,1
마이클,너무너무 재미있고 마이클의 삶이 이해되는 영화였어요 2편도 나오길 기대 합니다,1
마이클,"태어나 한번도 만나 본 적 없는 누군가를 그리워한다는 것이 얼마나 비참하며, 또 아름다운지.",1
마이클,재밌게 잘 봤습니다 !!,1
마이클,반쪽짜리 영화라지만 극장서 보기 돈이 아깝지는 절대 않습니다 극장서 즐기시고 마이클 생애 더 공부해서 아쉬움 얘기하는 시간들 가지시면 좋을거 같아요.,1
마이클,"기대가 많았던가. 뭔가 깊이가 없었다..
배우의 마이클 싱크는 높았지만
연출 스토리 
아쉬웠다",1
마이클,감동 웃음 춤 이 없네,1
마이클,"잭슨5, 아버지와 갈등 내용이 많네요.
차기작을 위한 밑밥인듯",1
마이클,좋은 사운드로 마이클잭슨 노래 듣는 것만으로 충분했다.,1
마이클,"그와 같은시대에 잠깐이나마 겹친것이 큰 행운이다.
그곳에서는 외롭지않고 평안하시길..",1
마이클,"마이클 잭슨 음악 영화관에서 듣으니 넘 좋으네요
콘서트 온 느낌 . . 

무조건 봐야죠
넘 좋았어요. 음악에 따라 흔들기도하고 슬프기도하고
여운이 남는 영화
끝까지 앉아있었네요～～",1
마이클,"생의 마지막을 알기에, 인생전반 성장해가는 과정을 그린 내용이지만, 내내 주인공에 대한 애잔함을 떨치기 어려웠습니다. 그래서 그의 노래와 무대 등의 재현에 감동이 더 컸던것 같습니다. 2편을 기대합니다.",1
마이클,배우의 연기력이 좋았고 오랜만에 마이클잭슨 음악 감동적이였다,1
마이클,마이클 재미있었습니다,1
마이클,"착한 천재 뮤지션!!!
음악을 다시 들을 수 있어서 너무 좋았어요!!!
당신이 있어 너무 행복합니다♡",1
마이클,"최고였습니다
아마도 태어나 처음으로 N차 관람을 하게 될 영화가 될 것 같습니다",1
마이클,그냥 별 생각없이 빠져서 보게 되는 영화.,1
마이클,너무 재밋개 잘 본 영호ㅓ!!,1
마이클,마지막으로 갈수록 늘어지긴 했지만 재밌었습니다,1
마이클,논란인 부분은 논외로 하고 그냥 마이클의 선함이 이제야 알려지는 안타까움과 큰사운드로 듣는 노래만으로도 볼 가치는 충분한것같네요,1
마이클,너무 큰 기대는 안하고 보면 괜찮.,0
마이클,서사의 아쉬움은 있지만 극장의 쌩쌩한 사운드로 마이클잭슨의 노래를 듣는것만으로도 행복이다.,1
마이클,배우의 노력이 대단한듯 스토리파트는 재미없었는데 무대부분이 좋았음,1
마이클,2시간으론 너무 부족했다!,1
마이클,마이클팬이지만 아픈 가족사 생각하면 편히만 보기 힘들다,1
마이클,영원한 뮤지션 마이클 최고예요^^,1
마이클,주연 빼고는 그냥 병풍일뿐 모든 캐릭터들의 의견이라는게 없다,1
마이클,오랜만에 노래 들으니 좋았어요~,1
마이클,마이클잭슨에 대해서 알수 있었네요 굿,1
마이클,"정말 최고의 영화였어요
다음편도 나왔으면좋겠ㅇㆍㄱ요",1
마이클,"마이클잭슨의 열정과 천재성을
느낄 수 있는 감동적인 영화",1
마이클,다ㅜ좋운데 주변 인물들 너무 허접,1
마이클,처음엔 진짜 마이클 잭슨 인줄... 알고보니 조카.. ㅇ즐겁게ㅜ잘봤습니다~~다시 듣는 노래도 좋았어요~~~,1
마이클,"성인이 된 마이클의 목소릴 들었을땐 소름이 끼쳤다!!!
모든것이 완벽한 전기영화!",1
마이클,"너무즐거운 영화
마이클잭슨 일대기 몰라도 알게되는 영화였고
영화보는내내 발로박자맞추기 바빴어요ㅋ",1
마이클,"마이클 잭슨의 인간적 고민과 추모보다는 아빠와의 갈등을 상업적 이미지로...
마지막이야기가 흐지부지~~2탄준비중인가 싶기도
그래도 재미지게 관람했어요♡",1
마이클,아 좀만 일찍 태어나서 투어하는 거 볼 걸...,1
마이클,이제 유튜브로 마잭 보러 가야지,1
마이클,"지루할틈이 없네요
마이클의 인간적인모습을 볼수있어서 좋았습니다",1
마이클,이 영화가 완성될 수 있던 이유는 오직 그가 마이클 잭슨이라서이다..,1
마이클,두시간동안 마이클잭슨의 공연을 본듯해 즐거웠어요^^,1
마이클,"추억의 마이클을 영상속에서 다시보니 즐겁네요
후속작이 있는건지? 마무리는 아쉽네요 중간에 끊어진 느낌",1
마이클,뮤지컬 보는듯 즐거웠어요,1
마이클,오래간만에 영화다운 영화를 보았다. 간결한 스토리 전개. 지루할 틈이 없는 음악. 적절한 배우의 기용. 위대한 가수의 탄생을 지켜볼 수 있었다. 2편이 기대된다.,1
마이클,화려함뒤에 내면을 알게되어 마음이 아프기도하고 감동도 있어 좋았고 후속작도 기대해 봅니다,1
마이클,즐겁게 봤지만 아쉬움이 많네요,1
마이클,마이클 잭슨이여 영원하라,1
마이클,"마이클 인생에 대해 알았고 성향에대해
처음 알았어요 정말 대단하고 아깝고..
불쌍하고....영화잘봤어요",1
마이클,Screen x 에서 관람하니까 콘서트 관람 하는것 같은 몰입감과 사운드가 정말 좋았습니다!,1
마이클,살아있는 마이클을 만나고싶네요. 그럼에도 불구하고 멋진음악과 미소 마인드에 박수를 보냅니다.,1
마이클,재미가 있어요 좋았어요.,1
마이클,저는 좀 아쉽네요 이도저도 아닌...,0
마이클,좋은영화 감사합니다,1
마이클,마이클 잭슨 2편기대할께요,1
마이클,하...마이클을 돌려줘...이런식으로 그를 ㅜㅜ 😭,0
마이클,재밌게 잘 봤습니다.,1
마이클,"노래 춤 넘 완벽하고 신나고 잼났어요
생애 이야기가 없는게 조금아쉽지만 시간가는줄모르고 봤어요",1
마이클,연기자의 노래만으로도 즐겁게 볼수있었어요,1
마이클,"극장에서 꼭 보세요
그리고 스크린X 이런걸로 보세요!!",1
마이클,마이클 마이클 그에 래퍼토리만으로도 행복했음,1
마이클,"아는 음악이나와서 즐거웠고 새로운 좋은 음악을 알게되어 행복했습니다.
결말이 아쉽다는 후기에 걱정을 많이 했지만, 좋았어요",1
마이클,음악만으로도 볼 가치가 있는 영화,1
마이클,"영화 되게 좋았습니다. 
스토리 부분은 호불호가 있는건 사실인데, 영상미와 마이클의 곡이 삼입되는 부분은 감독이 잘 살렸습니다.
특히 배드 투어때는 진짜 웹블리 스타디움에 온 느낌이 나서 진짜 좋았습니다.",1
마이클,"마이클잭슨 잘 몰랐는데 타인의 아픔을 공감하고
아이를 좋아하는 사람이였네요
배우분 연기 너무 잘하네요
역시 유전자의 힘!!!",1
마이클,스토리는 좀 아쉬웠지만 노래가 좋았어요.,1
마이클,"음악은 너무 좋은데~ 원조를 따라가기엔 많이 아쉽네요.
대단한 사람이 없어서 아쉽습니다.",1
마이클,다시 듣는 마이클잭슨의 노래만으로도 충분했던 영화,1
마이클,이렇게 심장을 뛰게 만드는 영화는 오랜만이다,1
마이클,mj 유년기의 아픔속에서 슈퍼스타가 되어가는 과정에 포커스해서 변화하는 감정선에 더 공감할 수 있었다. 멋진 대사. there is no one like you. and never will be.,1
마이클,마잭으로 영화를 이렇게밖에 못 만들다니 ㅠㅠ,0
마이클,"전기 영화보단 디스코그래피에 가깝지만, 마이클 잭슨의 노래와 춤의 재연을 큰 화면으로 볼 수 있다는 것만으로도 충분히 보러갈 만한 영화",1
마이클,잭슨의 일대기는 2시간으로 부족한거 같아요 ㅠㅠ 너무 재밌다,1
마이클,잘봤습니다. 인상깊었습니다.,1
마이클,"시간가는 줄 모르고 감상하다 갑자기 끝나버려 좀 당황스러웠어요. To be continued…인가?

MJ~!
저 세상에선 평범한 아이로 자라면서 동심의 세계를 온전히 
누릴 수 있기를 기원합니다..",1
마이클,"마이클 잭슨의 음악세계에 대하 조금 더 알 수 있었고
영상과 음악 모두 몰입할 수 있는 영화였어요.

마이클2 나오면 좋을것 같아요.",1
마이클,마이클 이라는큰별 이었지만 시간이 지날수록 직접 보고 느끼시면,1
마이클,영화 잘 보았습니다~~~~,1
마이클,"군중속의 고독한 모습에 짠한 마음도 들었지만, 음악, 춤 등등은 최고! 몰입해서 즐겁게 잘 봤습니다. n차 관람 예정입니다",1
마이클,재밌었어요 :) !!!,1
마이클,진짜 마이클은 넘사벽 이더라,1
마이클,"마이클 연기력 너무 좋앗고 춤도 완벽 재현햇고 마이클 특유의 목소리톤도 똑같아요. 콘서트장면엔 콘스장에서 보는 느낌 몸이 움직이고 박수가 나왓어요. 
넘 김동이고 2편 너무 기대되요. 못다한 이야기.",1
마이클,보고싶다. MJ 갔었어야 한다. MJ 내한공연 오늘은 하루 종일 플레이리스트에 MJ곡으로만 채워야지,1
마이클,신나고 재미있게 봤습니다,1
마이클,말이 많은 영화긴 하지만 팬이라면 노래듣는 순간 다른건 다 잊게될 정도로 몰입하게 될껍니다,1
마이클,"너무 감동있고 멋진 영화였어요~ 다 보지못한 나머지 부분도 2편으로 꼭 나왔으면 좋겠어요~
기대이상의 공연을 본 느낌
완전 강추!",1
마이클,아주좋아요 추천합니다.,1
마이클,엔딩크레딧까지 다 봐도 여운이 남네요,1
마이클,배우들 연기가 좋았다.,1
마이클,여운이 남는 영화...이후에도 음악을 찾아서 듣게 되는...뭔가 짠함이 남는 현실과 판타지 속의 인물...,1
마이클,"마이클 잭슨의 콘서트를 보고 온 듯 
즐거운 시간이었습니다. 
재관람하고 싶은 영화.
강추~",1
마이클,아주 재밌게 관람했어요!,1
마이클,마이클잭슨이 다시 살아난것 같은 배우의 연기~,1
마이클,콘서트 관람하는 기분으로 몰립하여 보았네요. 그의 일생을 전부 담지 않아 아쉬워요.,1
마이클,연출과 노래가 좋아요,1
마이클,"마이클잭슨 환생한줄.
정말콘서트 느낌 지대루다",1
마이클,마이클 공연 즐기기 정도!!,1
마이클,신이 마이클을 너무 많이 사랑해서 먼저 데려간 걸로 생각하고 싶네요.,1
마이클,"마이클잭슨을 연기한 자파잭슨의 연기가 얼마나 대단하던지
넘 재밌게 봤어요 
마이클잭슨이 살아있더라면 좋아햇을거같아요",1
마이클,마이클 잭슨이 어쩌면 저평가된 아티스트일지도.,1
마이클,"추억여행을떠난듯
마음이편안하고포근해졌다
그의음악에대한열정과
인간미에대해
알게되었다",1
마이클,마이클 2부가 기다려진다,1
마이클,"아주 아주 마음에 쏙 들어요.
그 때의 들려오던 노래들이 흘러나오니 추억이 새록새록...",1
마이클,마이클잭슨 노래 좋아요ㅎㅅㅎ 재밌었는데 상하편 나뉜게 좀 별로였음,1
마이클,보헤미안 랩소디 같이 일대기와 실황중계의 콜라보를 기대했으나 마이클잭슨의 아픈 가정사가 대부분이라 루즈한 편이다. 잠깐씩 등장하는 공연들이 메인이였다면 더 좋았겠지만 노래비중은 적은편이라 아쉽다,1
마이클,"한국이 통일이 되는 날 천마가 하늘에서 내려와 공연을 하기로 약속했다고 한다
나는 이 이야기를 아주 좋아한다",1
마이클,마이클잭슨에 대해 잘 몰라도 재미있게 볼만한 영화,1
마이클,명불허전 마이클 잭슨 닥치고 다들 영화를 보세요 감동이 쓰나미가됩니다,1
마이클,되살아난 마이클!!!!,1
마이클,너무 재밌었고 배우들의 연기가 미쳤어요,1
마이클,마이클잭슨 보고 싶어요ㅠㅠ,1
마이클,"재미있게 봤다고는 생각하는데

뭔가 아쉬움",1
마이클,문워크 맞나? 아무튼 그거만 아는데 생각보다 볼만했음,1
마이클,남이못가진 천재적 재능을 가지는 대신 남이 가지는일상들은 가질수 없는건가? 마이클의 개인적 삶보다는 음악에 중심을 두어 좋았다,1
마이클,너무기대가 컸나봐요 실망이에요,1
마이클,비운의 가수라고 생각했는데 대단한 아티스트였네요..노래도 무대 위에서의 무대와 에너지가 대단했어요. 스크린엑스 돌비사운드로 음향 빵빵하게 들으니 콘서트보는거같고 더 재미있었네요.,1
마이클,마이클의 어린시절의 힘든 가족사 고뇌. 그의음악을 이해하기좋았어요,1
마이클,황제의 귀환 그러나 볼수록 느껴지는 마이클의 위대함과 채울수 없는 빈자리,1
마이클,재미있게 잘 봤습니다.,1
마이클,"마이클잭슨의 대단함을 다시 느끼게해주네요
연기도 노래도 좋았어요
어린 마이클이 가엽고 아버지라는 사람이
너무 잔인하네요",1
마이클,"넘 재밌게봤어요
춤 대박이어요",1
마이클,전체적 스토리보다는 마잭의 음악과 콘서트의 열기를 아주 조금이나마 느낄 수 있어 좋았네요!,1
마이클,재미있게 봤어요 후속편이 있으면 좋겠어요,1
마이클,천재 뮤지션의 성장과 독립스토리~~애잔하기도하고 가사에 집중해 들었던 영화,1
마이클,좋았어요 (빌리진 최고! 2편 데인저러스를 기대하며),1
마이클,정말 한 가수를 이해하며 눈물과 함께 본 감동적인 영화였어요,1
마이클,"팝의 황제 ~ 마이클 
주옥같은 노래를 들을 수 있어서 너무 좋았습니다",1
마이클,재밌네요 꿀잼이에욯ㅎㅎ,1
마이클,마이클 잭슨의 팬이라면 전개가 많이 아쉬웠겠지만 무대 연기는 대만족,1
마이클,실제 마이클 잭슨의 가족들이 너무 미화되게 나온게 너무 별로였어요. 무대 연출이나 연기는 좋았어요,1
마이클,마이클의 전기로 제작된 영화어서 기대가 많았지만 아쉬웠어요,1
마이클,스토리 전개는 아쉬웠지만 무대는 좋았다,1
마이클,마이클잭슨의 과거 모습과 노래들을 들을수 있다니 그것만으로도 좋았다,1
마이클,마이클의 유년기 성인이 되기까지의 삶을 다시 볼수 있어 좋았어요.아버지의 훈육 방법이 마이클을 힘들게 했구나 싶은게 안타까운 맘이지만 그런상황에서도 잘 자라준게 고맙다,1
마이클,2가 정말 기다려집니다. 마이클 잭슨 그리움!!,1
마이클,빌리진 낱 마이 럽~~,1
마이클,마이클 잭슨의 콘서트를 간접 견험할 수 있는 영화,1
마이클,마이클 잭슨 노래만으로 볼 가치가 충분해요,1
마이클,"자파르 잭슨 내한해
마지막 무대 진짜 미쳤음",1
마이클,조각난 드라마를 잇는 무대의 열기,1
마이클,아니 노래 정말 너무 좋고 마이클 잭슨님 사랑합니다 정말 영화보는 내내 즐거웠어요,1
마이클,나이가 이렇게 들어서 마잭을 다시 만나니 너무 즐거웠다.,1
마이클,팝의황제 마이클잭슨! 영화 재밌게 잘 봤어요,1
마이클,천마가 왜 천마인지 보여줌,1
마이클,"마이클잭슨은 진짜 왕입니다.
외로웠던 왕..ㅠ",1
마이클,"너무 힐링되는 영화였어요~
최고였어요",1
마이클,영화 재밌게 잘 봤습니다.,1
마이클,좋았어요~! 좋았어요~!,1
마이클,마이클은 어떻게 저런 가족들 사이에서 흑화를 안한거지 ㅠ,1
마이클,납작한 영화 그자체.. 마이클 잭슨을 이렇게밖에 못그려낸다고? 싶음,0
마이클,"영화를 보다가 마이클이 다시 보고 싶어졌다
즐거운 장면인데 울컥하는 감정이 다시 들었다",1
마이클,반드시 2편을 만들어야 하는 영화다. 그게 아니라면 결말은 설명이 안된다. 진짜 결말이 너무 별로다. 다만 자파가 마이클을 재현하기 위해 얼마나 노력했는지 알 수 있는 영화다. 노력점수는 100점,0
마이클,지금 들어도 여전히 좋은 마이클 잭슨의 음악,1
마이클,"마이클은 어떤 “스타”였는가를 보여주는 영화
무대 연출과 배우의 연기는 정말 끝내주었다
마이클의 젊었을 적 모습을 상상하게되는 영화",1
마이클,넘잼나게봤습니다 강추,1
마이클,음악이 좋았어요. 그 시절이 생각났고 마이클이 너무 힘든 유년시기를 보낸것 같아 마음이 짠했네요. 그래도 전 세계의 사랑을 받고 가서 다행입니다. 죽음은 여전히 슬프지만요.,1
마이클,"마이클이 존재했던 시대에, 함께 살았던 것으로충분히 행복. 
그의 열정과 동물에 대한 사랑과, 아픈이들과 어린이에 대한 베품과 사랑에 감사한다.",1
마이클,정말 재미있게 잘 봤습니다,1
마이클,마이클 잭슨. 얼마나 소중한 예술가이든가! 영화 보는 동안만이라도 행복했다네..,1
마이클,노래는 좋고 콘서트 연출 좋으나 서사는 바닥,1
마이클,"- 마이클을 연기한 배우가 마이클 특유의 외모와 목소리를 잘 구현했다.
- 마이클의 노래들 중에 아는 노래의 전주만 나왔는데도 닭살이 돋을 정도로 소름끼치고 흥분됐다.
- 마이클 팬들에게는 선물같은 영화다",1
마이클,아쉬운영화 무대가전부,0
마이클,아직 안 끝난거죠? 시간가는줄 모르고 재밌게 봤어요 가족의 의미를 다시 한번 더 냉각해봤던 시간,1
마이클,1980년대 마이클의 노래가 그리운 건 그 때를 함께 보내면서 이미 공감대가 이뤄진 것이 아닐까. 빌리진을 들으며 가슴이 뭉클했고 스릴러를 보면서 추억이 새록새록 돋아났다. 계속되는 그의 이야기가 기대된다~~,1
마이클,"<마이클>은 ‘누가’, ‘언제’, ‘어디서’, ‘무엇을’을 재현한다.
하지만 그런 장면들은 유튜브에 잘 남아있다.
내가 기대한 건 ‘어떻게’, ‘왜’에 가깝다.
하지만 <마이클>엔 그게 없다.",0
마이클,"내 어릴적 첫 우상!!
보면서 그때 그 시절에 마이클을 다시 만나는 느낌!!
또 봐야겠어요~~",1
마이클,단점을 가려주는 압도적인 음악,1
마이클,"전기적 영화 스토리에 촛점이 맞춰져 있어서
""마이클 잭슨""을 새롭게 인식할 수 있는 계기가
되기도 하는 뮤직 영화.",1
마이클,주로잭슨파이브시절노래로만나오지만재미있게봤어요,1
마이클,"불멸의 마이클 잭슨.. 이후로도 나올 수 없는
유일무이한 천재 예술가다.
그와 동시대를 살며 그의 음악에 푹 빠졌던
나의 청춘을 회상하며 영화에 심취했던 시간..
마이클~ 당신은 나의 영원한 사랑입니다.❤️❤",1
마이클,마이클의 음악과 춤을 다시 보고 들을 수 있어 좋았다 그의 음악 춤 패션은 시대를 앞서 지금 젊은 세대들도 공감하고 열광할만한 영향력 있는 가장 강력한 인물이다,1
마이클,심장을 울리는 영상미와 온 몸을 휘감는 사운드 최고! IMAX 필수! 다음편이 기대됩니다!,1
마이클,2번 봤는데 또 보고싶음,1
마이클,세계 탑이었던 전설의 뮤지션을 만날수 있어 감동이었고 더 마이클이 그리워지는 시간이었습니다.I love Michael.,1
마이클,"씽크로율 대박.. 조카라던데.. 정말 놀라움
스릴러 앨범 준비할 때 댄스, 무대기획 등을 좀 더 자세히 다뤄주길 기대했는데 전체적으로 두루뭉술한게 좀 아쉽.. 
아무쪼록 속편 제작 기다려봅니다~",1
마이클,음악 좋습니다 하지만 솔직히 스토리가 빈약한것같음,1
마이클,영화 엔딩크레딧을 보며 그와 동시대에 살았던 것에 행복했고 그는 영원한 나의 슈퍼스타 입니다.,1
마이클,약간 애매하게 끝났다ㅡ 싶었는데 후속편이 나오는 거였군요 ㅋㅋ 마잭을 잘 몰라도 전율이 흐르는걸 느꼈어요~~,1
마이클,한편에 다 담을 수 없는 존재. 그의 음악세계만 보아도 시간이 금방간다.,1
마이클,"음악 들으러 갔던거라 아이맥스관 선택 나이스~
콘서트장면 실감났다",1
마이클,역시 마이클잭슨 대단한 사람이다,1
마이클,팝의 황제를 영접하러 극장으로 갑시다,1
마이클,"마이클잭슨의 노래를 듣고 자란 세대라 그런지
과몰입하면서 보게 되더라구요
특히 아역배우의 미성과 노래실력에 한번 더 반하게 된 작품입니다.
조만간 재관람하러 가려구요",1
마이클,영화 잘 만들었어요~~재미있게 잘 봤네요,1
마이클,마이클 잭슨을 스크린으로 보는 것만으로도 영광이었음(물론 조카가 연기했지만). 그의 노래를 한 자리에서 다시 듣는 것도 좋았고 위대한 스타의 일생을 엿보는 것이 좋았음.,1
마이클,그립네요 영원한 마이클 넘잼나게 봤엉ㅛ 콘서트온줄~,1
마이클,재미있게 잘봤습니다,1
마이클,"혼자 관람하고 기대 이상으로 좋아서 부모님도 보여드렸어요. 마찬가지로 너무 좋았다고, 감동이었다며 정말 잘 관람했다하시네요~^^ 극장에서라도 마이클의 향기를 느낄 수 있어 좋았고, 다음편도 기다립니다!!",1
마이클,와! 스크린X 추천드립니다 ~ 눈과귀가 즐거운 영화~ 옛 명곡들 잘 감상했습니다.,1
마이클,완전 입덕…덕질 시작했는데 보면볼수록 마이클잭슨 삶 자체가 너무 슬퍼서 힘드네요 ㅠㅠ,1
마이클,다들 왜 이리 마이클잭슨에게 열광하는지 알게됐다~,1
마이클,"음악을 좋아하는 누구나 즐기다 보면 끝난다. 그만큼 몰입감이 좋았고, 사운드가 좋은 영화관에서 봐야 할 영화다.",1
마이클,"한마디로 완벽한 영화입니다.!!

그동안 수십년간 반세기 50여년 이상 되는 동안에 
물론 수많은 영화가 있었지만. 몇 안되는 몰입감 최고의 영화이고 감동이 있었습니다. 엔딩끝나고 자리를 뜨지 못하였고 2편도 .",1
마이클,마이클잭슨을 추억할수 있는 영화. 그곳에서 편히 쉬시길..,1
마이클,마이클 잭슨이 그리워지는 시간이였습니다,1
마이클,마이클 날 가져요 엉엉ㅠㅠㅠㅠ,1
마이클,기대이상이었어요 노래는 역시네요,1
마이클,"20대 시절로 돌아간 것 같아요.나의 인생 소울
장국영,마이클 잭슨. 너무 일찍 별이된 것 
마음이 아려요.그러나 아직 조용필가왕님이
계셔서 희망으로 살고 있어요.",1
마이클,이렇게 라도 다시 볼수 있게 좋았어요 2부 기다릴게요,1
마이클,다시보게된 레전드 가수 마이클 최고에요!,1
마이클,노래 가 나올때 가만히 있는게 너무 힘들었다,1
마이클,"자넷잭슨, 다이애나 로스, 이후 30년이 
통째로 날아가서 아쉬운 영화
마이클 잭슨 살아서도 죽어서도 편하질 못해
안타깝고 아깝고 선하고 음악적으로는 대단한 사람",1
마이클,"최고의 가수 너무 일찍 돌아가셔서 
마음이 아프네요^^",1
마이클,어머니와 보디가드 외에는 모두가 그를 뜯어먹었던 슬픈 이야기,1
마이클,위대하고 천진하며 상처투성이다.,1
마이클,스토리는 좀 아쉬운데 공연 장면 때문에 무조건 극장에서 봐야 할 영화네요,1
마이클,"노래도 너무 좋고 스토리도 좋네요.
다음편이 기대되요",1
마이클,"육각형 영화네요
배우연기, 노래, 연출 뭐하나 부족함없이 최고네요
다시 보고 싶어요 ㅎㅎ",1
마이클,"몰입감 짱짱..!!
무조건 큰 상영관에서 사운드 빵빵하게 봐야함",1
마이클,정말 재미있게 봤습니다,1
마이클,오랜만에 나의 심장을 울려주는 영화였다. 젊은 시절 좋아했던 가수를 스크린에서 보게될 줄이야.. 실제 마이클잭슨은 아니지만 충분히 그를 떠올릴만한 모습이었던것 같다.,1
마이클,도입부는 좋았지만 후반부는 힘이 풀린 느낌? 이 다소 아쉽다.,1
마이클,음악이 좋았어요 천재성.여린감성.아름다워요,1
마이클,무난히 평범한 내용과 결말에 과거사!,1
마이클,재미있게 관람하였습니다.,1
마이클,예측이 가능한 내용과 결말의 과거사!,1
마이클,음악적 재능이 뛰어난 뮤지션 과거사!,1
마이클,마이클 잭슨이니까 이 영화가 영화가 된 것.,1
마이클,"스토리는 살짝 미흡하고 어딘지 아쉬움이 남지만 마지막 15분정도 공연 장면에서는 다시 그가 살아온거처럼 감동적이면서 울컥했습니다~
30년전 잠실공연을 함께 했는데 이제는 더이상 볼수없다는 현실이ㅠㅠ",1
마이클,너무 멋있어요! 이건 꼭 영화관에서 봐야함,1
마이클,"레전드이다보니 영화내내 마이클의 음악에 푹 빠짐. 
감독이 더 내용을 풀고 싶었다는데 큰 벽에 막혀 재촬영햤다는 비하인드스토리를 들으니 끝이 왜 그리 끝났는지 이해가 됨.",1
마이클,"기대가 컸나봐요.
보헤미안 랩소디/라라랜드 기대하고 봤는데
생각보다는...별로였어요.",1
마이클,"착하고 선한 마음의 소유자인 
천재적인 뮤지션의 짠한 행보에 
마음이 저려옵니다..
안타까운 맘에 울컥할뻔!!!
천채는 왜 단명일까요",1
마이클,무언가 아쉬운 내용에 팝황제 과거사!,1
마이클,난 이 영화가 왜 마이클잭슨이 아닌 마이클인지 의문을 갖고 봤지만… 그 이유는 이 영화를 통해 알 수 있었다. 그리고 그가 잭슨5 투어를 하며 함께한 잭슨5를 내려놓고 오로지 자신을 위한 마지막 무대가 되었다,1
마이클,"마이클잭슨의 생애,평가,진실혹은거짓.. 그런거 상관없이,
그저 영화적으로만 봤어요.
괜찮았어요.",1
마이클,몰입감 최고!! 굉장히 신나고 그 시절이 떠올라 뭉클했습니다. 마이클 팬이라면 꼭 봐야하는 영화!,1
마이클,마이클잭슨의 빙의를 한 듯한 배우님 열연에 감사합니다,1
마이클,담담하게 풀어낸 영화~~ 러닝타임을 좀 더 늘려서라도 더 많은 얘기를 들려줬으면..,1
마이클,유명한 뮤지션 활동을 돌아본 과거사!,1
마이클,음악적으로 볼 만해요.,1
마이클,마이클잭슨이 진짜 자기를 찾을 때까지 과정을 담담히 만든것 같아 좋네요. 뭐라해도 음악이 최고인듯,1
마이클,2시간동안 마이클잭슨 살아돌아온줄,1
마이클,재능이 넘치는 전설적 뮤지션 과거사!,1
마이클,예쁘게 포장된 졸작,0
마이클,"마이클 잭슨의 홀로서기
잭슨이 그립습니다~!",1
마이클,"무대를 홀로 채우는 압도적인 존재감!!
마이클 잭슨 영원한 신.",1
마이클,재밋게 잘 봤어요 공연본 느낌,1
마이클,"전설은 영원하다. 

히트곡이 너무 많아서 귀가 황홀. 

마음 한구석이 뭉클해지면서, 시대를 초월한 왜 아이콘인지 증명하는 완벽한 전기 영화

무조건 사운드 빵빵한 큰 관에서 보길 추천!!!!",1
마이클,콘서트 관람하듯 즐기다 왔습니다. 아쉬운 점도 많았지만 자파르 잭슨의 무대 연기가 훌륭했습니다. 마이클 잭슨이 그립네요.,1
마이클,제목이 곧 답이다 최고!,1
마이클,옛날추억의시간이 소환이되었고 흥분이되는 음악에 맞추어 영화보는 내내 앉아서함께 댄스하였오 넘좋다,1
마이클,마이클 너무 외로웠을거 같아서 마음이 아프네요,1
마이클,2편이 벌써 기다려져요!!!! 돌비 정말 좋았습니다!! 돌비 추천!,1
마이클,지루할 틈이 없다. 역시 팝의 황제는 어릴적부터 남다르다.,1
마이클,생각이 많아지는 영화 좋아요,1
마이클,"용산 아이맥스로 관람했습니다! N차 관람 중이고,팝의 황제의 노래들을 영화관에서 큰 화면과 소리로 들으니 정말 콘서트에 와있는듯 너무 떨리고 신나고 감동적이었어요. 볼수록 마이클 잭슨이 그립네요 최고!",1
마이클,정말 재미있게 봤습니다,1
마이클,다 좋았지만 가족들의 욕심인지 한편에 끝나지 않은 것이 아쉬움,1
마이클,살아생전 보지 못한 마이클 잭슨 콘서트를 관람하고 온 것 같다. 그의 인생 서사까지 볼 수 있어 좋았다. 재밌고 감동적. Ost는 말할 필요도 없다.,1
마이클,마이클젝슨이 보고싶네요.,1
마이클,감동적이고 한편공연을 보고왔는것같아요~~,1
마이클,"레전드 오브 레전드!!

초반엔 어린 마이클을 연기한 아역배우의 노래와 춤, 연기에 놀라고!

그 다음엔 성인 시절 마이클을 연기한 배우의 목소리와 노래, 춤에 한번 더 놀라는!

마이클의 노래만 들어도 굳!!😎",1
마이클,"지금 그 곳은 편안하신가요
보고싶습니다.
영화보니 더 그러네요",1
마이클,진정한 아티스트! 시대를 앞선다는게 이런거였어! 근데 마이클 잭슨의 에피소드를 진짜 조금만 다룬거 같아요. 무대나 노래도 많이 나와서 넘 좋았는데 너무 안전하고 조심스럽게 접근한거 같아서 아쉽긴했음.,1
마이클,"진짜 마이클잭슨 스토리를 알면 최악
스토리 모르는 사람은 아는 노래 나올 때 전율
이 두가지가 다인 듯",0
마이클,"놀랍고도놀랍지만, 흠",1
마이클,너무 좋았다 my!,1
마이클,"초6 아들이랑 넘 재미났어요
음악도 신났고 내용도 잼났어요 마이클의 외로움이 진하게 느껴져 마음이 아팠습니다 고생했어요 음악천재 영웅마이클!!👏",1
마이클,음악만 즐길만한 마이클 전기영화.,1
마이클,"나,,, 마이클 디게 좋아 했었나보네,,
와~~~!! 영화 끝나지도 모르고 봤네,,, ^^;;",1
마이클,"아역 배우가 싱크로율이 최고 엿던것 같아요!!! 조카가 마이클 역할을 하는데 좀 거리감이. . 마이클 잭슨을 그 누가 대신 할 수 없긴 하지만. . 아역 배우가 짱이엿어요!! 
빨리 2탄?을 보고 싶네여. 잼잇고 감동",1
마이클,보고싶어서 보게댄 마이클 보는내내 즐거웠습니다,1
마이클,스토리는 계속 반복되는 느낌 마이클의 뮤직비디오나 영화를 봤으면 공감되는 장면이 많았다.,1
마이클,마이클 잭슨의 노래를 듣다 어느순간 끝나는 영화,1
마이클,학창 시절 복제된 흐린 화면으로 보았던 마이클 잭슨의 뮤직 비디오를 보고 느낀 감정은 지금도 생생하다. 이런 거장과 한 시대를 살았다니...,1
마이클,알맹이가 없는 영화네,0
마이클,음악이 계속 맴도네요,1
마이클,"2편 기대합니다~~
잘봤어요~~",1
마이클,1편이었다니???ㅋㅋㅋ,1
마이클,ott 나오면 보세요~,1
마이클,음악이 너무 좋았어요 잘 봤습니다,1
마이클,콘서트를 본 것 같이 너무좋았어요~,1
마이클,ott 나오면 보세요~,1
마이클,ott 나오면 보세요~,1
마이클,"어두움을 뺀 마이클잭슨의 밝은면이 더 많이 나와서 오히려 보기에 편했습니다.
시대의 천재 아티스트를 2시간 넘게 느껴볼수 있어서 좋았네요.
단, 의문이 많은 메니저가 젠틀하게 나오는데 이건 역사왜곡임~~",1
마이클,시간이 순식간에 지나가 버렸어,1
마이클,"최고의 스타이지만 아버지의 잘못된 집착, 사고,여러가지 어려움속에서 자신울 찾아가는 모습 그리고 음악울 통해 꿈을 펼치는 모습...얫생각에 점시 빠졌다",1
마이클,"재밌게 잘봤습니다.
역시 마이클잭슨은 전설 그자체👍",1
마이클,비하인드스토리를 보면서 짠한 느낌이 있었지만 노래가 너무 좋아서...,1
마이클,옛날 생각이 나게 합니다. 빌리진 레코드 판 구입해서 턴테이블에서 들어던 생각에 잠겨서...,1
마이클,"마이클잭슨이 넘 그리워짐
Genius artist ♡
음악을 좋아하는 분들은 볼만함",1
마이클,음...기대를 너무 한것인가?빠르지만 재미가 그닥..음악과 연기력은 좋았지만 스토리는 지루함이...,0
마이클,재밌네요 기대이상이에요,1
마이클,슈퍼스타 뒤에 숨어있는 이야기를 새삼스럽게 다시 생각하게 만드네요 ㅎㅎ,1
마이클,굿입니다. 사운드가 압도적이였어요.,1
마이클,"동물들을좋아하고
어린이들을 사랑하고
무엇보다 가족들을사랑했던
마이클잭슨..
영화너무잘봤네요^^",1
마이클,저금 더 길게 만들어도 좋았을거같아요 너무 함축된 느낌 ㅠㅠ,1
마이클,"마이클 잭슨 정말 전설이었구나 곡들도 다 명곡이었네
그리고 화려함 뒤에 그런 여러가지 고충이 있었던것도 처음 알았네요",1
마이클,"마이클잭슨 아역역할 배우가 너무 잘 하네요 ㅎㅎ
재밌게 잘 봤습니다",1
마이클,마이클 잭슨의 방대한 서사를 다 담기엔 시간상 부족했겠지만 콘서트 장면에서 나오는 노래와 춤에 눈과 귀를 다른 데 둘 수 없을 정도로 훌륭했어요.,1
마이클,"와우 레전드! 콘서트장 온것같음.
개간지!!존멋!
아이랑 같이 봤는데 흔들면서 봤네요~
Screen X 강추!",1
마이클,"마이클 헌정 영화, 천재적인 재능을 가진 스타",1
마이클,사운드 좋았는데 편집이 많이 되어 스토리가 많이 이쉽네요.,1
마이클,콘서트를 보는 것 같은 즐거움,1
마이클,영화 재밌게 잘 봤습니다~,1
마이클,마이클 잭슨 실황 콘서트에 다녀온 기분~^^,1
마이클,마이클의 음악과 춤이 정말 좋았어요.,1
마이클,"어허..
내입이 다물지를 못했네..
언제 나오나???",1
마이클,★★☆ 수박 겉핥기,1
마이클,"인물에 대해 파고들지 못하고, 보여주기식 영화에 그친점에 아쉬움이 남는다.",1
마이클,마지막 3연속으로 나오는 노래 좋았습니다. 다시 보고 싶은 마이클.,1
마이클,마이클잭슨을 보면서 자란 세대는 아니지만 넘 감명깊게 시간가는 줄 모르고 봤습니다^^,1
마이클,"단조로워서 더 좋았다. 음악, 아버지와의 관계에 집중!",1
마이클,"슬프지 않은데 눈물이 나는 이유는 뭘까?
마이클 잭슨의 완벽한 퍼포먼스와 동작 자체로 감동의 도가니로 빠져들게 한 <마이클> 완전 강츄!!",1
마이클,인물의 후광에 업어가는 영화,0
마이클,"재관람 Go~Go~
정말 최고예요! 
이런 영화 자주 나왔음 좋겠어요!",1
마이클,신나고 무난하게 즐길수있네요,1
마이클,"와 와 와
진짜 소름 감동 눈물
세상에 그가 없음이 뼈저리게 느껴져서 슬프네요
사랑합니다",1
마이클,조만간 부모님 모시고 또 보러가겠습니다.,1
마이클,"너무 재밌게 봤어요.
고딩때 공연 속옷사고 당첨되서 잠실 경기장인가 가서 혼자 봤던 기억이 새록새록",1
마이클,"귀가 황홀했던 영화.
보헤미안 랩소디와 단순 비교하긴 어렵지만, 마이클 잭슨이 감당해야 했던 고뇌와 외로움이 피부로 느껴졌다. 화려한 무대 뒤 인간 마이클이 오래 남는 작품.",1
마이클,"맠클!맠클!맠클!맠클! 맠클!맠클!맠클!맠클! 맠클!맠클!맠클!맠클!
싱어롱 영화처럼 연출했는데 가사를 몰라서 못따라불렀어요 ㅠㅠ",1
마이클,잘 봤습니다 2부 기대할께요,1
마이클,마이클 잭슨 노래 들어본게있어서 영화봤는데 너무 재미있습니다.,1
마이클,극장에서 봐야 찐인 영화,1
마이클,마이클 잭슨 의 인생을 이해할수 있어서 ~~좋았고요 주인공분 연기도 좋았어요 모르는 곡도 들어서 좋았구요,1
마이클,"홀로 대관해서 보았다.
오로지 감상해서 좋았다.
빠져들었다.",1
마이클,96..98두번 잠실 공연 가는데 후반부 음악은 현장 있는듯 사운드 아주 좋야네요,1
마이클,아동학대에 대한 영화랄까..음악은 정말 죠아,1
마이클,그립습니다 ㅠㅠ 아이맥스로 다시 봐야 할것 같아요,1
마이클,"역시 대단한 가수였구나, 마이클 잭슨! 그의 노래만 듣고 싶은 밤이다!",1
마이클,마이클 삶의 이야기를 이해하는데 너무 좋은 영화였어요! Ost 너무 좋고요!,1
마이클,"솔직히 기대했던 것보다 실망감이 크네요
싱크로율도 떨어지고",0
마이클,마이클잭슨 멋져요~,1
마이클,재미있게 봤어요. 굿^^,1
마이클,2 나올 것 같은데 2는 좀 우울할 걸 같은데..,1
마이클,노래도 너무 좋고 재미있네요,1
마이클,"극장안에서 진짜 춤추고 싶은데 다들 가만히 집중해서 봐서 나도 내 욕망 억누르고 내적댄스 췄어요
thriller / Beat it 나올 때 진짜죽음
그리고..영화 시작부터 이미 설레죽었음",1
마이클,한번더 봐야겠습니다,1
마이클,"콘서트 관람하고 나온것 같군요
평론가의 악플은 무시하고 무조건 극장으로 가세요",1
마이클,그의 음악을 듣는 것만으로도 충분히 영화를 볼 가치가 있습니다,1
마이클,추천합니다. 추천합니다.,1
마이클,그 시대의 마이클 잭슨이 이래서 팝의 황제였구나,1
마이클,"인간으로써 마이클 잭슨을 이해 하기에는 너무 부족한영화 라고 느껴며
팝스타 마이클 잭슨의 콘서트 버전 보는 느낌입니다",1
마이클,너무너무 그리운 마이클잭슨 ㅜㅜ,1
마이클,잼나게 잘 봤습니다.~^^,1
마이클,마이클 잭슨이 대단하네요. 잘 봤습니다.,1
마이클,"굿! 
좋았습니다!",1
마이클,두개로 나누지 말고 하나에 다 담았으면 더 좋았을 거 같긴한데…,1
마이클,"큰 화면에서 황제를 뵙는 것 만으로도
만족…

그립네요…",1
마이클,"빌리진 스릴러등 주옥같은 노래
어린시절부터 성장해서까지 설명보다는 진심어린 무대에서의 표현이 그동안의 삶을 노래에 표현한것 같습니다.!",1
마이클,"그시절 전설의 뮤지션을 영화로 만나니
전성기를 함께한 팬으로 온몸에 전율이
흐르며 행복했다",1
마이클,감동적이에요. 또 슬퍼요ㅎㅎ,1
마이클,마이클 잭슨이 활동했던 시기에 태어나지 않았지만 그 팝의 황제 시대를 느낄 수 있었습니다 마무리가 아쉽지만 2부작인거 같아 더 볼 수 있으니 좋네요,1
마이클,재미있게 봤습니다.………,1
마이클,좋았어요 오랜만에 귀호강 했어요,1
마이클,"음악 넘 좋아요
배우 노래잘하네요.",1
마이클,무대를 압도하는.. 다시한번 더 봐야겠네요.,1
마이클,정말 시간이 가는줄 모르고 잘봤습니다~,1
마이클,일단 오프닝부터 발이 들썩입니다 ㄷㄷ 마이클 형님 그립습니다 ㅠㅠ,1
마이클,1.2편으로 나뉜지 모르고 엔딩에 이게 뭐지하고 봤네요..ㅋ,1
마이클,보고 싶어요 마이클 잭슨,1
마이클,배우와의 싱크로율이 좋아서 위화감없이 볼 수 있었어요,1
마이클,IMAX 사운드의 가치가 돋보이는 영화,1
마이클,"정말 진심 최고! 👍 👍 👍 
2편도 기대됩니다",1
마이클,"넘 쨈있어습니다
심장이 쿵쿵뛰고 감동이 그대로 전달되는 느낌이었습니다",1
마이클,재미있어여~~ 콘서트 보는 느낌이었어여,1
마이클,마이클 잭슨 음악을 듣는 것 만으로도 좋았어요!,1
마이클,뒤통수 맞은 느낌은 있지만 마이클 음악을 크게 들을 수 있었던 것만으로도 나에겐 즐거운 시간이었다.,1
마이클,마이클의 주옥같은 곡들이 주는 감동,1
마이클,"상영관내에 냉방 제대로 가동해요
보는 내내 더워서 손부채질에 의자와 닿는 등은 땀흐르고 영화에 집중을 못하겠습니다
끝날때되니 그때서야 가동하는듯 냉기가 도는데 약올리는것도 아니고
cgv영업안되나봄.",1
마이클,"즐겁게 봤습니다.
마이클책슨 음악을 큰 스크린으로 즐길 수 있어 좋았습니다.",1
마이클,IMAX 영화관에서 봐서 영상미와 사운드를 심오하게 느낄수 있었고 잘 만든 영화 재미있게 봤어요,1
마이클,배우가 일체감이 상당했고 전성기 이후 죽음에 이르기까지의 과정이 없는게 좀 아쉬움,1
마이클,"마이클잭슨 공연을 봤어요..최곱니다~~
재관람하겠어요..",1
마이클,그런대로 잘 봤어요! 시간이 금방 가긴 했어요,1
마이클,황제의 귀환!!!!,1
마이클,마이클 잭슨이 전 세계를 뒤흔든 전설이 되기까지 눈부신 성장기를 그려낸 영화로 제대로 눈 호강 귀 호강하고 왔습니다,1
마이클,"스토리는 아쉽고 러닝 타임도 짧았지만
배우의 싱크로율 덕분에 몰입감있게 봤습니다",1
마이클,마이클 잭슨이 홀로서기하는 이야기로 아역배우도 좋았고 마이클 잭슨의 조카인 자파 잭슨의 성인연기도 좋았습니다,1
마이클,마이클 너무 재밌어요,1
마이클,"유년시절에 아버지의 강압적인 훈육이나 폭행은 어떻게든
정당화 할수 없는 것인데 외롭고 힘든시기를 잘 극복하고
성장한 것은 잘 표현한 것 같네요. 그러나 일상적인 삶은 
누리지 못한 점이 고뇌로 남은 듯",1
마이클,팝의 황제의 귀환 좋아요,1
마이클,좋구요 좋아요 좋았어요 ❤️,1
마이클,배우섭외가 대박인듯!!,1
마이클,"노래도 신나고, 배우 연기력 등 너무 좋게 관람하고 나왔어요! ㅎㅎ",1
마이클,마이클 마이클 마이클,1
마이클,"오랜만에 마이클
감동입니다",1
마이클,마이클을 더 이해할 수 있었다,1
마이클,보헤미안까지는 아님..내용이 별로 없음,1
마이클,마이클 잭슨 콘서트 본 느낌. 영화 본 후 계속 마이클 잭슨 찾아보게 됨.,1
마이클,"Michael, you are the best!!",1
마이클,앉아서 듣기 힘든 곡들과 애절한 가족사.,1
마이클,자파잭슨이 진짜 노력 많이 했고 잘했다는건 인정. 허나 마잭의 전기영화로서는 좋은 평을 할 수가 없다,0
마이클,마이클 잭슨에 대해 새롭게 알게 되었고 감동적이었습니다.,1
마이클,"전설은 영원하다,는 것은 다시금 느끼며 그 전설의 삶을 드러다보는 기분이었어요. 2편이 나온다면? 고민않고 볼 겁니다.",1
마이클,"잘만든 영화~
다 좋고 그 시절 추억 돋고 나같은 몸치도 움찔대는 그래서 옆사람 피해주지 않으려 혼자 대낮에 평일관람했음~
우리의 슈퍼스타 영원하라!!!",1
마이클,화려한성공담까지만 담고 결말없는게 아쉽,0
마이클,즐거운 시간 이었네요,1
마이클,재미있게 잘 봤습니다.,1
마이클,그냥 마이클이 그립네요!! 공연영상만보더라도 돈은 안아까워요,1
마이클,재미있는 영화입니다,1
마이클,마이클의 환생? 알고보니 조카,1
마이클,스토리가 너무 평이합니다,1
마이클,마이클 잭슨이 다시 살아온거 같네요..,1
마이클,"않아있는 내내 어깨가 들썩이고 다리를 가만 둘수 없었는데
MJ의 인생사보다 음악과 눈에 즐거움이 더한 영화라 
많이 아쉅..그래도 보는내내 신은 난다",1
마이클,••••!!!!????,0
마이클,마이클의 바이오픽 영화 관람하고 왔어요! 친조카가 연기했다고 하니 더 생동감있고 실사에 가까운 연기였던거 같아용 잘 봤습니당,1
마이클,"2_부가 나올듯 하네요
자신이 만족한 삶을 살기가 쉽지 않네요
그래도 마이클의 재능은 부럽네요",1
마이클,우와 마지막 콘서트하는 장면 마이클이 돌아온줄...그리구 제가 순간적으로 콘서트에 있는 느낌이였습니다ㅋ돌입감이최고ㅋ도파민 터졌어요,1
마이클,외로움이 묻어나는 영화,1
마이클,지루함이 있었지만 음악이 주는 감동이 있네요,1
마이클,이거 싱크로율 맞아?? 처음에는 몰랐는데 보면볼수록 마이클 을 보는거같아 기분 좋앗습니다 ㅎㅎ,1
마이클,세상에나! 우리 엄마같은 아버지가 있었네! 마이클은...,1
마이클,둘리 마이클이 더 재밌노,0
마이클,두번째 관람이에요 ^^ 영화보고 마이클잭슨 더 팬이 됐어요 엉덩이 넘 들썩거리고 정말 콘서트에 앉아있는 느낌으로 노래도 입모양으로 따라부르고 ㅎㅎ 넘 멋지고 노래 다 좋음요 ㅠ,1
마이클,정말 재밌었습니다.,1
마이클,"처음 빌리진 들었을 때의 충격을 떠올리며...
그 시간으로의 시간여행",1
마이클,모호하게 끝나길래 엥 싶었는데 2편이 나온다라,1
마이클,재미있게 잘 봤습니다.,1
마이클,"20세기 최고 히트곡 빌리 진 !!! 영원한 팝의 황제 마이클 잭슨
R.I.P.",1
마이클,배우분 진짜마이클 잭슨인줄알았어요 ㅎㅎ 대박임,1
마이클,영화의 배경은 찝찝하지만 마이클의 역사를 따라가는 것만으로도 가치가 있다,1
마이클,너무 마음이 따틋한 천재 뮤지션,1
마이클,"황제의 외로움이 눈물을 흐르게
했다
그립다 그가!",1
마이클,마이클 노래를 좋아했고 추억하며 향수를 느끼고 싶은 분에게는 강추합니다. 그시절 노래에 취해서 몰입하며 봤네요.,1
마이클,"오랫만에 좋은 음악을 들었네요.
마이클 잭슨은 역시 넘사벽이네요!",1
마이클,재미있게 잘 봤습니다.,1
마이클,역시 마이클은 영원한 팝의 황제,1
마이클,마이클 노래나 율동을 넘 좋아하는 사람으로서 보는 내내 안타까움과 슬픔등등 여러 감정을 느끼며 노래도 듣고 즐기며 영화를 봤어요.,1
마이클,다음편을 예고하는 마무리는 맘에 안듦 ㅠ 1편으로 못 끝냈나..,1
마이클,공연씬이 좀부족해서 아쉬움. 스토리와 음악이 부드럽게 연결되었으면 굳이 2편까지..,1
마이클,아이맥스 시원한 사운드 그리운 마음. 솔직히 자파의 외모는 ...ㅜㅠ,1
마이클,우리들의영웅 마이클잭슨 일생일대기 뮤직 노래 너무 좋았어요 우리의우상 지금은 우리 곁에 없지만 사랑합니다,1
마이클,마이클 잭슨이라는 거대한 인물을 담기엔 그릇이 너무 작다,0
마이클,마이클 꼭 보고싶었어요~,1
마이클,마이클의 모든 노래 다 좋아요 역시 극장에서 봐야하는 영화예요 너무 신나고 마이클의 인생을 전부는 아니지만 조금은 알수 있어 좋았어요 2편 기대해요,1
마이클,아직 2부가 남았다!!,1
마이클,"오해가 많았다... 영화를보는내내 참 순수했구나 하는 생각이 들더라.. 한국영화들은 너무 과장하고 사실에 근거한다고 하지만 픽션과 거짓이 정말 많던데, 헐리우드도 그런가 의심해보기도...",1
마이클,"다른 건 모르겠고, 춤과 외모만큼은 확실하다",1
마이클,마이클 잭슨 좋아하니 재밌었어요.,1
마이클,"2026년 현재까지도, 그 누구도 따라할 수 없는 마이클잭슨만의 매력! 포에버 가즈아~~",1
마이클,다 아는 내용이지만 재밌네요.,1
마이클,"마이클의 어린 시절부터 잭슨 파이브, 그리고 성공하기까지를 잘 보여주었고 빌리진, 스릴러 등 좋은 곡을 댄스와 잘 감상했네요.",1
마이클,재밌게 잘 봤습니다!!,1
마이클,마이클!!문워크가 정말 이렇게 멋질줄 몰랐어요,1
마이클,너무 엄청난 가수고 너무 좋은 음악들이 많아 영화 감상내내 빠져 감상할수있었고 특히나 아역배우가 넘 찰떡 배역이었네요. 성인 역에는 잭슨 조카라 기대가 많이 되긴했으나 솔직히 좀 아쉬운 감이 있었네요.;,1
마이클,마이클 잭슨이 왜 팝의 황제였는지 알 것 같음,1
마이클,너무너무 재미있게 봤어요,1
마이클,청소년 시절 좋아하기 시작해서 쭉~~좋아했던 마이클 잭슨 영화로 보니 더 친근함이 느껴져서 좋았어요. 영화 보고 집으로 돌아오는 길 흥얼흥얼 노래를 부르며 걷는 기분이 행복했습니다.,1
마이클,"마잭 팬이라면 꼭 보세요
그만한 가치가 있습니다
다만 작중 등장인물들이 너무 평면적이라 전기영화로 보기엔 아쉽긴합니다",1
마이클,너무 애절하고 슬프고 마이클이 다시 살아온 느낌으로 후속작이 너무 기대가 됩니다,1
마이클,"2시간이 금방 지나갔네요
역시 마이클잭슨~~~ 다음을 기대합니다",1
마이클,너무 재미 있었습니다.,1
마이클,장편에 뮤직비디오를 보고 왔습니다.,1
마이클,"노래가 너무 좋고, 시간 가는 줄 모르고 관람",1
마이클,가장 아쉬운점: 왜끊어요,1
마이클,"영화제목 수정 필요. 
마이클 ->잭슨가 막내아들
그냥 너무 답답함... 이후 먼가 더 있을 것 같은데 갑자기 자막 한줄로 끝이 나는.... 메인을 생략한 것 같은 찝찝함",0
마이클,"스토리는 별 거 없지만, 마이클의 히트곡을 들으면서 지난 시절을 떠 올릴 수 있어서 좋았네요",0
마이클,사실 마이클잭신을 잘 몰랐는데 정말 대단한 아티스트라는 생각이 드네요,1
마이클,"노래말고는 모든 면에서 기대만 못했다..

그냥 영화보는 내내, 속으로 노래만 흥얼거리다가 나왔다",0
마이클,"영화 자체나 배우의 연기는 흠잡을데 없다. 그러나 MJ가 지키고자 했던 가치, 그 투쟁에서 입은 깊은 상처들은 하나도 다루지 않았다. 어쩌겠나? 제작자가 존 브랑카인 것을.",0
마이클,"재미있고 더 자세히 알게 되었네요
노래도 좋습니다",1
마이클,음악이 좋았고 잘 알아보지 않고 갔는데 재밌었어요,1
마이클,그리운 마이클 !!!,1
마이클,귀호강 제대로 한 2시간입니다,1
마이클,음악도 연기도 너무 즐겁고 좋았습니다,1
마이클,너무 좋아요 ^^* 가슴이 벅찹니다,1
마이클,마이클잭슨을 인간적으로 이해할 수 있는 계기가 되었네요. 모처럼 즐거운시간 이었습니다.,1
마이클,재밌네요 꿀잼이에욯ㅎㅎ,1
마이클,재밌네요 꿀잼이에욯ㅎㅎ,1
마이클,"천재는 천재다!
근데 이렇게 끝난다고???엥?
마무리 찝찝 ㅠ",1
마이클,재밌어요 ! 재밌어요 !,1
마이클,음악은 하나로 통한다,1
마이클,2차 관람도 하고 싶을 정도로 재미있게 봣네요,1
마이클,"애매하다...

영화 시점 이후 그의 삶을 괴롭혔던 루머들을 좀 상세하게 이야기 해주고 풀어줬으면 좋으련만.",0
마이클,"유명한 곡만 알고 인물에 대해서는 몰랐던 마이클에 대해 알게 되서 좋았던 영화 
사실과 다르다해도 나는 완전 만족한 영화",1
마이클,마이클잭슨이 너무 그리운 날이었어요.,1
마이클,재미있어요!!!!^^*,1
마이클,"다큐가 아니라 영화니까 이정도 괜찮아요
마이클 잭슨 최고의 팝 아티스트!",1
마이클,"깊이있는 내용이 아니라 아쉬운 부분은 있지만 마이클 팬으로서 굉장히 높은 만족도를 준 작품이었습니다.
돈이 전혀 아깝지 않아요.
재관람 의사 있을 정도로 감동과 여운을 주는 영화입니다.",1
마이클,영화로 나와 기쁘지만 영화는 아쉽네요,1
마이클,대단하다는 말 밖에는..,1
마이클,"팝의 황제 마이클 잭슨, 그는 뮤직비디오 시대의 보는 음악, 퍼포먼스 엔터테인먼트, 팝뮤직 팬덤의 시대를 연 최고의 스타 히어로였다. 하지만 강렬한 빛 뒤에 가려진 가족사의 그늘을 비춘 최고의 음악영화!!",1
마이클,오랜만에다시들어서 좋았네요,1
마이클,오랫동안 잊고 지냈던 나의 어릴 적 영웅을 다시 만나다.,1
마이클,중고등학교시절 즐겨듣던 팝음악. 팝황제 마이클잭슨 회상할수 있어서 좋았습니다,1
마이클,배우 연기 싱크로율 만족합니다,1
마이클,"조금 아쉬움이 남았다고 할까요...
좀 더 다양한 무대가 나왔으면
좋았을텐데 하는....
아버지와의 갈등을 넘 부각시킨건
아닌가 싶네요",1
마이클,조아요 감사합니다 조아요 감사합니다,1
마이클,"극장에서 마이클잭슨의 ost를 들을 수 있다는 것, 그 하나로 굉장한 경험이었습니다 ㅎㅎ 스토리는 별로 없었지만 ost가 끝내줍니다~ 극장에서 봐야할 영화!",1
마이클,"영웅이다. 천재다. 타고났다. 우연히 되는건 없음.
결단력과 자의식이 있어야 가능.
시작은 아버지 계획으로 5형제가 팀을 만들고 공연하고...대형 소속사로 들어가면서 빛을 발한 마이클.
진정한 가수입니다.",1
마이클,재밌어서 2번본 영화 오랜만인데 너무 재밌게 봤어요 ㅎㅎ 마이클잭슨 노래 숨은명곡들 너무 많다는거 이 영화를 통해 알게되었답니다. 좋은 영화 만들어주셔서 감사해요~,1
마이클,가스라이팅하려는 아빠에 나는 어린애가 아니예요만 무한반복 얘기하는 마이클 내용이 너무 없다 노래로만 때우려 하는데 노래는 좋다 마이클이 겪은 고뇌와 억까는 하나도 안나오네 영화 별로였음,0
마이클,괜찮네요 괜찮네요 ㅎㅎ,1
마이클,"미이클 잭슨과 같은 시대를 살았단 것이 행복한 일이네요.
다시보고 싶은 영화
그기 생각 나는 영화
그립습니다",1
마이클,"부드럽고 꿋꿋하게 자신의 삶을 음악에 실어 살아낸 마이클이 넘 아름답고 고맙다
그는 네버랜드에서 잘 살고 있으리라~",1
마이클,마이클 잭슨의 영화가 나온다고 그래서 엄청 기대했어요. 스토리보다는 마이클 잭슨 음악을 듣는 게 너무 좋네요,1
마이클,마이클잭슨의 노래만으로 가치있는 영화,1
마이클,하든싱어 마이클 잭슨편,1
마이클,"배우가 첫 작품이라는게 안믿길정도
목소리 춤 대체 어케 했나 싶어요
재밌음!
2번까지 더 볼만한듯",1
마이클,아주재미있게봤습니다,1
마이클,재연인 퍼포먼스만 봐도 압도적인데 실제로 그 사람의 무대를 봤다면 졸도해도 이상하지 않았을 것이다,1
마이클,음악도 훌륭하고 무대와 춤도 황홀함,1
마이클,시간 가는줄 모르고 몰입하고 봤어요.꼭 다음편 기대되네요.마이클 잭슨 생애를 알아서 좋았어요.,1
마이클,지루해서 하품만 나오더라구요. 이렇게 재미없게 만드는 것도 능력이다. 존경한다!,0
마이클,조용히 음악 감상 시간 이었네요 영상미도 좋고,1
마이클,"마이클 영화 오늘 봤는데 진짜 실감있게 주인공이랑 실존인물이랑 싱크로율이랑 잘 맞은것 같아요
재밌게 잘 봤어요! good!",1
마이클,그야말로 파란만장했던 황제의 입체적 삶이 영화에서는 너무도 평면적입니다만 저는 콘서트 가는 기분으로 관람했습니다. 그의 인기가 절정일때는 너무 어렸으나 잔인할만큼 완벽한 그 업적은 영원할겁니다.,1
마이클,추억의 노래 잘 들었고 감회가 새롭네요,1
마이클,"""마이클 잭슨 영화 처음 봤는데... 진짜 왜 ‘레전드’라고 하는지 단번에 이해함. 온몸에 소름 돋았다.""
""처음으로 마이클 잭슨 무대 영상 제대로 봤는데, 시대를 앞서갔다는 말로도 감동했어요.",1
마이클,영화로 인해서 더 놀라워야 할 그의 서사가 대체로 다들 알고 있는 정도로만 표현되어 그닥 인상깊지 않았고 그저 멋진 무대만 릴레이로 보여준 채 끝난게 아닌가…전기보단 공연 본 느낌입니다 기대가 컸나봐요,1
마이클,집에서 계속 춤추는중,1
마이클,"음악도 넘 좋고 
끝까지 잼나게 봤어요!!",1
마이클,일반관에서 봤을 땐 스토리적인 아쉬움도 있고 뭔가 좀 밋밋했는데 스크린X로 보니 사운드가 빵빵해서 일반관에서의 아쉬움을 채워줘서 좋았음!ㅎ 이번 영화는 사운드가 빵빵한 곳에서 보는거 추천!,1
마이클,부평 cgv 12시타임 보신관객분중 몇분 매너가 꽝입니다 전화를 받지않나 환호하지않나 플레시터트리질않나 매너좀 지킵시다 불쾌합니다,1
마이클,"갑자기 끝난 느낌도 있지만
충분히 재미있는 영화였어요",1
마이클,"조금 지루할순있는데
막판20분정도가 그걸 다 해소해줍니다
왠지 모르겠는데 엄청난 감동이와요
마이클잭슨이 왜 황제인지 알것같아요",1
마이클,너무 유명하면 너무 힘든삶이군,1
마이클,너무나 빈약한 스토리를 혼신의 힘을다해 연기한 자파잭슨과 마이클의 노래 무대 영상이 커버함 이러고 2도 나오면 보겠지만서도,1
마이클,2D로 관람 후 자꾸 여운이 남아서 마이클 N차 관람하게되네요 ! 4DX로 보니 더욱 생동감있게 볼 수 있어서 즐거운 관람했어요 👍👍👍,1
마이클,너무 잘 봤어요 어렸을때 티비에서 본 빌리진이 생각나요,1
마이클,마이클잭슨이 그리워지는 영화,1
마이클,아주좋아요 신선하고도,1
마이클,"음악영화로선 호, 전기영화로선 불호. 근데 음악이 넘 신난다!!! 마이클 잭슨의 찬란한 시기를 다루고 있지만, 엔딩을 알고 있어 중간중간 슬픔이ㅠㅠ",1
마이클,"재미있게 보긴 봤는데, 뭔가가 부족하게 느끼는 마음은 나만의 생각인가?",1
마이클,"영화에 대한 기대보다는 마이클잭슨이 워낙 대단했어서 기대가 컸나봄. 진짜 MJ같은 인물은 다신 없겠지... 
조금 아쉬웠습니다.",1
마이클,마이클잭슨의 노래를 듣고 배우가 춤 재현을 하는 걸 보면서 그 자체로도 영화값을 한다는걸 느꼈습니다,1
마이클,마이클 잭슨을 재현한 주연 배우의 노력이 감동적,1
마이클,"노래 덕분에 시간 가는 줄 모르고 봤습니다
물론 연기, 스토리, 영상미, OST, 감독연출 모두 좋았고요",1
마이클,무난한 음악 전기영화. 노래와 춤들이 끝내 흥얼거린다.,1
마이클,"추억에 젖어드는 전설의 옛 히트곡들을 2시간여동안 감상할 수 있어서 너무 좋았다. 단, 스토리는 좀 생각해봐야할 것 같다.",1
마이클,"정말 너무 좋았어요
음악이 많이 나와 더 감동이었고 2탄 기다립니다
노래 찾아 들을려구요",1
마이클,"전기영화로서는 별로임
캐릭터를 입체적으로 그리지 않았고, 수익도 생전의 악인들이 먹을거고.
그럼에도 불구하고 영화를 통해 마이클이 오해받던 루머들 사이에서 자유로워지길 바람..",1
마이클,"넘 멋지네요
마이클이 없다는게 아쉬윘다는...
다시 봐야겠어여",1
마이클,별 기대를 안하고 보러갔지만 시간 가는줄모르고 봤습니다. 몰입감도 연출도 연기도 기대이상입니다. 전체 전기를 욕심내지 않은것도 좋았습니다.아름다운 목소리와 천재성에 마이클의 음악을 계속 듣고싶네요,1
마이클,"마이클잭슨 노래 맘껏듣고 갑니다
생각이 많아지네요~
감사합니다!",1
마이클,영화를 보니 더 그가 궁금해져 유튜브로 떠납니다,1
마이클,"2시간이 이렇게 짧다니
정말 최고의 영화였어요
빌리진 나올때 너무 벅차 눈물 나올뻔
나오는 노래마다 자동으로 따라 부르게 되더라고요ㅋ
집 보단 영화관에서 꼭 보세요",1
마이클,노래영화도 전기영화도 뭣도 아닌,0
마이클,"너무즐감햇어요ㅠ 마이클 무대위에선 진짜 최고예요!!!
인성도 최고이신듯!!",1
마이클,재미있어요!!!!♡,1
마이클,스토리는 좀 아쉬웠지만 이건 여러 문제들 때문에 어쩔 수 없는 걸 알기에... 그 외 음악이나 배우들의 연기는 최고였습니다 역시 마이클 잭슨은 독보적인 아티스트네요,1
마이클,노래듣는거만으로도 힐링이에요,1
마이클,두번 봤다. 그때의 감동이 다시 가슴두근거리게 한다.,1
마이클,"기대한만큼 노래 너무 좋아서 구호강했어요
배우 연기력 너무 좋아요
배우분 성형은 진짜한건지도 신기하네요~
연출력도 좋았고 음악 구성도 마음에 들었어요^^
남편과 즐거운 데이트 였어요♡
할인권최고^^",1
마이클,"기대를 많이해서인지 생각만큼은 아니었지만 그시대의 향수로 가슴이 뭉클하면서 마이클잭슨이 생각났다
집에와서 진짜 마이클잭슨의노래를 듣고있다",1
마이클,익히 알려진 노래들로 눈과 귀가 즐거웠던 시간,1
마이클,"살짝 기대도 했지만 부족함.
그러나 음악은 좋음",1
마이클,"주인공 연기 너무 실감 나게 잘하셨고
후편이 기대 됩니다
정말 잘보고 갑니다",1
마이클,아주재미있게 잘봤습니다,1
마이클,음햠시스템이 제대로된 영화관이나 및 장소에 보시기를 강추드립니다~~~,1
마이클,여호와의증인 어머니를 무슨 성인군자처럼 표현하고 저메인 잭슨이 만들어서 그런지 형제와의 갈등을 전부 빼버리고 모든걸 아버지와의 갈등으로만 표현해버린 마이클잭슨 인생을 잘 표현하지 못한 영화임,0
마이클,"알려지지않았던 내용도있고 그담은 언제쯤 나올까요?
짠한 감동이 밀려오네요
마이클잭슨은 사라지지않는다",1
마이클,"역시 마이클잭슨!
음악영화는 극장에서~~~",1
마이클,마이클잭슨을 연기하는 데 한계는 있겠지만 배우가 노력한 게 정말 잘 보이네요. 어떤 장면들은 정말 마이클잭슨을 연상케 했어요. 스릴러 뮤비 장면은 정말 재현 잘 한 것 같아요.,1
마이클,아버지의 매서운 조력이 없었다면 지금의 마이클잭슨의 위대함을 완성하지 못 했을 것이다,1
마이클,마이클잭슨을 좋아한다면 ㄱㄱ싱 감동잇고 재미잇엇어요,1
마이클,걍 지리고 재밌고 레릿고,1
마이클,음악도넘좋았고 마이클잭슨에대해 잘몰랐던부분에대해 대략이나마 알게되어좋았어요,1
마이클,마잭의 서사를 알기에 영화내내 애잔한 마음뿐이고 노래만 귀에 담고 왔네요,0
마이클,"보헤미안랩소디를 기대하고 봤는데 기대 보다는 실망이었어요. 영화보다가 스토리가 갑자기 중간에서 끝난 느낌에 읭...?
마이클잭슨가지고 이렇게 밖에 못만들었나ㅠㅠ
노래도 명곡은 정작 다 안나온 느낌...?",1
마이클,무대 위 모습 더 보고싶음,1
마이클,마잭을 좋아하시는 분들은 재밌게 볼 거 같아요 전 잘 몰라서... 그냥 그랬습니다,1
마이클,"마이클 잭슨 너무 멋있고 노래들이 너무 좋았어요. 또한, 스릴러 뮤비찍는 장명볼때 진짜 소름!!!!",1
마이클,소년가장 독립기가 아니라 팝의 황제가 남긴 불멸의 음악을 듣고 싶었다.,0
마이클,자파잭슨이 몰입도를 너무 방해함 ㅠ 체형부터 춤 ㅠㅠ,0
마이클,진짜 가식없고 선한 마이쿨잭슨 최고..!,1
마이클,"움칫둠칫. 
bad 이후는 언제??",1
마이클,"아들이 상품으로 보이는 순간, 아버지는 아버지라고 불리지 못한다.",1
마이클,너무 좋았어요.^^굿,1
마이클,"마이클 잭슨 명곡을 듣는 것 만으로도 너무 좋았어요. ^^
즐감하세요 ~~",1
마이클,뭔가 중간에 끝난 기분이다..,1
마이클,고증이나 설명 부분에서 조금 미흡한 부분은 있으나 배우가 최대한 비슷하게 보일려고 노력한점이 눈에 보임. 충분히 볼만한 영화,1
마이클,"마음이 먹먹해지네 ㅎㅎ
잭슨. 함부로 입에 올려서 미안해요.",1
마이클,멋진 영화였어요 !!,1
마이클,마이클은 엄청 외로운 사람이었군요. 음악도 좋고 2편도 나올듯! 마이클 다시보고싶어요.,1
마이클,마잭이 보고싶어서 가는 영화~🖤,1
마이클,역시 영화는 아이맥스..모처럼 흐미 나네요,1
마이클,"좀 볼만 하다가
중간 정도 되니까 지루했어요.
주연 배우가 잘 안어울리긴 하지만
마이클 잭슨 노래로 힐링 했어요^^",1
마이클,"마이클잭슨의 열렬한 팬으로서 대역을 통해서라도 노래를 다시 듣고 춤을 다시 볼 수 있는 것은 너무 좋았다. 
반면에 마이클잭슨 삶의 중요한 사건들 및 그 과정에 관계된 사람들이 많이 생략된 것은 아쉽다.",1
마이클,이정도 밖에 만들 수 없었나. 아쉽다 못해 화가 난다. MJ 음악 조차 제대로 감상하기 힘들 정도,0
마이클,"어릴때 따라했던 노래들이 나와서 뭉클했어요.
아이맥스에서 봤는데 우퍼가 장난 아니네요.
의자가 진짜 들썩들썩.
현장에 온듯한 몰입감.
스크린엑스에서도 함 보고 싶긴 하네요.
근데 끝이 너무 흐지부지한",1
마이클,서사가 결여된 고화질 플레이 리스트,0
마이클,마이클 잭슨의 음악을 들을 수 있어서 좋았어요,1
마이클,"마이클 잭슨의 음악은 진짜! 그는 진짜 천재였다.
음악만 듣기론 좋으나 영화로는 아쉽",1
마이클,"마이클 잭슨의 삶을 알 수 있어서 좋았네요.
마지막에 갑자기 끝나서 좀 당황했지만 검색해보니 이게 1부라는 것 같아서 2부 나오면 또 보려고요.",1
마이클,재밌고..뭉클하기도 하고 잘 봤습니다. 잘 봤는데...갑자기 끝난 이 느낌은 뭘까요..,1
마이클,"마이클의 무대를 다시 볼 수 있었음에 감사하다

★★★★☆",1
마이클,"지금 받는 혹평에 비해 재밌는 영화긴 한데, 전기영화로서는 많이 미달. 사실 그냥 마잭 노래 체급빨로 밀고 감.",1
마이클,그의 일생에 대한 그리움만이 남았다.,1
마이클,무대영상이 남는 영화네요,1
마이클,마이클 잭슨의 조카인 자파르 잭슨의 연기와 춤 그리고 노래가 거의 완벽해서 소름 끼칠 지경이었어요,1
마이클,마이클 잭슨.. 시대의 아이콘 대단함,1
마이클,이걸 왜 이렇게 늦게봐서 일반관에서 봤는지 모르겠네요. 특별관에서 봤으면 더 좋았을텐데..,1
마이클,"환희로 시작하는 가슴떨림.
다음을 기대하게합니다...",1
마이클,좋아요 아주 좋아요 볼만해요~ 만족해요,1
마이클,"마이클잭슨이라는 한세기를 뒤흔든 아티스트가 탄생하고 성장해 가는 과정이
천재성에서 비롯된 것이지만 얼마만큼의 노력과 주위의 관심을 가져야
비로소 스타라는 자리까지 갈 수 있는지를 잘보여주는 단편",1
마이클,그냥 저냥 볼만 했습니다~ 전설로 남은 잭슨 형님 노래를 영화관에서 들으니 넘 신나긴 했어요ㅋㅋ~,1
마이클,"영화를 보고 난뒤 왜 이렇게 편집 완성되었는지 알게됨 
후속편이 있을듯 결론은 어릴적 사랑받고 커야 함",1
마이클,이 영화의 제목은 마이클이 아닌 잭슨이라 해야한다,0
마이클,"마이클 얘기보다 잭슨파이브가 비중을 너무 많이 차지해요. 그리고 애매한데서 끝납니다.
보헤미안 랩소디를 재밌게 봐서 기대했는데 실망했어요.",0
마이클,노래가 너무 좋아요~ 추천이요!!,1
마이클,어렸을때 신기했던 마이클의 춤과 뮤비를 다시 총정리 해서 보는 것과 마이클의 삶을 이해하게 된 감동적인 영화였어요. 춤과 노래의 천재였던 마이클의 존재가 다시 기억속에 머물게 하는 시간이었습니다.,1
마이클,중간에 끊겨서 잉?,1
마이클,그 조그만 아이를 벨트로 패다니! 그런 어린 시절을 보낸 줄 몰랐어요.,1
마이클,기대를 채우지 못해 실망..,1
마이클,제일 마지막 콘서트 장면 외엔 그닥..,1
마이클,중간에 끊기는거몰라서 당황했지만 그의 음악만으로도 충분했다.,1
마이클,영화로 마이클의 노래와 춤을 다시 만나 넘 좋았습니다!,1
마이클,abcdefghjikls,1
마이클,"너무 좋았는데 영화 중간에 보다 쫓겨난 기분으로 끝났다
2탄이 필요하다",1
마이클,"영화 잘 봤습니다.
마이클 속편 기다립니다.",1
마이클,"천재, 세계적인 스타의 일생기. 재밌게 봤습니다.",1
마이클,만족스럽습니다 재관람 의사 있습니다,1
마이클,"마이클 잭슨의 노래만 감상해도 본전 생각 안 납니다
반드시 극장에서 보시는거 추천!!",1
마이클,그럭저럭 볼만했음. 콘서트 보는 느낌,1
마이클,마이클잭슨 영화 만들어줘서 정말 감사합니다. 미련이 남아서 또 볼겁니다. 같은 시대에 살았다면 더 좋았을텐데 하는 아쉬움이 크게 남습니다. 보고싶습니다. 마이클.,1
마이클,진짜 재밌게 봣어요 마이클 노래만으로도 너무 좋앗네요,1
마이클,ㅜㅜ2편도 나오겠죠??,1
마이클,콘서트 느낌 이라서 볼만했음,1
마이클,추억의 여행 명곡 탐험입니다 .너무 재밌게봤어요,1
마이클,그냥 그러ㅅ 아쉬움이 큼,1
마이클,"무거운 부분은 거의 빼고 만든 영화라 가볍게 보기 좋았어요
평론가와 관객반응이 엇갈릴만함
뮤비보듯 보게되는 두시간이였습니다",1
마이클,음악 듣는 재미로 볼 만 함,1
마이클,좋은 음악을 많이 들어서 좋았어요.,1
마이클,마이클잭슨이 많이 생각납니다.,1
마이클,목소리연기까지 노력이 보이네요,1
마이클,이렇게 팬이 되었습니다,1
마이클,bbbb bbbb,1
마이클,그때 그시절로 간것같네요,1
마이클,좋은 영화 감사드립니다.,1
마이클,"그냥 말이필요없네요 ~~
콘서트장을 옮겨놓은 느낌입니다
방대한 마이클의 생애를 담기에는 시간이부족하네요
아역배우의 연기노래 완벽했구요
자파잭슨이 삼촌의 명성에 해가 되지않도록 
노력한결과보임",1
마이클,마이클을 다시 볼 수 있다니!,1
마이클,상당히 재미있게 보았다,1
마이클,콘서트에 와 있는 기분~ 마이클~ 그리워요~,1
마이클,"팝의 황제!마이클 잭슨 ,또 다시 마이클과 같은 뮤지션이 나올까?관람시 그의 곡이 흘러 나올때 마다 콘서트장에 와 있는 느낌의 사운드가 아주 좋았고 환호를 지르고 싶으만큼 생생했어요.",1
마이클,팝의 황제가 돌아왔습니다,1
마이클,"역시 팝의 황제
다만, 스토리가 후속작을 염두한 시리즈인줄 몰라서 끝날때 아쉬운점. 그리고 주변 인물 나쁜사람으로 알고 있는데, 후속작 염두해서인지 마이클을 응원하는 좋은 사람으로 비쳐진 아쉬움.",1
마이클,마잭의 춤과 음악을 사랑한다면...,1
마이클,"So, very tired.",0
마이클,눈과 귀가 즐거웠어요~,1
마이클,괜찮아요 추천 합니다,1
마이클,"보고싶은 마이클 잭슨
영화를 보면 더 그리워지네요",1
마이클,괜찮았어요. 추천합니다.,1
마이클,"이건 영화가 아니다 마젝 뮤비 하이라이트 리마스터지
영화로선 완성도가 개판인데 뮤비로서는 최고였다
영화관의 사운드로 명곡들을 들을수 있다는 사실만으로 티켓값은 뽑고도 남는다",1
마이클,위대한 전설의 증명!!,1
마이클,"마이클 잭슨 콘서트를 직관하고 온 느낌.
2시간이 전혀 길다고 느껴지지 않았다.
다만 기승전결에서 결이 빠진 채 영화가
끝나 그것이 아쉽다.",1
마이클,마이클잭슨을 다시 스크린에서 볼수 있다는것 자체가 영광,1
마이클,팝의 황제. 그의 일대기. 볼만하네요. 한편으로 만들수있는 내용이 아니긴합니다.ㅎ,1
마이클,노래는 좋은데 내용은 그냥 그래요,1
마이클,재미있었습니다~~~~,1
마이클,마이클 잘보고갑니다,1
마이클,너무나 재미있게 보았네요 마이클,1
마이클,음악 영화로는 좋았는데~ 전기 영화로는..,1
마이클,잘 봤어요~~^^ 배우연기 굿 좋았어요,1
마이클,보헤미안 랩소디 처럼 영화적으로 잘 만들었으면 더 좋았겠지만 그저 노래와 춤을 보는 것 만으로도 황홀했습니다.,1
마이클,너무 즐겁게 잘봣어요!! 재입덕하게되는..,1
마이클,"마이클 잭슨 공연 씬 나올 때 혼자 발 구르고 있을 정도로 신나고 일어나서 춤 추고싶었던 영화.
과장 안 보태고 마이클 잭슨 팬이라면 질릴 수가 없는 영화",1
마이클,"마이클 잭슨이 순수한사람인거 알수있고

음악듣는 재미가 쏠쏠함",1
마이클,시작부분 마음에 안들었습니다. 뭔가 생략되고 사실과는 다른 부분들도 있어 아쉽기도 했지만 최대한 비슷하게 마이클 잭슨 처럼 연기한 배우의 노력은 인정합니다.,1
마이클,아름다운 사람과 그의 음악들... 그가 행복했었길 진심으로 빌어봅니다. 오늘 밤은 쉽게 잠들지 못할 것 같습니다.,1
마이클,어릴적우상인마이클 클래스는 여전하다,1
마이클,너무 짧아서 아쉬운 영화. 다큐아닌거 아니까 더 만들어 줘요,1
마이클,"영원한 전설, 팝의 황제!",1
마이클,"엄청 재밋진 않지만 ㅎ 
그냥 볼만합니다 ㅎ",1
마이클,"한번은 스크린엑스로 봤는데 화면이 선명하지않아서
별로였는데 IMAX에서 두번째로 봤을때 선명하고
재밌었음~돈아깝단 생각 안들고 1~2번은 볼만하다
생각됨~오랜만에 힐링",1
마이클,"음악이 좋았다, 배우가 적절했다",1
마이클,소재와 음악은 너무 좋은데… 영화적 완성도는 떨어진다,1
마이클,"마이클 잭슨의 영화라는 점에서 의미가 있지만, 삼촌의 존재감을 넘을 수 없는 조카의 한계와 가족들의 변명을 듣는 듯한 내용이 좀 아쉽다.",0
마이클,재미가 없는 건 아닌데 한없이 지루하다,0
마이클,This is it!,1
마이클,신나서 어깨 들썩이는데 끝남ㅠ,1
마이클,"먼가 많이 부족
비슷하긴하지만 마이클의 노래를
듣는거에 만족",1
마이클,"보헤미안보다 여러모로 부족.
마이클역 연기부족. 늘어지는 편...
암튼. 2편은 안봐도 될것같고, 공연 실황 찾아보는게 훨씬 감동적일듯. 마이클잭슨은 위대했지만 영화는 그닥...",0
마이클,마이클 잭슨의 어린시절과 잭슨파이브의 보컬로서 그리고 솔로 무대를 병행하며 성장한 모습을 볼 수 있어서 너무 좋았고요~팝의 황제가 되기 직전의 성장과정을 몰입되도록 음악과 함께하니 시간이 금방가네요,1
마이클,마이클과 동시대에 살았다는 것만으로도 큰 행복,1
마이클,재밌어요 아맥 추천합니다,1
마이클,마이클 영화는 꼭 스크린X로 관람👍👍👍👍👍,1
마이클,왕의 귀환을느꼈습니다.,1
마이클,팝의 황제 대관식!,1
마이클,잭슨을 본다는것만으로도 행복하다,1
마이클,마이클을 잘 모르는 상태로 보러 갔는데 노래 진짜 좋았다...,1
마이클,각종 이권으로 누더기에 엉망이 된 내용은 보지 말고 싱크로 높은 배우들의 연기와 마이클의 음악을 들으러 가라. 그것만으로도 돈 값은 한다.,1
마이클,재미있습니다!! 강추드려요,1
마이클,"팝의 황제 마이클 잭슨, 그는 네버랜드에 살고 있다!",1
마이클,"★★★☆ 
The Billie Jean is not my lover
She's just a girl who claims that I am the one
But the kid is not my son",1
마이클,당대 최고 그리고 후대에도 최고인 마이클잭슨이 너무 그리워지고 보고싶어지는 영화에요!,1
마이클,재미있게 잘 봤습니다.,1
마이클,5월달 가장 재미었던 영화,1
마이클,마이클잭슨의 음악으로 가득 채워진 영화. 보는 내내 음악에 너무 좋았어요. 마이클의 인간적인 면도 좋았구요,1
마이클,말이 필요없었던 영화 대단했던 가수의 내용을 알아서 좋았네요,1
마이클,"마이클은 음악과 이름을 남겼지만, 후대는 이야기하는데 실패했다.",1
마이클,"마이클 마이클
후속편 나오겠죠??
너무 기대되요!",1
마이클,두번째 이야기 기대됩니다!,1
마이클,좋은 공연 실황 같았습니다,1
마이클,"연기나 춤이나 뭐든 부족하지만.... 좋았습니다
그냥 그시절 어렸을때 듣던 감정이 올라옵니다.
이제 mj괴롭힌 장본인들 색안경 없애고 
잭슨으로 2부 만들어주면 될거같아요",1
마이클,"흥겹고, 즐거운,신나는 명곡 진짜 좋았습니다. 마이클잭슨 보고싶네요.",1
마이클,"마이클 잭슨에 대해서 몰랐던 내용을 알게 되었고, 볼거리와 감동까지 더해져 좋았다.",1
마이클,마이클잭슨의 음악을 들을 수 있어서 좋았습니다. 어느 평론가의 평점이 줄곧 생각나는 시간이었어요,1
마이클,팝의 황제가 스크린에서 되살아난다.,1
마이클,노래가 정말 좋네요,1
마이클,"옛날 생각이 ㅜㅜ
마이클 안타갑네요",1
마이클,공연장면 정말 좋았어요. 마이클이 아직도 존재했다면 더 많은 그의 노래를 들을 수 있었을텐데 너무 안타깝네요.,1
마이클,조아요 조아요 조아요 조아요 조아요,1
마이클,이걸 또 만든다고? 2편은 넷***에서 그냥,0
마이클,마이클잭슨의 음악을 감상하러 가기 좋아요!,1
마이클,조아요 조아요 조아요 조아요,1
마이클,살짝 어색하네요. 조카라는데도 워낙 수퍼스타이었기에. 혹평도 불호도 이해합니다.,1
마이클,니ㅕ보봅 버버번어법허ㅗㅇㅓ,1
마이클,"마이클을 떠올릴수 있는 시간이라 좋았고, 노래도 들을 수 있어 더욱 좋은 시간이었음. 명곡은 시간이 지나도 듣기 좋은 것 같음.",1
마이클,마이콜 다시 불수없는 사람 누군가는 거에게 말할수없는 지설 해찌많은 거는 용서하지 안아설까요 다시거 시간을 돌여 섬합니다 너무 가족을 사랑해서 용서해설거야^~^오늘도 좋은 하루 보내새요 감사합니다,1
마이클,"좋은 음악도 많이 나오고 나름 괜찮지만,
보헤미안랩소디에 비하면 많이 부족하네요.",1
마이클,진짜 '나'를 찾기 위하여,1
마이클,마이클의 따뜻한 인간미와 음악천재미에 푹 빠져버림 영화!! 이어지는 후편을 기다려야겠다!,1
마이클,무대와 노래는 좋았지만 전기영화로는 알맹이가 없어서 아쉬운,1
마이클,"잼있음
끝날때까지 지루함고없고 시간가는줄 몰랐네요",1
마이클,"마잭보고 싶어서 인생 처음으로 영화관 혼자 찾았어요. 노래와 댄스, 공연 장면만으로도 볼 만하다고 생각합니다.",1
마이클,"앉아서 그냥보기 너무 힘든 영화
노래든 춤이든 추고싶어요",1
마이클,마이클의 노래와 댄스를 훌륭하게 재연했다,1
마이클,기대한 만큼의 수준은 아니었으나 나름대로 볼만한 영화였다. 속편이 기대된다.,1
마이클,주인공이 정말 잘하네요,1
마이클,"재미는 있으나, 갑작스럽게 끝나 아쉽네요.",1
마이클,"마이클 잭슨에 대해 잘 알게 되었고, 마치 콘서트에 온 기분이었음요 뿌우",1
마이클,"이렇게 재미 없는 영화는 첨인듯
연기,스토리,화면,긴장감,몰입도,음악성 어느것 하나 맘에 드는게 없음. 60년대 영화를 보는것 같음. 1시간 참고 보다가 결국은 중도에 영화관 탈출했음. 시간이 아까웠음.",0
마이클,마이클 잭슨 노래 부모님이 좋아했는데 좋아하는 이유를 알거 같아요,1
마이클,"오로지 재현에만 자본과 시간을 몰방하여 구현시킨, 시대를 호령했던 피터 팬의 화려한 발재간.",1
마이클,마이클잭슨의 스토리를 다큐멘터리 형식으로 재미있게 관람했는데...잭슨의 진짜 스토리를 알고나서 보니 그의 생애가 너무 안타깝다.,1
마이클,누가뭐라고 해도 계속 보고듣고 싶은 마이클!,1
마이클,"보는 내내 감동적이고 눈물이 낫어요 
. 조카라서 더 실감나고 이젠 볼수엄단 사실이.더슬프네요 ...꼭 보세요 ...음악 ..춤 ...노래 
멋집니다",1
마이클,마이클 잭슨의 노래를 감상할 수 있는 즐거운 시간이었습니다. 영화에서는 여러 사건에 대해 생략된 부분이 많아 좀 아쉬웠습니다.,1
마이클,배우가 마이클 잭슨과 많이 닮았다. 영화에서 보여준 것만으로도 충분히 좋았다.,1
마이클,"마이클 잭슨의 잘 몰랐던 어린 시절의 성장기와 곳곳에 어우러지는 전설적인 명곡의 조합, 그리고 왜 그가 팝의 황제인지 공감할 수 있었던 영화!",1
마이클,신들린 마이클 잭슨 연기였다.,1
마이클,"전설이 된 황제, 그 위대한 시작",1
마이클,"배우에게 박수를 보냅니다!
2편 나오나요?
보면서 때론 울컥하네요
마이클
그가 그리워서요!!",1
마이클,역시 마이클잭슨은 신이다,1
마이클,"마이클잭슨의 춤과 노래를 따라 가다 보면 2시간이 넘는 
러닝 타임이 금방 가버린다.실제의 이야기 보다 생략한
내용이 많은거 같으며 2편을 암시 하는 내용도 나오니
끝까지 앉아서 보시길.",1
마이클,마이클의 실제 조카라서인지 친밀감이 있네요,1
마이클,보헤미안보다는 재미가 덜하네요,0
마이클,전기 영화로써 재밌게 봤습니다.,1
마이클,드디어 이 영화가 나오다니,1
마이클,"주연배우 얼굴을 봤믈땐 몰입감이 들까했는데 영화를 볼수록 진짜 마이클잭슨 보는것 같았어요. 
마이클잭슨...보통사람은 아니었단걸 이영화를 보면서 더느끼게돼요
동시대에 함께했다는게 영광이네요.",1
마이클,처음엔 얼굴이달라서 집중이안되는듯 하다가 지루할틈없이 배우의연기에 푹빠지고 어릴적듣던 주옥같은노래가 나오니 반갑고 어딘가에 마이클잭슨이 살아있을것만같던 꿈같은시간이 빠르게지나갔다.,1
마이클,"시사회 때 한 번 보고 너무 재밌어서 한 번 더 봤는데 생각보다 재밌습니다!! 마이클, 너무 멋있습니다!!",1
마이클,"문워크의 시점? 
웸블리에서 끊는다고,",1
마이클,시대와 유행을 초월한 음악의 힘만으로도 충분한 영화,1
마이클,"이야기는 없고 음악만 남았네. 이렇게 밖에 못만드나 아쉽다. 울컥했는데, 별루안닮아서 깬다. 존쿠잭이 아니고 마일즈텔러였다니, 내가 너무 늙었나?",1
마이클,보는데 왜 눈물이 나는지..싱크로율이 대단하고 배우들의 엄청난 노력에 박수를 👏 👏 단 잭슨의 일대기를 너무 단편적으로만 보여줘서 아쉽네요,1
마이클,"학창시절을 함께한 마이클, 영화의 완성도를 떠나 추억으로의 여행이었다. 20세기 최고의 뮤지션, 싱어송라이터..그립다.",1
마이클,신나게 잘봤습니당 ㅣㅎㅎㅎㅎ,1
마이클,"정말 감동했어요 마이클 대단해요 
살아있을때 별로 안좋아 했는데 
정말 감동했어요",1
마이클,"배우들의 연기,노래실력 내용까지 너무 좋아서 또 보고싶은 영화입니다.",1
마이클,"세기의 위인이 내마음의 영웅으로 들어온 감동
너무 멋지다~",1
마이클,음악을 듣고 무대를 보는 것만으로 그 시대 그 순간에 있는 것만 같은 마법,1
마이클,"마이클의 이야기를 1/2부분만,가다만거같아서~ 맥빠진듯했으나, 나름 아티스트의 고뇌와 노고가 녹아있는ᆢ음악영화!",1
마이클,공연 나오는 부분은 흥이 있긴했는데 전반적으로 늘어져서 좀 지루해요. 얘기도 끝에 하다가 끝나는 느낌입니다.,1
마이클,음악덕에 즐거웠음~~,1
마이클,후속작까지 봐야 할듯요,1
마이클,최고에요 음악도 좋고 신나요!,1
마이클,보헤미안보다는 감동성이 좀 적지만 나름 재밌게 봤어요,1
마이클,콘서트 느낌 이여서 좋았어요ㅎㅎ 잘 봤어요~♡,1
마이클,"good good

good

good",1
마이클,오랜만에 재밌게 봤어요,1
마이클,"마이클잭슨 생애와 일치하지 않거나 축소되어 표현된 부분이 없지않아 있지만, 영화내내 마이클잭슨의 마음이 공감되어 뭉클했습니다. 매콘서트마다 빼놓지 않고 불렀던 I'll be there 노래 가사가 참 많이 생각남",1
마이클,콘서트장에 온듯한 느낌이 드는 영화!,1
마이클,노래와 안무를 멋지게 소화한 배우들이 인상적이다.,1
마이클,"쏘쏘..그냥 그랬습니다..그래도
마이클 좋아합니다. 큰 기대는 안하고
보면 그냥 그낭.",1
마이클,전설의 노래를 듣는것만으로도 행복한,1
마이클,엄마보여드렸는데 재밌다고 좋아하셨어요,1
마이클,이야~ 이렇게 반전시킬 줄이야… 초중반까지 진짜 보기 힘들었는데 사고 후 씬부터는 완전 몰아쳐가지고 홀딱 반하게 만드네… 남주도 끝장나지만 이런 연출을 해낸 제작진에게도 결국엔 박수를 보낸다.,1
마이클,2편이 기다려지는 영화,1
마이클,가슴이 뛰면 되는 거지!,1
마이클,많은 세월이 흘렀지만 그가 왜 팝의 황제라 불렸는지 추억하게 되는 영화..,1
마이클,마이클 잭슨의 명곡들을 즐길 수 있는 영화,1
마이클,뭔가 어중간하게 마무리짓는 느낌이지만 오랜만에 마잭노래 감상으로도 평타는 한다고 봅니다,1
마이클,"마이클이환생한듯한영화네요
좋은면만보여주는ᆢ",1
마이클,생각보다 좋은 노래가 많았어요,1
마이클,잠깐이나마 그를 느낄 수 있음에 감사를,1
마이클,"화려한 빛으로 그의 생애를 감싸 재조명하며, 세월이 지났음에도 그의 음악은 여전히 독보적이다",1
마이클,"마이클잭슨 최고 👍 
그렇지만 영화는 조금 미흡",1
마이클,익숙한 명곡들에 도파민 뿜뿜!!!,1
마이클,"감동스럽게 잘보았습니다.
재밌었습니다.",1
마이클,배우 연기가 괜찮았어요 생각보다 재밌어요,1
마이클,"마이클 잭슨 
다시는 안나올 스타!!",1
마이클,"스토리에 몰입하기에는 screenX의 영상이 오히려 방해되는듯 하며, 음향은 돌비애트모스여서인지 좋아요~",1
마이클,역시 최고의 Legend !,1
마이클,오랜만에 마이클잭슨 노래 실컷 들을 수 있어서 좋았어요.,1
마이클,"결론은 잭슨5 이야기 그리고 아빠가 메인 빌런
노래는 bad 까지만 나옴. bad 앨범이 1987도 였음.
블랙엔화이트, 잼, 힐더월드, 덴져러스 1991도임
물론 그전에도 명곡도 많고 한데, 1990년대가 최절정임.",1
마이클,"오랜만에 관람평 쓰네요. 너무 감동 있게 봤네요. 
너무 멋진 사람 너무 빨리 우리 곁을 떠나 아쉬운 사람.
정말 말이 필요 없는 사람. 많은 사람이 보면 좋겠네요.",1
마이클,I believe music can change the world Spread ioy. love. and peace. That is what I want the world to feel ··· magic,1
마이클,마이클 마이클 마이클!!!,1
마이클,보헤미안랩소디를 넘어서긴 무리다..,1
마이클,정말 감동이었습니다.,1
마이클,살짝 아쉽기도 하지만 볼만은 했다..,1
마이클,"콘서트장에 온 느낌이였어요~
마이클잭슨이 살아돌아온것 같았어요",1
마이클,음악감상만으로도 설명이 충분한 영화입니다.,1
마이클,마이클잭슨의 명곡을 들을수 있어서 좋앟던 시간,1
마이클,마이클 잭슨의 위대한 여정.,1
마이클,마이클잭슨이 그립다. 넘 안타까운 사람,1
마이클,127분간 펼쳐지는 팝의 황제의 콘서트,1
마이클,마이클 잭슨이 그립다,1
마이클,재미있었습니다! 특히 ost가 좋네요,1
마이클,지루한줄 모르고 재밌게 봤습니다.,1
마이클,마이클의 음악이 오랫만에 어깨춤을 추게 합니다. 그가 그립습니다.,1
마이클,"실제 MJ 유튜브를 보세요ᆢ그게 더 감동
적입니다ᆢ",0
마이클,엄마는 보헤미안보다 났다고 하셨어요 해,1
마이클,마침내 세상에 외치다 누가 최고지?,1
마이클,"이런 음악영화는 너무좋다. 하지만 무언가 많이 외곡된부분이 스토리상 있어보여서 조금 안타까운 부분이 있다. 더욱 사실에 가까우면 좋았을것을~

그래도 너무 좋은 영화도 . ~",1
마이클,"마이클 잭슨을 그당시 잘 몰랐다
유명한건 알았지만 찾아보진 않았은걸 후회한다
감동의 눈물이 났다
그의 요절이 안타깝다",1
마이클,"주연배우의 연기가 멋졌어요.
저정도 연기를 하기위해 얼마나 노력을 했을런지.
포헤미안 랩소디도 재미있게 봤는데 
역시 연출자분들 대단하십니다.
재미나게 봤습니다.",1
마이클,"주연배우의 연기가 멋졌어요.
저정도 연기를 하기위해 얼마나 노력을 했을런지.
포헤미안 랩소디도 재미있게 봤는데 
역시 연출자분들 대단하십니다.
재미나게 봤습니다.",1
마이클,크게 기대하지 않고 보기엔 괜찮은 듯..,1
마이클,"몰입이되고 음악사운드에 옛생각도 나고
몰랐던 부분도 알았네요.
볼만한 영화네요",1
마이클,역시이 빌리진이 최고네요!!!,1
마이클,잼있었어요~ 역시 팝의 황제!!,1
마이클,"안타까운 아티스트를 잃었다는 생각과 동시에
참 가엽다라는..
마이클 잭슨의 콘서트를 보는 느낌",1
마이클,솔직히 빈말이라도 잘 만든 영화는 아닌데 마잭노래 즐거우니까,1
마이클,스토리는아주별로인데무대가조으다,1
마이클,마이클 잭슨의 노래만으로 다한,1
마이클,마이클 노래는 너무 좋다,1
마이클,냉정히 보면 평이한 스토리지만 과거 전설의 재현만으로도 가치가 있는 작품이 아닌가 싶다.,1
마이클,레전드는 영화가 후져도 멋지다,1
마이클,배우들의 연기가 훌륭했고 노래와 연출이 무척 좋았습니다,1
마이클,"마이클의 음악을 콘서트에서 즐기고 온 느낌..
깊이없는 인생이야기는 아쉬움..",1
마이클,독립으로 끝나서 넘 좋았습니다. 네버랜드에 집착할 수 밖에 없던 마이클이 넘 안쓰럽고 ㅠ,1
마이클,"평론가들이 이야기하는 것은 충분히 이해되고 공감하지만, 이 영화를 보지 말아야할 이유는 되지 못합니다. 나는 다시 한번 마이클을 보고 싶을 뿐이에요! 당신의 존재는 영원할겁니다! 아재 눈에 눈물이 날 뻔!",1
마이클,재밌었어요 마이클 굿굿ㅅ,1
마이클,노래와 춤으로 느끼는 마이클,1
마이클,전 재밌게 봤어요 2탄도 얼른 나왔으면 좋겠네요,1
마이클,오랜만에 벅찬 영화를 봐서 좋았어요. 스토리가 짱짱한 영화는 아니였지만 마이클이 어떤 사람이였는지 충분히 알게되었고 너무 감동이였습니다. 대스타 마이클이 아닌 인간 마이클의 모습을 알게돼서 좋았어요,1
마이클,"음악이 좋아서 자막이 끝날 때까지 봤고, 줄거리도 볼만합니다.",1
마이클,눈물이 날정도였음...,1
마이클,"사운드 화면 다 좋았어요
4D라서 의자도 움직이고
안개도 나오고 물 뿌리고
화면이 다가오는것 같아요
콘서트장에 있는것 같았고
최고 좋은 콘서트 였어요ㅎㅎ",1
마이클,전설의 팝의 황제 돌아오다,1
마이클,즐겁게 보있어요 ^^,1
마이클,"아쉬움이 크지만, 음악을 들을 수 있어 좋았어요",1
마이클,아이랑 넘 즐겁게 봤어요!!!,1
마이클,"보헤미안 랩소디 같은 느낌은 아니지만 음악이 좋았고 
마이클 잭슨을 잘 모르지만 뭔가 엄청 유명한 사람인거같다 
뭔가 마지막에 생략이 많이 된거 같지만 나름 좋은 영화 인거같다",1
마이클,"가슴 뭉클한 감동..오랜만에 느껴봅니다.
2편이 나온다면 열일 제치고 갈거예요.
나이든 우리에게 이런감동..감사합니다",1
마이클,간만에 방문한 극장. 요즘 왜 이리 볼만한 영화가 없나요. 마이클잭슨이 그리워 지네요.,1
마이클,마이클잭슨의 노래와 춤이 넘 멋져요 지꾸 따라하게 만들어요,1
마이클,그리운 마이클 ㅠㅠ,1
마이클,마이클 음악을 듣는것만으로도 행복,1
마이클,"천재 마이클이 그립습니다 
잘봤어요",1
마이클,연기력은 좋았으나 보헤미안에비하면 스토리가 단조로워 매우 아쉬웠다.그러나 볼만한 가치는 있다.,1
마이클,보헤미안랩소디 만든 감독님이 마이클 영화 만들었다고 해서 봤어요! 재밌었습니다,1
마이클,"마이클잭슨 음악 하나로 충분한 영화
보고싶다 마이클잭슨",1
마이클,나의 청소년시절과 겹쳐 즐거운 음악감상과 인간적인 마이클의 아름다운 내면을 볼수있는 다시보고싶은 영화였다,1
마이클,전체적인 내용이아니라 데뷔부터 중간까지의 내용인데 조금아쉽네요.,1
마이클,굳 너무 재밌었어요! 왜 다들 좋아하는지 알거같음,1
마이클,"역시 마이클의 노래는언제,어디서 들어도 감동적이고
몸이 가만히 있지를 못하네요.관람하는 동안 내내 즐겁고 마이클의 어린이 사랑과 동물들의 사랑이 느껴지네요.너무 좋았어요^마이클 그립네요♡",1
마이클,"몰랐던 마이클잭슨의 삶을 
알게되어 마음아팠고,
영화보는내내 콘서트에 온듯한 귀호강 타임이여서
너무 좋았어요~

그런데, 뒷자리에 앉으신 어르신들
안방인냥~ 대화하면서 영화보시던데..
참.안타까웠어요",1
마이클,스크린x큰 화면에 초반부터 마이클이 아빠에게 가죽혁대로 채찍질 당하며 비명지르는 걸 보니까 너무 불쾌해서 영화내내 감동으로 전환이 어려웠다. 마이클 역 배우 연기는 좋았음.,0
마이클,2편이 나오는 줄 몰랐어서 끝날 때 엥? 했다,1
마이클,"그립네요 마이클잭슨
어릴때 엄청 좋아했었는데..",1
마이클,재미나게 잘 봤어요~~!!,1
마이클,어찌 황제의 삶을 한편에 담을수 있으리. 2부도 꼭 나오길…,1
마이클,"영화를 통해 마이클잭슨에 대해 더 자세히 알 수 있어서 좋았고, 음악과 함께 두시간동안 정말 지루하지않고, 재미있게 보았어요. 천재적인 가수. 마이클잭슨~~그립네요!",1
마이클,MJ의 노래를 듣고 있으니 그 시절이 떠오르며 과거의 팝 황제가 다시 돌아온듯 했어요,1
마이클,말해 뭐해요. 마이클 잭슨 음악만으로도 최고임. 마이클이 불쌍해서 맘이 짠합니다 ㅠㅠ,1
마이클,"아이맥스로 보길 잘했네요
후반부 공연 장면들은 현장감이 뛰어났습니다
자파 잭슨의 표정연기도 너무 좋았어요 ^^",1
마이클,정말 기대를 많이 했는데 그래서인지 퀸에 비해서는 약간 아쉽네요. 하지만 모든 곡 들이 너무 좋았습니다. 그리고 마이클이 동물을 사랑한 것두요.~~,1
마이클,"싱크로율 대박.
근데 왜 난 감동적이지? 그시대를 살아서인가?",1
마이클,"마이클 잭슨이 환생한 느낌
조카인데도 분장덕분으로? 진짜 헷갈릴 지경으로
 닮아서 놀랬네요
어린 시절 즐겨듣던 노래들 
아까운 천재였습니다
2편도 나올건가 봅니다~",1
마이클,러닝타임동안 그 분의 노래를 듣는 것만으로도 그저 행복했습니다ㅜㅜ 당분간 제 플리는 형님입니다!!,1
마이클,눈과 귀는 즐거웠이나 인물의 내면이 전혀 보이지 않아 아쉬웠다.,1
마이클,마이클 잭슨 영화가 아무리 군소리가 많아도 그가 영원히 대중의 선택을 받으면 좋겟고 황제였으면 좋겠다.일단 보고 평가해.,1
마이클,재미있게 잘 봤습니다.,1
마이클,영화 보는 내내 좋았다,1
마이클,재미있게 잘 봤습니다.,1
마이클,"마이클 잭슨의 음악, 춤, 리듬감 영화로 보고 느낄 수 있어서 넘 좋았어요.",1
마이클,"주인공이 노래도, 춤도 기대 이상의 퍼포먼스를 보여줘서 정말 좋았어요. 마치 마이클 잭슨의 공연 실황을 본 것만 같아요. 극장에서 그의 향기를 이렇게라도 느낄 수 있다는 것이 다행이면서도 가슴 아팠습니다.",1
마이클,"잘봤어요잘봤어요 
감동적이네요",1
마이클,마이클잭슨 노래 좋았습니다. 춤도 너무 잘추고 배우분이 너무 비슷하게 생겨서 찾아보니 조카분이시라고... 괜히 더 뭉클(?)했습니다.,1
마이클,"너무 재밌게 봤어요
영화를 보는 것이 아니라 콘서트를 보는거 같았어요
시간이 갈수록 마이클잭슨인지 헷갈릴정도였습니다
또 보러갈거 같네요^^",1
마이클,"재밌어요
노래가 많아요",1
마이클,둠칫둠칫 2편은 언제 나오려나,1
마이클,영상미랑 노래가 너무 좋았다. 스토리는 살짝 아쉬움. 👍,1
마이클,기대가 너무너무 컸나봄,1
마이클,"왜 안 봐...
꼭 봐 요",1
마이클,마이클 잭슨 goat,1
마이클,영화 마이클 시간가는줄 모르고 봤어요 정말 재밌어요 라이브공연 보는듯한 영상미 음악은 최고죠 마이클잭슨이잖아요! 저는 N차관람예정입니다!,1
마이클,좋아하던 가수의 일대기를 멋진 음악과 영상으로 볼수 있어 좋은 영화,1
마이클,콘서트를 보는것 같았습니다,1
마이클,연기를 잘 하긴 했는데 MJ가 생각나면서 아쉬운 느낌이 계속 따라오는 건 어쩔 수 없는 것 같다. 서사도 너무 많이 빠져있고 편집이 어떻게 된건지 공연 장면 등이 너무 빠르게 넘어간다. 몰입감 부족....,0
마이클,"팝의황제, 나의 영원한 가수 마이클잭슨 !!!!
그의 찬란한 인생과 음악 속으로 떠나는 여러 감정이 느껴지는 서사와, 몰랐던 노래 감춰진 내면을 다 들여다 볼 수 있었고, 마이클 ㅠㅠ 돌아와줘",1
마이클,다알지 그러닌가 그양패스 아~~,1
마이클,"마이클잭슨의 유년기에서 가수 초기까지 다룬 내용입니다.
그 이후에 내용들은 2편에서 다룰거같습니다.
보헤미안처럼 탄탄한 내용과 서사 및 결말을 기대하고 가면 안되고 음악을 즐기러 간다 생각하고 가세요",0
마이클,마이클 잭슨이 부활한 것 같은 자파 잭슨의 노력이 돋보였어요,1
마이클,오랫만에 감동적으로 과거 추억여행하고 왔네요,1
마이클,"간만에 영화봤네요.
추천합니다.",1
마이클,하도 평이 않좋아서 볼까말까하다가 봤지만. 너무 재밌게봤다. 싼킴님의 해설을 본뒤봐서 그런지 마이클은 순수한 천사같다.,1
마이클,마이클 잭슨이 그리워지는 영화,1
마이클,"팝의황제 마미클 잭슨.
너무유명한 가수의 전기영화 
노래도좋고
감동입니다
많이들보세요",1
마이클,마이클의 스토리와 음악의 몰입감이 있어 감동적임,1
마이클,마이클잭슨이 그립네요~^^,1
마이클,용산 스크린x로 봤습니다. 믿음의 돌비 너무 좋은 음질로 노래듣고 왔어요,1
마이클,잭슨의 노래 좋았습니다,1
마이클,"집중잘되구 시간가는줄 몰랐어요! 
마이클 음악 탄생 스토리를 볼 수있어서 좋았어요
소름돋는 장면듀 있었구 재밌게 잘봤움",1
마이클,거대한콘서트를보고온느낌입니다. 멋진마이클의. 새로운면모도다시보게되었구요. 아주멋진공연이었어요,1
마이클,"노래는 말할 요지가 못되나, 마이클 관련 스토리를 많이 알고 있어서 그런지 나머진 아쉬웠습니다....",0
마이클,"위대한 예술가이기 전에 
가엽고 외로운 
어린 아이였다는걸...",1
마이클,마형 보고 싶었어요!,1
마이클,"one and only the king of pop
애초에 누가 따라할 수 있겠냐
연기도 없고 스토리도 부실하고 CG는 어색하고
아이코닉한 장면은 힘이 없다
유튜브로 마이클 잭슨이나 찾아봐야지",0
마이클,아주좋아요현실감있는연기나이스굳,1
마이클,재밌어요 천부적 재능이 참 부럽네요,1
마이클,역시 마이클의 음악을 듣는 것만으로도 훌륭해요,1
마이클,빨리 속편 주세요!!!!,1
마이클,무었을 더 얘기할까 마잭 그는 외계인이다,1
마이클,"내가 아는 들었던 이야기 하고 실제 이야기 하고 차이가
너무 많이 납니다 역시 남의 험담을 좋아하는 사람들의
이야기 하고 실제 이야기 하고 차이가 많이 납니다",1
마이클,음악 하나만으로도 충분히 가치있는 영화입니다,1
마이클,음악도 좋았고 배우의 연기도 좋았습니다 너무 불우한 환경속의 마이클 어린 마이클의 아픔을 안아주고픔 내용이었습니다,1
마이클,마이클 잘봤습니다.,1
마이클,"시간 가는줄 모르고 봤당
마이클잭슨의 위대함을 다시 한번 느낄 수 있었음!!",1
마이클,"4dx도 생각보다 어울림
리듬에 맞춰 진동하는게 감다살",1
마이클,재미있게 잘봤습니다.,1
마이클,마이클 재밌게 잘봤습니다.,1
마이클,레전드 마이클 잭슨!,1
마이클,"아..
보.랩처럼 감동과 재미와 영상미 연출까지 좋았던거에 비하면 실망스럼
마이클 조카라기에 기대가 너무 컸나봐요 ㅜㅜ
스토리 설명듣다 지루해보긴 첨이네요
맥이 자꾸 끊겨서 노래도 흥이 안남 2는 안봄",0
마이클,콘서트 보는 기분이었어요,1
마이클,"영화 두번째 본건데도 처음부터 끝날때까지 몰입해서 봤어요
자파 잭슨 연기가 마치 마이클 잭슨을 보는것같아 좋았고 음악도 너무 좋았습니다
세번째 또 보러 가게 될거같아요",1
마이클,마이클의 삶과 가족들 친구들의 얘기까지 조금이라고 이해할수있어 좋았습니다,1
마이클,"원조 마이클잭슨이랑 완전 똑같을 순 없었지만 그래도 마이클잭슨 조카가 연기하는거 보고 춤도 되게 노력한게 보여서 
정말 좋았고 목소리 자체도 비슷했고 스토리도 괜찮았어요~~👍👍😀😀",1
마이클,음악도 너무 좋고 옛날 생각이 많이 나고 감동이네요 마이클 더 오래오래 우리곁에 있어주었음 좋았을걸~~ 넘 아쉽고 그립네요,1
마이클,팝을 즐겨듣지는 않았으나 그 당시 세대.. 재구성된 영화는 언제나 감동.. 대단한 마이클..,1
마이클,보는 내내 좋았습니다 특히 노래요 !!,1
마이클,재미있어요 추천합니다,1
마이클,영화인데도 전주만 나와도 몸을 들썩이게만드는 마잭,1
마이클,나의 신 나의 종교,1
마이클,현재의 K뮤직 탈군무는 45년전 스릴러가 효시네요. 음악을 들으니 예 생각이 새록새록.,1
마이클,"흥행1위를하는이유가있는.실화에대한생동감과.넘.
안타까운것은.왜일찍하늘나라로간다는것이매우안타까우며.좋으신일을많이하시는분들은.제발.빨리가지않기를바라며.넘.감동적인.대서사시인것같습니다.",1
마이클,팝의황제의 이야기 간만에 너무 재미있게 관람했네요 조카가 연기했다고 알고있는데 정말 많이 닮아 몰입감이 좋았고 스토리도 미화된 부분도 많았지만 전기 영화가 아니니 넘어가줄만 하네요 관람적극추천,1
마이클,1편에 모든 서사를 넣지 못한건 당연하다 생각되고 OST가 듣기 좋았다,1
마이클,아까운 사람 다시 못보니 아쉽ㅜ,1
마이클,"멋진음악,춤...그리고 감동까지~~~
아마도 2편이 나올것같은데 너무 기대되네요!",1
마이클,재미있게 몰입해서 잘 봤어요,1
마이클,"아 마이클! 그런 가족사가 있었군요 
마지막 내한했을때 서대문 우리동네
복지 시설에 왔을때 2층에서 본적있는데.
일찍 가버려서 너무 안타까워요
계속이라는건 2부가 나온다는 
얘기겠지요 하긴 한번에 담긴...",1
마이클,솔직히 기대 1000% 였다면 기대에 미치진 못했다. 마이클잭슨의 서사가 많기에 물론 다 못담아낼거라고 생각은 했다. 하지만... 실망이 더 컸다. 노래는 너무 좋았다.,1
마이클,"마이클 잭슨 💛 다시한번 되새겨 봅니다!
 역쉬~ 최고👍",1
마이클,보헤미안랩소디보다는 좀 지루한 느낌,1
마이클,"새삼 대단했던 인물였다는걸 느끼게 만드네요
당분간 음악은 마이클 노래~~",1
마이클,마이클은 좋은데 영화는 별로,0
마이클,사운드트랙 감상만으로도 충분히 볼 가치가 있다,1
마이클,"슈퍼스타의 재림
마이클잭슨의 귀환같은
진정한 음악의 폭발적인 전율",1
마이클,추천추첯천추처눛처추츛 추너,1
마이클,"노래듣는것만으로 즐거웠어요.
자막 끝날때 나오는 노래도 듣고 옴",1
마이클,"참 착한 사람이었는데 많은 모함과 오해를 생긱하니 맘 아프게 보게 되네요~~
추억속에 젖어봄",1
마이클,"호불호가 있길래 망설이다 봤다.
안봤으면 어쩔뻔?
이 영화를 보고 깨달았다.
눈물이 찔끔찔끔.
나 마이클잭슨 좋아했네...
그의 모든 아티스트적 재능에 찬사를 보내며...
피터팬을 꿈꾸던 순수했던 M.J가 그립다.",1
마이클,너무 감동이에요 또보고싶어요,1
마이클,재미없다… 졸았어요 …,0
마이클,다음편이 빨리 나오길요. 더 듣고싶은 노래가 아직 많이 남았어요,1
마이클,와 진짜 지립니다! 이런영환 무조건 영화관에서 봐야함! 엄마모시고 한번 더 볼거에요!,1
마이클,노래를 더 많이 듣고 싶다는 아쉬움이 남아 있어요 빨리 후편 나오기를요,1
마이클,마이클 잭슨이 황제가 되기까지... 딱거기까지만...,1
마이클,"담주에 한번더 보러갑니다
여운이 가시질않네요
콘서트장 다녀온기분",1
마이클,아쉬운 부분도 있지만 볼거리는 확실하네요,1
마이클,"배우,연기,분장,연출이 대단하네요",1
마이클,왕은 영원하다는 걸 다시 깨닫게 됨,1
마이클,마이클잭슨이나 마이클잭슨의 노래를 좋아하는 사람들이라면 IMAX 내리기전까지 얼른 가서 보시길 강추요! 마이클 아버지는 벨트로 좀 맞...,1
마이클,"가족을 위한 희생은 여기까지.
내 길을 가는데 잘 못 된 건 없다.

#제발 상영중에 핸드폰 켜는 미친짓 하지 말자. 
다른 사람을 방해할 권리는 너에게 없어.",1
마이클,"그럭저럭 볼만하네요…,,",1
마이클,"살아있는 마이클의 노래~ 하지만 뒤에는 죽어있는 마이클
아쉬움이 많이 남아~ 더 아쉬운 영화",1
마이클,보헤미안 랩소디나 앨비스랑 비교하면 하위호환이지만 자파르 잭슨이 진짜 욕 안 먹으려고 열심히 연구한게 영화에서 보임 뮤비 찍을 때 순간순간 이거 실제 영상인가 싶을 정도로 진짜 열심히 해서 후라이는뺌,1
마이클,마이클잭슨을 알고있는사람들이라면 향수에 젖을만한 영화!,1
마이클,마이클 잭슨의 노래가 좋았어요,1
마이클,영화를 보고 옵니다,1
마이클,스크린으로 다시 부활한 불멸의 팝의 황제 마이클 잭슨을 완벽하게 잘 재현시킨 최고의 영화!,1
마이클,콘서트를 보거나 멜론을 틀어 놔라,0
마이클,알맹이는 없이 껍데기만 남은 영화,0
마이클,"잭슨 노래의 연속이니, 귀호강은 당연하고, 
결국 잭슨아빠의 극성스런 자녀교육이 
잭슨의 엄청난 탤런트를 먀들어냈음을 확인시키네~
마이클잭슨의 스타로서의 일대기에의 기록?",1
마이클,재미있게 잘 봤습니다.,1
마이클,중요한 스토리 다 빠지고 음악만 남음,1
마이클,"배우 연기가 정말 휼륭함
다시 보고 싶다",1
마이클,"너무 멋진 사람.
2편 나왔으면.",1
마이클,"만약 스토리가 없었더라도 마이클잭슨의 노래들을 스크린으로 느낄수있었던 것만으로도 충분한 영화 !!!
슬픈스토리 이겠지만 마이클2 기다려봅니다.
I,m missing you....",1
마이클,2편 기다립니당 추천,1
마이클,마이클 잭슨 공연 장면이 특히 좋았어요.,1
마이클,배우가 직접 노래했다는게 대단해요. 노래를 들으면서 마이클잭슨이 생각났어요.,1
마이클,음악이 너무 좋았고 어쩜 마이클과 똑같은 느낌 재미나게 잘 봤네요,1
마이클,"영화적 서사는 거의 없는 편.. 유일한 갈등이 아버지와의 갈등뿐..
그러나, 무대 연출 장면, 사운드 구성은 너무 좋았다. 문 워크 처음 나올때.. 숨 죽이고 지켜봄.",1
마이클,"마이클잭슨 인생 이야기와~ 콘서트를 보는듯한 느낌.
퀸보헤미안랩소디와 비교 할 수는 없지만 즐겁게 관람했습니다.",1
마이클,콘서트 보는줄.. 화려함 뒤에 아버지로 인한 외로움이 컸을것 같다,1
마이클,시간가는줄 모르고 몰입해서 봤네요..전편보단 전 모든면에서 좋았어요..최곱니다..,1
마이클,"마이클의 음악과 공연을 큰 화면과 좋은 음향으로 즐길 수 있어서 좋았습니다. 여러 이해관계에 대한 것도, 스토리에 대한 아쉬움도 차치하고 그를 사랑하는 사람들과 한 공간에서 열광할 수 있어서 좋았어요👍",1
마이클,스크린으로 만나는 마이클잭슨도 매력적이네요,1
마이클,그냥저냥...;;;,1
마이클,마이클 너무 일찍 떠났어요...고마워요 당신의 음악,1
마이클,"굳이 imax관을 선택했으나...돈이 아까웠다. 아티스트에 대해서도 음악에 대해서도, 뭣도 아닌 영화. 매우 실망스러운 제작의도. 그냥 마이클 이름팔이였나? <보헤미안랩소디>를 기대하고 가면 절대 안됨!!!",0
마이클,재미있게잘 보았습니다,1
마이클,굳이 비교를 해 보자면 Queen에서 주인공의 연기와 노력이 얼마나 대단했는지 알 수 있었음. 보는 내내 저 사람은 내가 아는 Michael이 아닌데... 생각이 계속 되었음.,0
마이클,"재미있긴 했는데
이런 영화도 후속편이 있을줄이야ㅜㅜ",1
마이클,마이클 브라보🎉👍,1
마이클,마이클 마이클 마이클,1
마이클,다른 영화관 돌비관에서 보고 너무 좋아서 멀지만 용아멕에서 보면 좋을거 같아 두번째 관람. 새로이 본듯이 너무 좋았다. 마이클 잭슨의 실 콘서트를 못본 대신으로.. 팝 좋아한다면 몇번을 봐도 후회하지 않을,1
마이클,마이클잭슨이 누군지만 알았지 그의 이야기는 몰랐는데 좋은 시간이였어요!,1
마이클,"실망
보헤미안 랩소디가 훨씬 나았어요",0
마이클,"Who’s the best? Just only micle!! 
최고라는 극찬과 아이를 사랑하는 진심이
이 영화를 더 빛나게 한다",1
마이클,"시대를 초월했지만,
시대는 그를 담지 못한…",1
마이클,마지막도 그렇고 전체적으로 좀 많이 아쉬웠긴 했지만 마이클 잭슨 노래를 영화관에서 들을 수 있는 것에 정말 만족했습니다.👍👍,1
마이클,아이와 함께 재미있게 봤습니다,1
마이클,"#음악
#마이클잭슨
너무 좋았어요 또 보고싶어요!!",1
마이클,제가 아는 노래가 나와서 따라 부르며 즐거운 시간을 보냈습니다.,1
마이클,시간과 사건들이 뒤죽박죽,1
마이클,MJ의 이야기나 서사는 거의 전무합니다. 왜곡도 많고 MJ의 오랜 팬이면 다소 실망의 요소가 다분합니다. 다만 노래는 그때 그 감정을 되새기위해 충분하네요.,0
마이클,신나는 음악과 옛기억을 떠올리게하는 모습 좋아요.,1
마이클,고증과 현실감을 고민한 것 같아 좋았고 배우연기가 특히 좋았습니다. 목소리까지 열심히..좋았네요,1
마이클,"마이클잭슨에게 바치는 정말로 좋은 선물 같은 영화인것 같아요 그동안 마이클잭슨을 생각하면 너무 가슴이 아팠는데 이 영화를 보고 아픔이 좀 줄어드는것같아서 좋았어요 2D,IMAX 다 좋아요 4D로도봐야겠어요",1
마이클,재밌어요 만족스럽네요,1
마이클,엄마가 재밌게 보셨다고 함,1
마이클,사운드가 좋은 상영관에서 관람하는 것을 추천,1
마이클,노래가 찐으로 좋아요,1
마이클,마이클의 음악을 원없이 들어 좋았지만 서사가 너무 단순하게 묘사되어 좀 아쉬웠네요,1
마이클,마이클잭슨의 일부 이야기인데 뭔가 부족했음,0
마이클,세상 짠한 슈퍼스타 였구나~~,1
마이클,마이클 마이클 마이클 마이클,1
마이클,마이클 마이클 마이클 마이클,1
마이클,오랜만에 추억 속에 잠겼네요. 젊은 날의 회상과 함께눈물이...,1
마이클,마이클 잭슨의 외로움 천재의 고독을 이해한다,1
마이클,그리운Mj감명깊게 관람했습니다,1
마이클,"전설의 무대를 재현하는 것만 보아도 영화관 무대에서도 감동이네요. 순수했던 영혼 마이클이 성장통을 어떻게 지나왔는지 보여주는 스토리.
이어지는 2편이 기대가 됩니다.",1
마이클,"자파 잭슨 캐스팅으로 마이클의 부활을 보는 듯한. 
명곡이 와다다다다
눈과 귀의 호강
덩달아 바빠지는 몸. 두둠칫",1
마이클,"천년이 지나도 대체할수 없는 마이클의 존재감은 천재나 황제 보다는 ""순수한 영혼"" 이라고 칭하고 싶다! 그리고 이 위대한 존재는 이제는 별이 되어 영원히 빛나고 있다!",1
마이클,"위대하고 찬란한 전세계인의 가수 마이클~ 그렇게도 순수하고 사랑이가득한 사람이었다는것이 관람내내 눈물나게하고 그리웠네요.. 2시간으로는 그의 일생을 담아내기엔 너무 부족해요. 
2편3편 기대해봅니다~",1
마이클,GO MICHAEL OR GO MICHAEL JACKSON,1
마이클,스토리는 별거 없지만 레전드 슈스를 만나는 즐거움,1
마이클,"마이클을 좋아한다면 상영내내 그저 감탄만 나와요 
즐겁고 행복했습니다 꼭 보세요",1
마이클,"나갈 때 문워크를 속마음으로 하면서 나갔습니다..
대황잭..
마이클 잭슨 너무 착하시다...",1
마이클,"마이클잭슨
한시대를 휘어잡은 레전드 가수
음악과 스토리 좋았네요",1
마이클,너무 재미 있는 영화 입니다,1
마이클,나의 성장기외 함께 해줬던 마이클! 고마워요~~,1
마이클,나의 성장기외 함께 해줬던 마이클! 고마워요~~,1
마이클,"노래는
 진짜 너무좋았는데
스토리전개가 너무 끊어지니까
몰입도 안돼고 근데 노래는 진짜
너무 좋아요 콘서트 갔다왔다
생각했어요",1
마이클,재미있게 잘 봤습니다 좋았어요,1
마이클,콘서트를 즐기다 온 느낌,1
마이클,재미있게 잘 봤습니다 좋았어요,1
마이클,영화 재미있게 잘 봤습니다!!,1
마이클,동화 같은 전기와 콘서트의 느낌을 동시에 선사하는 최고의 오락 영화 !!,1
마이클,노래 설명서 그 이상 이하도 아니었음 굳이 영화로 안보는 것이 나을 듯,0
마이클,중요한 얘기는 다 짤라먹어서 그닥,0
마이클,마이클이라는 이름 뒤 부족한 스토리,1
마이클,보는 내내 MJ가 너무 보고싶어집니다,1
마이클,너무 감동적인 영화입니다 후속편 기다릴게요!!!,1
마이클,마이클 잭슨 이야기 좋았어요,1
마이클,마이클잭슨 노래는 언제들어도 좋다!,1
마이클,노래듣는것만도 본전입니다,1
마이클,2부로 나뉘어져 기다림이 아쉽지만 잼나요,1
마이클,"잘봤습니다 
근데 마지막에 끝날때는 갑작스러워서 뭐지? 했다는",1
마이클,마이클이 마이클 쥔순간 많이 클 관객함성,1
마이클,굿바이 잭슨파이브 안녕 마이클,1
마이클,흥미롭게 잘 보았습니다 ^^*,1
마이클,"노래가 너무 좋아요~~ 

인기도 많고 지금 다시 들어도 좋은거같아요^^",1
마이클,몰입해서 잘 보았습니다!!,1
마이클,"마이클의 음악은 지금도 감동~
노래 듣는것만으로도 만점인 영화.",1
마이클,"사운드나 공연장면 등등 몰입감 최고! 
꼭 극장에서 보세요~",1
마이클,인상깊게 잘 보았습니다 ^^,1
마이클,"역시 마이클잭슨 
노래 넘 좋아요",1
마이클,성인마이클 첫대사 목소리가 너무비슷해서 놀랐음,1
마이클,"마이클잭슨이 살아 돌아온 거 같아서 너무 감동적이었어요ㅠㅠ
 그리고 2시간 동안 귀가 즐거웠어요 !!!
동네에서 IMAX관 영화를 보는 게 너무나도 뿌듯했어요🔥🧡",1
마이클,재밌었습니다 2편도 나오길,1
마이클,팬들이 왜 별로 안 좋아하는지 알겠다. 마이클 잭슨을 괴롭힌 어둠들을 대부분 거세한 반쪽짜리 전기영화. 영화 자체의 완성도는 준수한데 기획 의도를 모르겠다,1
마이클,"모기랑 인간이 싸웠어, 모기를 잡긴했는데 곰곰히 따져보니 결국 모기가 이긴거야",0
마이클,노래 너무 좋았어요,1
마이클,멋진 콘서트봤어요. 역시 아이맥스로 봐야 감동도 더 크네요,1
마이클,원래 알고있던 내용이긴하지만 마이클의 노래 더좋은 노래 넘 많은데 더많이 들을수 없어 아쉬웠어요 진짜 천재 아티스트 타고난 재능은 어쩔수없이 빛이나기 마련입니다,1
마이클,재미있게 잘 보았습니다. ~,1
마이클,가수 영화라 그런지 촬영 부분 보헤미안 랩소디랑 같은 느낌인 장면들이 있었음. 영화 무난무난,1
마이클,영화 잘 봤습니다:),1
마이클,마이클 잭슨이 독립하는 이야기,1
마이클,"지구상에 이런 가수가 다시 올수 없다는,
왜 수도 없이 상처를 준 후
우리는 깨닫게 되는지 안타갑네요ᆢ
마이클~~!! 편히 잠드시길",1
마이클,"하늘이 내린 쵝오의 한사람 이라는걸 다시금 알게해주는영화였어요
고맙습니다 ^^😀",1
마이클,재밌는 얘기 좀 많이 안,1
마이클,지금 3번째봄 마이클 잭슨을 생각하면서 봤음 포스트가 있을줄 알았는데 없어서 속상하네요ㅜㅜ 요즘은 왜 포스트를 안주나요 제발 다시 만들어 주세요 ㅜㅜ,1
마이클,"재밌게 관람 했습니다 
2편도 기대해볼께요^^
라이브 영상도 좀만 넣어줘요 감독님~~^^♡",1
마이클,팝의 황제 마이클잭슨의 귀환!!,1
마이클,영화가 진행될수록 점점 주인공의 얼굴이 마이클 잭슨과 겹쳐 보였습니다. 끝나고 나서는 오랜만에 오래된 뮤비들을 돌려보았어요. 그런 마음이 든 것 만으로도 괜찮은 영화라고 말 할 수 있을 것 같습니다.,1
마이클,그냥 그럭저럭 볼만했네요,1
마이클,"재밌게 관람 했습니다 
2편 나오나봐요?^^
보고파요 ..마이클~♡♡",1
마이클,마이클잭슨의 이야기는 다시 돌아온다,1
마이클,"너무 감동이고, 좋았습니다",1
마이클,마이클잭슨이라는 가수를 잘 몰랐는데 몰입감이 상당히 좋았고 속편이 나올지는 모르겠으나 나왔으면 좋겠어요. 눈물흘리며 잘 봤습니다.,1
마이클,마이클의 이야기이기에 즐거웠을뿐,1
마이클,"최고의작품입니다
화이팅",1
마이클,"마이클 잭슨을 직접 보지 못한 아쉬움이 더 커지는 영화!!
그런데 속편까지 기다려야하는 아쉬움까지!!",1
마이클,좋았어요! 나중에는 정말 마이클잭슨 처럼 보였어요 2편은 언제 나오나 ㅠㅠ,1
마이클,그냥 한편의 콘서트 재미 감동,1
마이클,음악만 들어도 상영시간이 지루하지 않네요.,1
마이클,"배우의 노력이 빛났습니다,
재밌어요~",1
마이클,추억이 새록새록 살아났어요,1
마이클,마이클잭슨의 노래를 영화로 보니 정말 좋았습니다,1
마이클,"생각보다 스토리 전개나 개연성아 조금 떨어져서 아쉽긴 했으나, 연출력과 노래 등은 흠잡을만한 데가 없었어요~ 조금 지루한 구간도 있긴 하나 전체적으로 재밌습니다.",1
마이클,마이클 잭슨에 대해 알게 돼서 좋았어요,1
마이클,남녀노소 부담없이 보기 좋아요,1
마이클,역시ㅜ마이클 너무 멋집니다,1
마이클,오랜만에 영화 재미있게 잘 봤습니다. 추천합니다.,1
마이클,"옛날 마이클잭슨의 명성이 생각 나네요
잘보았습니다",1
마이클,조금 아쉬움이 남았던거 같습니다,1
마이클,직접보시고판단하세요,1
마이클,직접보시고판단하세요,1
마이클,시간이 지날수록 만나는 사람만 만난다. 딱히 나를 꾸며낼 필요 없고 언제 만나도 부담스럽지 않은 편한 사람들.,1
마이클,"잊고있던 전설의 일대기를 몰입해서 볼 수 있게 해준 영화
이렇게 착한 사람에게 못되게 대한 존재들 모두 천벌뱓기를",1
마이클,마이클잭슨의 몰랐던 부분들과 노래가 만들어지게 된 배경들은 좋았음~ 그러다 갑자기 끝.. 마무리가 아쉬움,1
마이클,영화의 작품성을 떠나서 그의 노래를 스크린으로 보고 듣는것만으로도 벅차오르는 감동과 흥분으로 평가 불가,1
마이클,마이클 영화 잘 봤습니다~~~,1
마이클,"그의 음악과 춤, 무대로 많은 약점들을 잊게한다",1
마이클,좋아요 좋아요 좋아요 좋아요 좋아요 좋아요 좋아요 좋아요,1
마이클,생각보다 너무 좋았습니다 아이맥스로 봐서 사운드도 좋고 화면도 커서 좋았네요,1
마이클,노래는 좋은데 내용은 빈약함,1
마이클,마잭 사랑합니다. 행복하세요. 그곳에선.,1
마이클,"마이콜잭슨 시대 사람이 아니라서 잘 몰랐는데,
영화를 통해서 왜 황제인지 알게 되었습니다.",1
마이클,"그의 성공과 반짝임에 집중한 스토리가 나쁘지 않았어요
정체된 일상에 힘들었는데 리프레쉬가 됐네요",1
마이클,"마이클잭슨 명곡이 많이 나와서 좋았어요
smooth criminal이랑 dangerous는 안 나왔고
인생사 앞부분만 나왔네요..",1
마이클,마이클 잭슨과 80년대 뮤직 씬을 기억나게 하기에는 충분.,1
마이클,기대를 너무 많이 했나보네요. 보헤미안랩소디 제작진이라서 큰 기대를 했는데...,0
마이클,"영화 그 이상의 재미와 감동 이 가득합니다, 스크린엑스, 아이맥스 관 강추",1
마이클,"입덕 완료
마잭 잘 몰랐는데 영화덕에 알게되고 유튜브에 깔려죽는 중",1
마이클,살짝 아쉽지만 배우의 연기와 음악은 역시 최고,1
마이클,영화의 느낌은 개인의취향대로 가지만 전 잭슨세대라 ㅋㅋ 극장에서 연기와 공연을 보는 것만으로 너무 좋았습니다. 아픈이들을 생각하는마음과 천재적인 음악성~~~고등학생때 새로나온 뮤직비디오 구해보던 생,1
마이클,마이클 잭슨 노래만 들으러 온 사람이라면 충분히 좋아하실거고 그의 히스토리를 보고자 온 사람이라면 많이 실망하실거예요 저는 음악만 들으러온거라 만족합니다,1
마이클,음악은 역시나 굉장했다,1
마이클,그리운 나의 스타.,1
마이클,"화려함 이면에 채워지지않는 외로움.
안타깝기도 했지만. 꿈을 꾸며 앞으로 나아가는.. 
내 추억속의 멋진 마이클을 보았다는 것만으로도 좋았음!",1
마이클,"무조건 큰관 아니면 특별관에서 보면 좋을듯 아이맥스 스크린엑스 관에서,,",1
마이클,시즌1같은 느낌이에요 어쩌면 이미 지난 세대지만 전설의 시작을 보는 느낌? 잘만들었어요 굿,1
마이클,"기대하는 그 이상 이였습니다,,",1
마이클,"마이클잭슨의 화려함속에 가족과의관계속에서
많이 외로왔을 마이클의결심...같이 나이먹으며
즐거움을받은사람으로,먼저세상을간 마이클이
보고싶네요..",1
마이클,음악을 즐기수 있으니 너무너무 좋지 아노한가,1
마이클,훌륭한 연출과 배우들의 연기 인상적이다.,1
마이클,사실과 너무다르다 너무가벼운 스토리전개와 마이클의 천재성 인간적인 면모가 전혀 느껴지지않았고 사실과 다른 내용에 마이클잭슨의 인생이라기보단 타인의 시선에서 본 가벼운 내용들뿐이라 정말실망햇다,0
마이클,노래와 퍼포먼스가 좋네요,1
마이클,팬은 아니지만 그가 인간적으로 존경받아 마땅한 인물이라는 건 확실히 전달됐다. 그 외에 모든게 최악. 무슨 생각으로 이런 연출을? 느껴지는 의도가 전혀 없고 사운드는 음악 영화라 분류되는 게 아깝다.,0
마이클,제작 관련 사실과 부합하지 않은 점이 조금 있더라도 그의 음악적 성과는 틀림없이 칭송되어야 마땅하고 또한 즐길 수 있어야 한다고.... 좀 !!,1
마이클,약간 허무하지만 자파 잭슨의 연기는 좋았음,1
마이클,착한사람 마이클 잭슨 이야기. 흥미진진했어요.,1
마이클,"얼핏 알고 있었던 마이클의 일대기
스릴러 뮤비를 처음 접했더 초등학교때의 그충격이 고스란히 다시 느껴지는 영화였슥니다 2편이 빨리 나왔으면 좋겠어요",1
마이클,아깝고 아깝다ㅠㅠ 정말..,1
마이클,"저 시대에 마이클 잭슨의 공연을 실제로 본 사람들의 눈이 부럽네요. 고통 속에서도 타인에게는 계속해서 사랑을 나누는 사람이었다는 게 가슴 아프지만, 그만큼 강하고 아름다운 사람이었다는 걸 알겠습니다",1
마이클,"영화를 통해서 마이클을 잘 알게되었네요 방송으로만 보았을땐 그게 다인줄 믿었는데 마이클은 가족을 생각하는 마음도 있고 아들들을 돈벌이로만 이용하는 악랄한 아버지가 문제가 있었네요 맘이 
짠합니다",1
마이클,평이 안 좋아서 걱정했는데 저는 재밌었습니다. 마이클에 대해 잘 모르고 영화 봤는데 음악과 영상만으로도 좋았습니다.,1
마이클,마이클잭슨을 아는 사람이면 볼만한 영화… 근데 새로운건 없었다,1
마이클,재밋엇어요 데이트 용으로도 좋아요ㅔ,1
마이클,감동이있고 돈이안아깝다,1
마이클,마이클에 대한 모든 제작진의 리스펙이 느껴짐,1
마이클,보헤미안 렙소디와 비슷하게 음악중심으로 기대하고 보면 이만한것이 없음,1
마이클,"개인적으로 마이클 일대기를 다루는 전기영화로서

조금 부족한 부분은 있으나 OST가 어느정도 해소는 해줌",1
마이클,마이클의 인생여정과 라이브 콘서트에 온 듯한 감동의 시간인데도 보는내내 짠했어요. 동물과 환아를 사랑한 마이클.,1
마이클,조카가 열연한 마이클잭슨의 이야기 마지막이 조금은 아쉬운 왜 반쪽짜리 라고 하는지 알수있는 영화 하지만 음악만큼은 최고 ~~~,1
마이클,❤️❤️❤️❤️❤️❤️,1
마이클,마이클 보고싶어요..ㅠㅠ,1
마이클,재미있게 잘 보았습니다.,1
마이클,천재의 삶을 완벽하지는 않지만 그럴싸하게 묘사했다,1
마이클,"공연장에서 실신하던 언니들 아들 딸 낳고 잘살고 있겠죠?
음악 듣느라고 자막 다보고 나오기는 처음이네요^^",1
마이클,다소 신비에 쌓였던 전설의 마이클 잭슨 알 수 있어 좋았음,1
마이클,전기영화라 음악이 별로 안나와서,0
마이클,"명곡이 끊이질 않아서 듣는 내내 귀가 즐거운 영화였음. 
다만 후속편이 있을거 같다는 생각이 들게 하는 엔딩이었음.",1
마이클,마이클잭슨같지않아서 아쉽네요,0
마이클,마이클잭슨팔이는 아닌듯...,0
마이클,재미있게 잘 봤네요..,1
마이클,진짜 마잭이 살아 돌아온듯한 연기,1
마이클,그냥 그럭저럭 볼만하네요,1
마이클,그리운 마이클. 순수한 그의마음을 악용한 인간들,1
마이클,그의 시대에 살았으면 어땠을까,1
마이클,노래가 더 많이나왔으면 더 좋았을듯,1
마이클,마이클잭슨...기대안하고 관람했는데 끝나고 긴여운이 남는 영화였어요.,1
마이클,마이클 마이클 마이클,1
마이클,"4D로보니더즐겁고재밌게봤어요..
노래를들으니아주신나고흥이넘치더라고요~~",1
마이클,"음악으로 꽉 채워지는 감동은 예술
마이클잭스의 채워지지 못한 서사는 아쉬웠다",1
마이클,감동적인 OST 와 함께 보는 마이클 잭슨의 인생이야기,1
마이클,그래서 후속편을 갈 수 있는건가???,1
마이클,"마지막 BAD무대는 전설이 살아 돌아 옴. 사운드,퍼포먼스 최고!",1
마이클,영화를 보는 것이 아니라 콘서트를 보는 기분. 마이클 잭슨의 노래는 지금 들어도 명곡! 그의 천재성에 감탄하며 영원한 월드스타로 기억될 것 같다.,1
마이클,"2편 나오나요?
중간에 막 끊기느낌",1
마이클,재미있게 잘 보았습니다.,1
마이클,하늘의 별이 되어버린 나의 마잭 ㅠㅠ,1
마이클,"문워크가 절로 나옵니다
강추
시간순삭",1
마이클,기대를많이했나봄.. 더아쉬운건 dangerous 안나옴,0
마이클,"꼭 사운드 빵빵한 극장에서 보세요! 
영화가 끝나도 마이클잭슨 노래를 하루종일 듣게되는 후유증을 가지게됩니다",1
마이클,다 필요없고 빌리진 나오는 순간 울컥했습니다 그립네요 ㅜㅜ,1
마이클,배우님 실존인물역할을 너무 잘소화해내신듯 👍,1
마이클,신나고 맘이 아프고 심장을 흔드는 비트에 두근거리기도 했다 조카라는데 얼마나 노력했을지 무대들을 보는내내 감탄했다 마이클에 대해 잘 몰랐는데 영화가 끝난 후에도 그의 음악에 빠져 내내 듣게 만들었다,1
마이클,마이클잭슨 네버랜드에서 만나요,1
마이클,때깔을 이리 잘 뽑고 MJ 노래를 틀고도 별로기가 쉽지 않은데...,0
마이클,그냥 마이클잭슨이라서 너무 너무 좋았다. 끝날 땐 너무 너무 아쉬웠고. . ⭐️,1
마이클,"정말 잼있게 봤어요~
다음편도 빨리 보고싶네요~ ^^",1
마이클,나름의 아픈 과거가 있네요~~~,1
마이클,이건 극장에서 봐야될 영화.. 음악 집중 너무 잘됨,1
마이클,재미있어요 좋아요 추천합니다,1
마이클,지나친 각색이 마이클 잭슨의 삶을 알고 있는 코어 팬들에겐 아쉬운 영화이지만 그렇지 않은 이들에겐 흥미로운 영화.,1
마이클,"영화적으로 아쉬움이 많았지만 팝의 황제 마이클 잭슨의 음악과 퍼포먼스가 그 모든 것을 상쇄한다.
너무나도 빨리, 그리고 아쉽게 떠나버린 그가 그립다.",1
마이클,사후에도 대중이 원하는 모습만 보여주는 것까지 씁쓸한 스타의 숙명,0
마이클,"영화적으로 훌륭한 점은 단 하나도 없는 마이클 잭슨 헌정영상. 하지만 매순간이 환희와 행복과 전율과 감동이었다. 음악이 주는 힘이란. 문득 자파 잭슨은 마이클 잭슨을 연기해서 얼마나 즐거웠을까, 생각했다.",1
마이클,차라리 두시간 동안 무대랑 뮤비나 봤으면,0
마이클,"80년 대 젊은 날의 감성을 불러일으켜서 나도 모르게 흥얼거리며 왼발로 박자를 맞추고있었어요. 마이클의 조카의 연기가 감쪽같아서 놀랐어요. 단, 죠셉과의 불필요한 갈등 장면 등 연출이 살짝 아쉬웠어요.",1
마이클,너무너무너무 재밌게봤어요,1
마이클,다~~좋았음 이질감없는 MJ역 배우도 좋았고 다만 다음 편 예고같은 마무리가 아쉬웠음…,1
마이클,"마이클 잭슨의 노래를 들을 수있어 좋았어요.
빌리진의 문워크 정말 멋져요. 영화가 끝나고도 계속 나오는 노래를 두고 떠날 수 없었어요.",1
마이클,마이클이 얼마나 순수하고 천재였는지 알수있었던 영화.,1
마이클,"노래 너무 좋다 캬ㅜㅜ
춤 콘서트연출 등등도 굿",1
마이클,자신보다 가족을 위해 살았네요.불쌍한 마이클 재미있어요.,1
마이클,이딴 영화도 재밌게 볼 수 있게 해주는 황제의 음악,1
마이클,뭐 마이클 잭슨의 업적은 정말 대단합니다. 한데 슈퍼스타의 인생에서 보여줄게 많을텐데 그냥 아버지와의 갈등 구도로만 영화의 처음과 끝을 장식하니 뭐 영화가 만들다 만 느낌이었습니다. 그냥 노래부르다 끝,0
마이클,"그의 삶을 알고 있기 때문에 마지막에는 눈물이 나네요
비운의 천재여",1
마이클,기대 이상으로 좋았어요.,0
마이클,Very wellmade mv!,1
마이클,배우들 연기가 좋았고 특히 아역배우 너무 귀엽고 연기 잘하네요. 안무와 음악이 함께할때 소름이,1
마이클,"영화 자체는 최고
하지만 아쉬운 마무리, 청소년 위인전을 보는 느낌",1
마이클,콘서트를 온 느낌의 영화. 보헤미안 랩소디안 영화에 비하면 웅장함이나 몰입감이 다소 떨어지나 무대 연출로 극복한 영화. 스토리는 계속 된다니 후속작 제목은 “잭슨” ??,1
마이클,마이클 마이클 마이클,1
마이클,스토리는 아쉬웠지만 퍼포먼스 위주로 보기 좋아요,1
마이클,마이클이 살아 돌아온듯한 생동감,1
마이클,그동안 너무 기다려왔던 마이클을 스크린에서 보게된것만으로 너무 행복한시간 이었습니다 ^^ 조카인 자파잭슨의 노력이 느껴질정도로 최대한 비슷하게 만들었다는 느낌이 들었어요! 후속작이 너무 기대됩니다,1
마이클,"개봉날 보고 뭐지 했다가 극장 나서자마자부터 계속 여운이 남는 그런 영화 
딱히 팬도 아녔지만 영화보고 마이클 잭슨 덕질 시작했네요 예매 또했습니다 
왜 마잭을 이제 알았을까요..
사랑합니다 마이클잭슨",1
마이클,팝의 황제는 영원하다,1
마이클,"마이클 잭슨의 히트송과 함께 하는 영화는 좋습니다
그러나...중간에 마치는 상황이라..2편이 나와야 할 듯 싶습니다.",1
마이클,너무 너무너무너뭔무 만족스러워용 지루하지도 않구 돈은 아깝지 않은 관람이였던거 같아용 다들 한번쯤은 볼만해용,1
마이클,기대만큼 너무 재미있었어요.,1
마이클,가부장적인 집안환경에서 엄격하게 자란 마이클과 그 울타리를 벗어나고자하는 그의 영혼과 음악적 성장이 돋보였다.,1
마이클,"두번봤는데 또 보고싶다 큰일났다. 스토리 연출 다 모르겠고 그냥 노래가 너무 좋고, 자파잭슨이 연기하는 마이클잭슨이 너무 좋다. 연기며 노래며 춤이며 너무 완벽하고 마이클잭슨이 다시 온것같다.",1
마이클,너무 재미 있고 감동적이예요. 중간중간 노래가 나오니 지루 하지 않았어요.,1
마이클,너무 좋은 영화를 본것같네요~~마이클의 감성 공감합니다~~,1
마이클,마이클 잭슨 재밌게 봤다,1
마이클,2편이 기대되네요,1
마이클,실제 콘서트장에 온듯한 느낌! 마이클의 노래를 듣고 가면 더 몰입이 잘 될것 같아요,1
마이클,너무좋았습니다 굿입니다,1
마이클,이건 꼭 극장에서 봐야될 영화중에 하나네요.,1
마이클,울었다! 마이클2 도 기다릴게!!,1
마이클,서사보다 히트곡 중심의 전개가 깔끔합니다. 끊어치는 안무의 카리스마와 명곡 재발견이 즐겁습니다. 라이브 공연이 적어 아쉽지만 팝의 황제를 마주하기 충분한 수작입니다.,1
마이클,반가워 마이클. 끝나지않기를 바라며 영화를 보았어,1
마이클,"과연 누굴 위한 영화인가?
명불허전인 그의 곡은 여전히 빛난다.들으면 심장이 뛰는,점수를 매길 수 없는 곡
그러나 갑자기 마무리하는 것 같은 엔딩과, 군데군데 그의 스토리가 빠져있는 듯한 느낌은 지울수없다",0
마이클,추억의 가수와 노래...그러나 좀 아쉽다. 마이클잭슨 비기닝,1
마이클,"마이클 잭슨의 콘서트를 보러 간 느낌이였어요~
2회로 나눠서 개봉하는 줄 모르고 간거라 엔딩때 좀 놀랐지만! 제가 좋아하던 노래는 다음편에 나오지 싶네요~",1
마이클,"감독이 팬을 너무 의식한 게 아닌가...

나는 인간 마이클이 궁금해서 본 건데 딱히 그런 건 없었음. 굉장히 전형적으로 깔끔하게 다듬어져있고, 한 사람의 생애를 주루룩 일관되게 훑어주는 예쁜 영상 위인전같음",0
마이클,화려한 아티스트 뒤 드러나지 않은 아픔이 너무 안쓰럽다,1
마이클,"내인생 최고의 가수 마이클 잭슨
두시간의 짧은 영상으로 다 담을수는 없지만 음악과 춤을 사랑하며 인종 세대 지역 분별없이 모든 사람들이 음악하나로 소통하고 공감하게 만든 위대한 뮤지션이다.",1
마이클,콘서트에 온것같은 기분이었다 스토리는 부족한면이 있었지만 마이클 잭슨에 노래를 들으러 가는것만으로도 티켓값이 아깝지않았다,1
마이클,마이클의 음악과 천재성,1
마이클,"영화적 완성도는 미흡한 게 맞지만, 그럼에도 불구하고 마이클잭슨 노래는 모든 흠을 덮고도 남더라",1
마이클,마이클 완전 몰입해서 봤어요,1
마이클,마이클 잭슨의 인생을 담은 영화 너무 재미있게 봤다. 주인공에 대해 더 자세히 알게됐다. 예상 외로 음악과 스토리가 너무 재미있다. 실제와 거의 흡사한 영상이여서 더 몰입이 됐다.,1
마이클,"보헤미안 랩소디급 절대 아님
다소 지겨웠네요

다만, 막판 잭슨스&런던 공연은
좋았네요",1
마이클,Human nature 공연 장면에서는 왜인지 모르겠지만 눈물이 핑 돌았어요. IMAX 관에서 보시는 걸 정말 추천드려요!!!,1
마이클,후속편 언제 나오나요ㅠㅠ,1
마이클,시대별 마이클의 노래를 들을수있어 좋았다,1
마이클,마이클 잭슨 네버 다이,1
마이클,"아무 기대없이 봤는데 엄청 재밌었고, 배우가 마이클잭슨이랑 너무 비슷해서 놀랐음. 특히 춤이~ 후속편 기다려짐.",1
마이클,마이클 잭슨의 노래들을 알게되어 좋았어요,1
마이클,역시 마이클잭슨bbb,1
마이클,마이클잭슨을좋아하진않아도그는레전드인건맞다,1
마이클,명불허전 음악이 다했네 스토리는 중간에 끊긴느낌 후속작 나올듯,1
마이클,이 영화는 평가라는걸 하고싶지 않음.. 정말 아름답고 재능있는 아티스트였음.. 보는내내 여러번 울컥했음..,1
마이클,추억이 회상 되고 후속편이 기다려 지네요.,1
마이클,마이클 잭슨의 초창기 음악을 느낄 수 있는 영화,1
마이클,콘서트에 온 느낌이었습니다~!!,1
마이클,"두번봤다. 일반상영관. 스크린x. 
화면이 큰 곳이 더 몰입도가 높다. 음악에, 그의 천재성에",1
마이클,불우한 유년기가 있는 줄 몰랐습니다. 완벽한 엔터테이너인줄 알았는데 그속에 인간미가 있었네요.,1
마이클,마이클잭슨파이브식스,1
마이클,그대는 지금도 팝의 황제!,1
마이클,노래 잘~들었습니다,1
마이클,"배우 이름도 잭슨인데 연기력 자체가 마이클 잭슨 분신 같은 느낌처럼 잘 소화해서 놀라웠어요! 
다음편이 기대됩니다!",1
마이클,마이클은 스액으로 즐기는게 나도 콘서트에 있는 느낌이 가장 많이 든다.,1
마이클,빨리 2편 보고싶네요~ ^^,1
마이클,후속을 기다리게 하는 작품인데 뉴스를 검색해 보니 후속편은 어려울듯 하네요. 아쉬움 가득 합니다. 보는 내내 그시절을 추억했답니다. 빌리진! 스릴러 등등,1
마이클,"2편이 기다려집니다
마이클 잭슨이 살아 있었으면 하는 아쉬움이 너무 큽니다",1
마이클,"마이클 잭슨이 너무 보고싶네요ㅠ
자파 잭슨의 열정과 노력이 정말 대단합니다
따뜻하고 위대한 천재 아티스트 얼마나 힘들고 외로웠을까 무척이나 마음 짠하고 그립네요",1
마이클,"꼬마 마이클과 자파잭슨의 연습량이 어마무시했을 것이란 건 안봐도 비디오예요. 마잭의 사소한제스처와 자세까지 똑같이 따라하는 모습에 감탄이 절로 나왔습니다.
마잭님이 그리워 또보려 가렵니다ㅎ",1
마이클,"재밌었어요 그냥 너무 착하고 불쌍한 사람이네요~~
2편도 기대가 되요~~
개봉하면 꼭 볼께요~~",1
마이클,"그가 우리 곁에 없다는게 슬펐어요. 
천사 천재 마이클",1
마이클,와... 마이클이 돌아온듯... 그냥 대박!!!,1
마이클,그의 마지막을 알고있으므로.. 모든 장면이 슬펐습니다.,1
마이클,어릴때 봤던 마이클잭슨 모습이 아직도 생생한데 영화 보면서 그를 다시금 추억할 수 있어서 행복했어요. 다만 제가 아는 노래가 1/10도 안나왔어요ㅠ 2편이 꼭 만들어지길 기대합니다!,1
마이클,앤차관람 2편이 기대됨,1
마이클,마이클잭슨 노래만 들을만하다,1
마이클,후속편은 언제 나오려나,1
마이클,몰입감 있고 볼만해요,1
마이클,후속작이 기대되네요~,1
마이클,환상을 보여주지만 그 환상이 너무도 찬란하다,1
마이클,친일파가 만든 독립운동가 이야기라고 들어서 아쉽지만 국민학교때 들었던 곡을 들을 수 있어서 감동이었어요.,1
마이클,재밌게 잘 봤습니다. 기대한만큼 마잭의 인생에 파고드는 영화는 아니었지만 후회가 남는 영화는 아니었어요. 노래의 가사가 인물의 심리를 대변해주는 듯한 느낌이 나서 그것도 좋았구요.,1
마이클,"솔직히 존 브랑카 진짜 역겹거든요?
아직도 돈 벌어먹으려는 소니 진짜 짜증나거든요?
근데 그냥 MJ가 그리웠나봐요
자파르 얼굴에서 언뜻언뜻 보이는 마이클 표정과 움직임..
그것만으로 울컥하고 벅찼어요",1
마이클,마이클 그리운 세계최고의 가수!!!,1
마이클,"재미있게 봤네요 
다만 영화가 마이클과 아버지 조셉에관한
갈등위주로 전개된 이야기라 
뭔가 마이클 전성기 이야기가 
많이 빠진듯 하네요 
당연히 후속으로 다음영화를 만들겠지만
그래도 꿀잼!",1
마이클,잘 몰랐던 마이클의 인생에 대해 아주 조금은 알게 됐네요,1
마이클,유년기시절과 혼자만의 자기세계가 생기기까지의 마이클의 모습을 볼수있어 좋았어요,1
마이클,9409511234735839,1
마이클,킬링타임으로 보기 좋아요,1
마이클,"부드럽고 여린 마이클의 목소리가 너무도 비슷해서 더 와닿았던 대사들과 상황에 가슴이 아팠고,
흐르는 음악에 가슴이 두근 거렸어요.",1
마이클,마이클잭슨을 불러온것은 좋았으나 그를 담기엔 너무 작은그릇 아니었나 싶습니다.,1
마이클,"나는 마이클 잭슨이 보고 싶었고, 그의 노래를 듣고 싶었다. 그리고 들었다.",1
마이클,"내용은 조금 아쉬웠으나, 마이클의 생전 모습을 다시 보는 것 같아 그립고 즐거웠어요.",1
마이클,좋았지만 애매하게 좋았습니다.,1
마이클,너무 기대해서 그런지 모르겠지만 좀 실망이네요,0
마이클,노래가 많이 나와서 좋아요,1
마이클,"하.. 이 재미난 소재로 이렇게밖에 못 푸나.. 아쉽기만…
쫙쫙 나아가는 맛이 없고 계속 정체되는 느낌…
그럼에도 wanna be starting something 나오기만 하면
쿵자작쿵자작 하는 내발들…",1
마이클,마이클이 살아 돌아온것 같은 감동이 있어요.,1
마이클,실사화라고 생각하면 잘 만들었어요.,0
마이클,"마이클의 어린 시절 장면에서 마음이 아프네
퀸 보다는 다소",1
마이클,잘 몰랐던 마이클잭슨에 대해서 알게 된것 같아 좋았어요,1
마이클,"미국 문화 총 대장 세계가 낳은 최고의 아티스트를 
감수성 여린 파파 보이가 파파에게 독립 하는 과정으로 
망친 영화 차라리 빌리진을 2시간 동안 틀었다면 끝까지 봤을껀데",0
마이클,내가 본영화중 베스트5,1
마이클,"너무좋아요 멋있네요
노래도신나서 진짜 잼나게 봤어요",1
마이클,"잘봤어요
마이클잭슨이 원래 순수한사람이래요ㅡ
애기들도좋아하고
근데 돈노리는사람들이 잭슨을 아주나쁜사람으로 만들었네요 ㅠㅠ",1
마이클,스토리는 부족하지만 실제 마이클잭슨을 보는 것 같은 연기와 무대,1
마이클,기대 이상이었어요 재미없을까 걱정했는데 푹 빠져 보았네요,1
마이클,스타 마이클만 있고 인간 마이클은 없었다,0
마이클,"후속편이 있는거 같아요
젊은 날의 마이클은 따뜻하고 아이 같은 순수한 사람이었네요",1
마이클,노래와 영상이 좋았어요 지루하지않고 시간가는줄 몰랐네요,1
마이클,마이클 잭슨의 시작을 볼 수 있었고 역시 대단한 아티스트라는걸 다시 알게 되었습니다.,1
마이클,"보고있는데 자막이 올라가네
음악도 몇곡 안되고 보다 만 느낌은 뭐지",0
마이클,전개가 다소 빠르지만 노래 하나로 캐리하는 영화,1
마이클,"2번째 보고 후기 남김니다.
진짜 음악 재연 하는게 정말 휼룡해요. 그 시대에 살지 않았던 저 마저 즐거웠어요. 하지만, 편집이 너무 지멋대로 입니다.
툭툭 끊기는게 진짜…마이클잭슨을 잘 모르는 사람에게 추천",1
마이클,높은 싱크로율과 팬서비스는 마이클 잭슨을 또 한 번 구현하기 적합했다.,1
마이클,오랜만에 옛추억을 되살려 주어서 즐겁고 행복한 시간이었어요. 그립네요.,1
마이클,"전설의 음악을 경험해보고 싶어서 본다면 괜찮은 영화.
 전설의 전기 영화를 생각하고 간다면 최악의 영화.",1
마이클,그닥!~!~~!~!~~!~!~,0
마이클,실제 마이클 잭슨 스토리라기 보단 어느정도 각색임을 감안하는 가벼운 맘으로 보고 즐길만 함...,1
마이클,"마이클 그립다..
누구라도 대체불가!!!",1
마이클,"마이클 그립다..
누구라도 대체불가!!!",1
마이클,평소 마이클잭슨 음악을 즐겨듣는 사람으로 영화 내내 즐거웠고 특히 4DX로 관람하니 실제 그 공간에 있는듯한 느낌이여서 너무 즐거웠음,1
마이클,마이클 잭슨의 새로운 면도보고 더 알게되는 좋은 기회였다,1
마이클,"노래듣기 신나요
추억돋네요",1
마이클,"재미있게 잘봤어요 마이클잭슨을 봐서
춤에 반해서 감동 받았어요",1
마이클,"개인적으로 만들다 말았단 느낌을 많이받았습니다. 보헤미안랩소디 경우를 상기해보면 음악 정말 많이나왔었는데 이번 마이클은 내용도 맥아리가없고 그렇다고 음악이 많이 나왔냐? 하면 그것도 아니고,아쉬움.",0
마이클,마이클 잭슨의 노래와 춤을 이제서야 제대로 알게 된 게 원통하다,1
마이클,신의 전성기를 영접하라!,1
마이클,"마이클잭슨 노래 듣는걸로도 충분한 영화~♡
마이클 피터팬이 네버랜드 어딘가에 있을듯~☆",1
마이클,"슈퍼스타의 삶을 체험했어요
벽을 느꼈어요",1
마이클,마이클 잭슨의 음악이 좋았습니다,1
마이클,"노래가 많이 나와서 너무 신나면서도 감동적인 영화였어요
무조건 영화관에서 봐야할 영화입니다ㅜㅜ",1
마이클,슈퍼스타 레전드 비긴즈 챕터 원,1
마이클,"완벽하게 재현해냈내요.
빗잇 뮤비 등장인물들까지 끝짱이내요.
주연배우의 정면샷은 많이 다르지만 
측면샷과 동작은 뮤비를 보는것 같았어요.

스크린X로 보세요. 대박이내요.",1
마이클,콘서트 실황 보는 느낌으로,1
마이클,더 힘든 일 많았던 것 같은데 휙 휙 넘어가는 것 같아서 아쉬웠어요. 마이클 잭슨이 어떤 삶을 살았는지 좀 더 알고 싶었는데 음악에 비중이 더 컸던 거 같아요.,1
마이클,레전더리 추앙 머머리얼 이벤트,1
마이클,"너무 위대한 천재라 한 편에 담을 수 없는건 알겠지만
도마뱀 꼬리처럼 싹둑 잘린 기분이 좀 아쉽긴 했다
배우들 연기는 다 좋았다 물론 노래와 춤 영상도!",1
마이클,그는 지금 꿈꾸던 너버랜드에서 행복하겠지?,1
마이클,"어머니랑 같이 봤는데 아는 노래 나와서 재밌게 보셨다고 해요 ㅎㅎ
마이클 잭슨의 일대기를 보면서 이런 사람이 정말 아티스트구나 싶었습니다 ^^",1
마이클,"오랜만에 마이클잭슨에 푸욱 빠져들었습니다
그의 외로움도 엿보고 슬펐습니다",1
마이클,무조건 사운드 좋은관 가서 보세요,1
마이클,마지막 엔딩이후 여운이 남았는데. 후속편 있나요^^,1
마이클,스토리가 좀 아쉽지만 황제의 춤과 노래는 정말 좋은 것 같네여.,1
마이클,"마이클잭슨콘서트장에온것처럼행복했어요ᆢ
마이클에 일대기를그리기에는 2시간이 너무짧았어요ᆢ잘몰랐던 마이클성장과정도 조금은알게됐고 
늦은감이있지만팬이됐어요ᆢ
다음편이 벌써기다려져요ᆢ",1
마이클,역시 그의 노래와 춤을 다시 느낄 수 있어서 좋네여.,1
마이클,스릴러 비트잇 빌리진 베드 4개의 노래들 들으면서 해석된 가사까지 보며 감상하니 저 단어가 저 뜻이었어? 하며 끝까지 감상했는데 만족스러웠다 왜 명가수였는지 조금은 알수있었음,1
마이클,"마이클 잭슨의 음악과 뮤비들을 보는 것만으로도 
가슴이 벅차오른다
역시 킹 오브 팝!
그나저나 배드앨범이후 이야기는 나오는건가…",1
마이클,"전설의 마이클잭슨 일대기!!
스토리가 흥미롭고,
노래를 들으며 추억돋는 시간이였어요~~",1
마이클,"오늘 봤음
내일 또 예매함
내일은 노래도 부르고 춤도 출꺼임!!!",1
마이클,마이클은 정말 소중한 아티스트였는데 더 아껴줄껄.. 하는 아쉬움이 드네요,1
마이클,천재는 외롭다.. 스토리는 좀 아쉽지만,1
마이클,마이클 공연현장에 있는듯한 환상 그 자체!,1
마이클,"진심 재미와 마이클을 보고싶은거에 감동 그 자체입니다
마이클은 정말 신이 만들어준 인간이네요",1
마이클,마이클 잭슨이 환생한 느낌.,1
마이클,스토리는 아쉽지만 노래와 춤은 정말 좋네여.,1
마이클,human nature 영화보면서 처음들었는데 진짜 좋아요 후속편은 언제 나오나요,1
마이클,보헤미안 랩소다를 생각란다면 아쉬움이 많지만 마이클 잭슨의 명곡의 탄생을 가볍게 즐길 수 았었습니다.,1
마이클,진짜 좋습니다 감동,1
마이클,공연 재연 영상만으로 본전 뽑은 듯,1
마이클,완벽해요!! 마이클 다시 보고싶어요!!,1
마이클,"2편은 없다고 하는것 같아요 일대기를 다 찍었는데 마이클이 힘들없던 거짓된 진실부분은 전부 삭제 되었다는 글 보았어요 원래 네시간 정도 영화였고 음악이 90분 이었다는데 -
안타깝네요 슬프고 ,",1
마이클,재미있게 관람했습니다,1
마이클,재밌음 생각보다 짧게 느껴짐,1
마이클,마이클잭슨 노래와 춤을 돌비관에서 실감나게 보니 더욱 재밌었네요,1
마이클,음악만으로도 너무 좋네요~,1
마이클,"2편 빨리 나왔으면,,,",1
마이클,너무재미있게봤습니다,1
마이클,내용을 입력하지 않았습니다,1
마이클,눈물나네요. 그토록 순수했던 사람인데,1
마이클,"스토리는 약한데, 노래는 좋았어요~!",1
마이클,재미있게 잘 봤습니다..,1
마이클,전기영화가 아니라 뮤직 비디오 퍼레이드같음,0
마이클,"2편 나오기 위한 영화 내용이 중간에 끝난거 같아서
아쉬워요",1
마이클,"왜곡이고 뭐고
마이클 능욕이고 뭐고
나만 신났음 됐지",1
마이클,마이클의 인생을 담기엔 많이 부족해 보였다…,1
마이클,20대도 즐겁게 보았다고함,1
마이클,2편기대됩니다 저는 너무좋았습니다,1
마이클,20대도 즐겁게 보았다고함,1
마이클,정말 재미있게 봤어요,1
마이클,잼있게 잘 보았습니다 2편이 기대되네요,1
마이클,"유년기가 불행했다는건 알고 있었지만 자세하게 알게됨
음악은 지금도 명곡",1
마이클,찬란하고 뜨거웠던 이야기였습니다 재밌게 잘봤습니다,1
마이클,"""위대한 유산(음악)에 기댄 영리한 쇼비즈니스. 영화적 한계는 황제의 히트곡들이 완벽하게 엄호한다.""",1
마이클,"노래가 끊임없이 나옵니다. 노래 좋은 사람한텐 좋은 영화. 전 재밌게 봤습니다만, 일단- 영화는 영화네요.",1
마이클,"마이클 삶을 조금은 엿볼수 있어 조았고 속편이 기대됩니다.
역시 팝의황제다운 삶이네요",1
마이클,큰 기대감에 비례하는 당혹감,1
마이클,벌써 2편이 기대됩니다.,1
마이클,"마이클 잭슨 내한했을때 어려서 못봤던게 후회가 됩니다
논란도 많고 누락된 부분도 많지만 이제라도 마잭의 매력을 알려주는 고마운 영화입니다",1
마이클,"겁나 재밌네영
어떻게 연기했는지도 궁금하네요",1
마이클,"슈퍼스타 마이클잭슨의 공연실황을 재연했을뿐,
인간 마이클잭슨은 없었다.",1
마이클,정말 좋아하던 가수 하지만 이제 볼 수 없게 되었지만 이렇게라도 영화 스크린 속에서 만날 수 있어서 그의 노래를 들을 수 있어서 영화가 좋고 나쁘고 떠나서 마이클이라는 영화를 만들어줘서 고마웠어요.,1
마이클,니무나 순수하고 맑은 영혼을 만나고 갑니다. 너무 짧은생을 살다간것이 안타깝네요... ㅠㅠ,1
마이클,보헤미안랩소디를 생각하고 갔다간 심하게 뒷통수 맞습니다... 아직 얼얼합니다 ㅜㅜ 내가 본게 1편이란 말에 더더욱..ㅜㅜ,0
마이클,스토리랑 연기가 너무 좋아요~~,1
마이클,마이클 잭슨이 보고 싶어지네요. 공연 영상 봐야겠어요.,1
마이클,"즐겁게 봤는데 투비컨티뉴라니..ㅎ
세월이 흘러 CG와 춤의 스킬이 발전해도 예전 마이클잭슨의 간지는 아직도 따라갈수가없네요.
그래도 배우들이 노래도 잘부르고 재미있었네요",1
마이클,음악을 들으며 몸을 들썩일수 있는 영화입니다.,1
마이클,재밌었습니다! 극장에서 보니 노래도 더 좋네요!,1
마이클,이게끝이라고??? 이러면서 끝남,1
마이클,무슨말이 필요한가?!,1
마이클,마이클잭슨의 노래를 계속 들으면서 영화보는 재미가 더블이었습니다,1
마이클,스캔들 없이 마이클 잭슨 인간 자체에만 집중되어 좋았습니다.,1
마이클,재밌는데 끝이 .. 끝났어?? 이런느낌 ㅋㅋㅋㅋ,1
마이클,삐레! Beat it!,1
마이클,계속 눈을 뗄수없이 재밌게 잘보았어요^^,1
마이클,마이클의 음악를 듣는 순간 사장이 아려왔어요. 마이클릐 일대기 감동이에요,1
마이클,영... 반쪽같은 영화 마이클 잭슨은 진심 턴재,0
마이클,"지루함 없이 재미있게 잘 봤습니다 
노래가 많아서 개인적으로 좋았습니다 
4dx는 어떨지 기대되네요",1
마이클,너무 재미있게 봤어요😍😍😍,1
마이클,마이클이 연기를 너무 잘해요! 무조건 사운드 좋은 관에서 봐야합니다ㅠㅠ,1
마이클,마이클 음악도 좋고 재미있었어요. 극장에서 봐야하는 영화인듯..,1
마이클,재미있게 봤습니다~,1
마이클,"마이클 잭슨 연기를 참 잘했어요.
노래는 지금들어도 세련된 음악입니다.
정말 마이클 잭슨
보고싶네요♡♡♡",1
마이클,뭔가 2%씩 부족하게 만들어진 느낌,1
마이클,시간가는줄 몰랐습니다!,1
마이클,빛 좋은 개살구 였을지도요,1
마이클,"또 보러 올꺼임 
아이맥스 ㅜ",1
마이클,"최고의 슈퍼스타, 마이클 잭슨!",1
마이클,전설의 무대를 큰 스크린으로 다시 한 번,1
마이클,"무대위의 존재감이 대단해요
음악 좋고 정말 좋았어요",1
마이클,"프레디머큐리 같이 생각하고 보면 조금 실망스럽습니다. 전반적인 서사 풀어주는 줄 알았는데 편집된 내용때문인지 루즈한 느낌이 있어서 기대를 너무 크게 했는지 아쉬웠어요ㅠㅠ
노래는 너무 좋았습니다!!",0
마이클,"조카가 참 실감나게 연기했네요
마이클이 더 보고 싶네요ㅠㅠ",1
마이클,전기영화라 내용은 신선함이 없지만 마이클의 음악은 역시 최고!!,1
마이클,몸이 막 움직여요 ㅋㅋㅋㅋ 저는 재밌게봤어요 또보고싶어요 마잭아역배우 연기 엄청잘해요,1
마이클,"더 많은 ost가 나왔다면 더 좋았겠다는 아쉬움이 있지만, 마이클 잭슨이 살아 있다면 이런 모습일까 싶을 정도로 빠져서 보았다 수많은 명곡들을 들을수있어서, 그것만으로도 이미 충분했던 영화! 아멕 강력 추천!",1
마이클,"마이클잭슨은 저의 롤모델입니다
조카분이 마이클잭슨을 아주잘소화했네요
99프로 비슷했습니다 춤동작도 잘따라했네요
마이클잭슨기리며 잘봤습니다
2시즌도 기대하겠습니다!!",1
마이클,마이클잭슨와 가족들관련해 만듬. 마이클잭슨의 논란된부분 안나옴,1
마이클,마잭 세대는 아니지만 충분히 재밌다~~,1
마이클,스토리가 급하게 전개되는 느낌이 있지만 배우들의 연기가 좋았고 노래와 춤이 인상적이었음. 마이클 잭슨의 팬이라면 관람 추천,1
마이클,저도 내용에서 아쉬운 점이 많으나 법적인 문제인게 이게 어쩔 수 없는 문제인거고.... 2편을 기다릴 수 밖에 없네요 근데 생각외로 자파 잭슨의 연기력이 좋아 좋았습니다. 2회 차는 아이맥스 찍고 싶네요,1
마이클,전설이 된 황제 마이클~~인정,1
마이클,난 올해 본 영화중에 마이클이 제일 뭉클했다 스토리도 좋았고 무대연출이며 배우연기 어느하나 빠지는게 없는듯... 멋진 콘서트를 보고온것 같다 그것만으로도 티켓값 이상일듯,1
마이클,마이클 잭슨을 다시 기억할 수 있게 해준 영화예요. 이 영화보고 그의 음악을 무한 재샹중입니다,1
마이클,마이클잭슨의 음악을 들을 수 있는 것만으로도 엄청난 기쁨이죠,1
마이클,"욕하는 사람들 왜지..ㅠ
귀호강 눈호강 했습니다..
자파 잭슨 배우님 연기 bb..!!
2 얼른 나왔으면..!",1
마이클,너무너무 좋았어요,1
마이클,오랫만에 마이클 음악 실컷들었네요. 좋습니다. 2편 기대되요,1
마이클,아이맥스로 보시는걸 추천합니다!,1
마이클,"OST 나올때는 공연장처럼 싸운드가 좋았어요
역시 극장에서 봐야겠네요.",1
마이클,마이클 잘 감상하였습니다,1
마이클,영화보고 추억돋아 예전의 BAD LP판 꺼내서 들어봄,1
마이클,재밌어요 배우연기가좋음,1
마이클,"마이클
잭슨
스릴러",1
마이클,마이클은 다시는비슷한 누구로도 못볼 가수,1
마이클,전성기시절을 좀더 연출했으면 하는...후속편이 나왔으면 좋겠네요~~~황제...전설은 여기서 시작된거죠~~~,1
마이클,배우들의 춤/노래 실력이 대단해요,1
마이클,영화 제목은 마이클입니다.,1
마이클,"어렴풋 하게 알고만 있었는데 
왜 레전드었는지 알 수 있게된 영화 
지금 시대가 전성기였으면 조금은 덜 고통스러웠을까",1
마이클,"마잭 노래를 영화관에서 들을 수 있어서 정말 너무 좋습시다! 다만 한창 재밌어질려고 할 때 끝이 나서 살짝 아쉽네요 빨리 2편이 나오면 좋겠습니다
영화 너무 재밌어요!",1
마이클,"마이클 연기한 조카 자퍼마이클이 정말 대단한 연기 였습니다 ㅡ 마이클이 살아서 다시 돌아와 우리에게 멋진 노래를 들려주는것 같아요 
마이클이 영원히 우리들 가슴속에 있었으면 좋겠어요",1
마이클,"한눈을 필수없다 배우의연기 춤 노래 역시 마이클... 
몸이 들썩들썩 하게해서 참느라...:;
너무좋았다 2번째봤다 ㅋㅋ",1
마이클,제가 예상했던 인물들이 안나와서 좀 서운했으나 짧은 상영시간을 고려하면 괜찮다고 생각합니다,1
마이클,"최고의 가수 최고의 무대 퍼포먼스 
가슴을 울리는 노래
사람을 사랑하는 인간미

최고의 영화입니다",1
마이클,전기 드라마로는 빠진내용이 많지만 노래는 신난다,1
마이클,"음악만으로도 온몸에 전율이 느껴진다.
얼핏 보이는 마이클의 모습에 조카의 노력이 느껴진다.
어린 시절부터 너무나 가여운 삶을 살았던 마이클ㅠ
그의 음악과 재능에 다시한번 그의 위대함을 느꼈다.",1
마이클,아니넘조금다뤘잖아....노래는기깔나는데ㅠ,1
마이클,반가운마음으로감상했어요,1
마이클,마잭최고에요최고!어서2편도!,1
마이클,감동의 여운이 가시질않네요~~가슴 한켠으로는 짠하게 시려옵니다 그곳에서 편히 쉬길...,1
마이클,"새록새록
옛날생각이 많이 나내요",1
마이클,"마이클..,.,.!",1
마이클,2를.. 낼거야? 진짜로?,0
마이클,눈과귀가호강하는영화였어요^^마이클잭슨의유년시절과젊은시절이순탄지않아서안타깝고마음이아팟어여ㅠㅠ,1
마이클,"너무나도 가슴 설레이며 봤습니다.
영상과 음악이 참 좋았습니다. 
다시 생각나는 영화입니다.",1
마이클,갈등과 어두움ㅂㅎ더눈 가수래 초첨을 두ㅏ 굿,1
마이클,"오-마이클 그대가 있는 곳은 평안한가요,,
그대 고단함의 모든것이 나열된것은 아니나 아픔기쁨이 조금이나마 느껴진 시간이었어요,,그대의 음악과 춤을 다시볼수없음을 안타까워 하며,,,",1
마이클,마이클이 다시 살아온듯 싱크로율이 완벽에 가까웠고 주연배우 연기가 탁월했다.배우가 너무 매력적이었고 잘생겼음. 2탄이 너무너무 기대된다.싱어롱관이 아니어서 따라부를수 없음이 아쉬웠다,1
마이클,"마이클 잭슨의 팬이라면, 영화에서 그려진 내용보다 더 많은 이야기가 있단 건 다들 잘 알 텐데...",1
마이클,추억돋는 영화고 인간 마이클잭슨을 잘 알게된 영화에요~ 너무 감동적이에요~,1
마이클,그 시절이 생각나고 몰랐던 어린시절도 알게되니 안됐고 안타까웠어요,1
마이클,저는 빗잇이 제일 좋았어요,1
마이클,"그동안 마이클잭슨에 대한 오해를하고 있었구나
안타깝고 악의가없는 선한 사람이 저기에도 있구나
2편도 기대됩니다.",1
마이클,"제가 마이클을 많이 좋아했나봐요
보는내내 그가 살아있음 좋겠디는 생각에
많이 울었습니다",1
마이클,"다음엔....


 마이클의 화려한 겉모습 보다는 

마이클 진정한 본인의 모습, 

 힘들게 했던 루머 흑인 차별... 가까운 주변인과의 배신 등등 


마이클이라면 진정으로 하고싶어했던 이야기가 듣고 싶어요...",1
마이클,마이클잭슨이 생각나는영화,1
마이클,짦은 삶을 살고 간 마이클잭슨 그의 무대 다시 보고 싶다,1
마이클,"야, 요즘 대세는 마잭이야",1
마이클,좋은 영화 잘봤습니다.,1
마이클,마이클 잭슨에 대해서 잘 모르지만 당시의 마이클 잭슨이 전세계 사람들한테 사랑 받았는지 알 수 있었다,1
마이클,시간이 순삭 가버렸어요...영화보는내내 마이클잭슨에 대한 그리움에 몇번 울컥했네요,1
마이클,아쉽지만.좋았어요. 보고싶다.MJ,1
마이클,엔딩씬이 기가 막힙니다 시간 가는 줄 몰랐어요,1
마이클,전체적인 스토리가 아쉽네요 폭력적인 아버지에게 벗어나는 과정도 너무 쉽게 끝나고 혼자 독립해서 성공하는 부분도 뭔가 너무 쉽게 달성하니 감동적인 부분이 별로 없었다는 생각이 듭니다.,0
마이클,"배우의 연기도 스토리도 오랜만에 만족스러운 영화였습니다 ♡
재관람 예정입니다 🤩",1
마이클,마이클 인생이 참 슬프더라구요~ 똑닮은 배우연기가 너무 좋았어요. 2편도 기대됩니다.,1
마이클,마이클 영화는 최고의 명작이에요. 마이클 역할을 맡으신 자파 잭슨 배우님의 섬세한 감정 연기가 몰입감을 줘서 끝날때까지 너무 좋았어요.,1
마이클,역사상 최고의 전무후무한 아티스트 마이클 잭슨…전기영화 감사합니다. 2부도 기대됩니다.💫,1
마이클,민감한 부분에 대해서는 많이 생략되었지만 개괄적인 마이클 잭슨의 삶과 음악에 대해 돌아보는 시간이 되었다,1
마이클,너무 빨리 보내버렸네.. 안타깝다..,1
마이클,엔딩크래딧이 끝날때까지 앉아있게 하는 마이클 잭슨의 노래들. 스릴러 뮤비보러 갑니다.,1
마이클,가볍게보기 좋은데 몬가 아쉬움,1
마이클,최고가 되는데는 많은걸 포기하고 노력이 있어야만 가능한것 같아요 모든베 감동이였습니다,1
마이클,"장점: 마이클 잭슨의 노래들, 무다 재현도, 배우들의 연기
단점: 스토리가 없는 수준, 너무 단편적인 갈등, 조악한 cg

5/10",0
마이클,"마이클잭슨이 타고난 재능으로 성공을 거두었지만 어렸을때부터 혹독한 훈련을 받고, 심지어 아버지로부터 학대를 받은 것은 매우 안타까웠다. 신나는 노래를 부르는데 왜 그리 슬픈지 눈물이 흘렀다.",1
마이클,"마이클의 어릴때부터 솔로로 데뷔하기까지의 스토리, 그리고 중간중간 그가 만든 센세이션한 노래와 안무를 큰 화면으로 볼 수 있어서 좋았어요. 부모님이랑 봤는데 두분다 옛날 생각나서 너무 좋았다네요ㅎㅎ",1
마이클,아쉬움과 부족함이 많지만 마이클 잭슨에 대한 관심을 높이고 오해를 해소하는 계기를 줄 수 있다는 점에 기대한다.,1
마이클,"마치..영화랑 콘서트한편은 본것같아요^^
한번더 보러가야겠네용♡",1
마이클,오랜만에 흥겹고 즐겁게 잘봤어요,1
마이클,잭슨파이브시절이 메인이라 2편이 나와야하는 상황. 찍먹 수준이라 안나오면 최악.,1
마이클,"최고의 영화였다.
나름 시네필인 내가
느끼는 최고의 영화.
살아계셨다면 더 더욱 좋았을건데
그립고 보고싶은 가수다.
잘봤다.",1
마이클,그냥 마이클 평생 우려먹은 놈들이죽은 마이클 시체까지 우려먹으려고 만든 영화임 진짜 21세기 부관참시임,0
마이클,온란에도불구하고 마이클을 보러샀갔.다.그리고를 화면에서마나서 감동받았다,1
마이클,"킬링타임용으로 보기 좋은 영화.
사람들의 혹평에도 불구하고 무대 장면은 좋았음.
다만 인물들의 성격이 너무 평면적이긴 함",1
마이클,좋았다. 다만 더 깊은 얘기를 원한다,1
마이클,히든싱어-마이클 잭슨편,1
마이클,세계최고의스타!모든걸다가지고도불행한한역사의그의모든걸보다!,1
마이클,"화려한 세계적인 스타의 인생작품
이면엔 아픔이 많았다",1
마이클,영상화된 마이클 잭슨 나무위키 항목,1
마이클,2 언제나와요 얼른 보고싶어요!,1
마이클,공연 장면👍🏻👍🏻 빨리 2 나왔으면 끝날 때는 진짜 마이클이랑 닮아보임,1
마이클,"너무 너무 잘봤어요.
감동적이네요.
마이클잭슨 그립네요.",1
마이클,"그의세계를 담기엔부족하지만
모르는 이에게 알리기엔 만족!",1
마이클,2부를 기대하게 만드네요. 나오면 황색언론과 사기꾼들 때문네 욕하면서 보겠지만요.,1
마이클,"전설이 된 ' 마이클 잭슨 ' 을 만나다.
"" i'II be there."" 함께
천부적인 재능,인간미.
잠시 일대기를 보며,감동,감탄,안타까움에
내마음의 큰별로 남습니다.",1
마이클,보헤미안랩소디가생각나네요 기대보다는좀아쉬운,1
마이클,"모두 알다시피 마이클 잭슨은 죽어서도 여전히 의혹에 가득차 있는데, 너무 쇼 위주로만 연출된게 아쉽다. 세나처럼 다큐형태로 제작되었어야 했다.",1
마이클,"콘서트 현장 그자체!
자파잭슨 싱크로율 백퍼!
마이클잭슨 킹오브더팝!
우리가 원했던 히트곡 퍼레이드!
2편에선 더많이 히트곡이 나왔으면 하는 바램!
그의 노래자체 만으로도 만족!",1
마이클,"후속편도 기대됨 내가 생각보다 잭슨파이브, 마잭 노래 많이 알았구나싶음",1
마이클,"기대가 만족이 되는 영화!
팝의 황제 마이클 잭슨, 보고 싶습니다.",1
마이클,"스토리보다 노래위주라 더 강동
2d로보고 스크린 x로두번관람하니
더좋네요",1
마이클,보헤미안 랩소디만큼은 아니였지만 그래도 재밌게 봤습니다!,1
마이클,"어린이와 동물을 사랑하고 동화와 장난감을 좋아한, 자신의 빛을 세상의 모든 이에게 비추고 싶어 했던 천재.
마지막 장면 'BAD' 공연의 사운드는 엄청나다.",1
마이클,두시간이 순삭이네요 사랑해 마이클,1
마이클,"자파잭슨의 마이클 연기, 노래 좋았습니다. 미성과 외모등 친부보다 마이클을 더 닮은것 같네요! 마이클의 노래들 너무 감동이고 좋았습니다! 그립네요 ㅜㅜ",1
마이클,마이클을 스타가 아닌 사람볼수있는 기회가 너무 좋았다.,1
마이클,좋은 영화는 관객을 즐겁게 해주는 영화이다,1
마이클,어느 누가 감히 흉내 낼 수 있겠냐만은 그때 그당시의 추억 여행을 하기엔 괜찮았습니다,1
마이클,잭슨을 잘 모르는 세대여도 음악은 즐길 수 있다.,1
마이클,"""세상엔 승자와 패자 만이 있다""
자기만의 방식 으로 승자가 되고 싶었던 마이클.",1
마이클,생각보다 임팩트가 약했어요,1
마이클,마이클잭슨의 좋은 면만 보여주니 편하게 볼 수있습니다.,1
마이클,너무 좋았습니다 또 봐야겠네요,1
마이클,스토리가 너무 약해요. 노래만 듣는다면 모르지만 큰 감동도 없고 그냥 마이클의 어린시절 이야기를 듣는 느낌?,1
마이클,마이클잭슨의 생애를 잘 알수 있었습니다!,1
마이클,멋진 무대와 노래 너무 좋았습니다.,1
마이클,ㅓㄴㅂ너버ㅗㅇㅓ보ㅂㅓㅗㅓㅂㅓ버,1
마이클,대작이 나왔네여.. 좋았읍니다.,1
마이클,재미있게 봤어요 후속편도 나오면 보러갑니다,1
마이클,레전드 아티스트를 다시 보로 느낄 수 있는 순간!,1
마이클,잘 봤습니다. 감사합니다.,1
마이클,마이클 잭슨 유명한 노래를 한번에 다 감상하는 기분이었습니다.,1
마이클,"너무나 오랜만에 그시절 마이클잭슨을 봤네요
감동적이고 예술성을가진 천재의죽음이 너무 아쉬웠어요~",1
마이클,"MJ 팬이라면 안울고는 못배길 영화
그의 파란만장한 인생을 담기엔 턱 없이 짧아서 아싑고 제작자들 면면을 보니 반쪽자리 영화가 될 수 밖에 없는 태생적 한계가 있지만 그래도 그의 히트곡이 다 해 줌",1
마이클,"잘봤습니다 .,‘.:;,.,,",0
마이클,"다큐멘터리 느낌, 지루하고 큰 내용없는.",1
마이클,팬은 아니지만 노래 좋았음^^,1
마이클,잼있게 잘 봤어요,1
마이클,팝의 황제 마이클의 탄생을 잘 그린 영화,1
마이클,재밌네요 볼만합니다 재밌음,1
마이클,천마의 음악은 지금까지도,1
마이클,"최고의 가수!!역시 마이클잭슨
사촌이라 씽크로율 80퍼는 되는거 같아요
속편이 기대됩니다",1
마이클,시간가는줄 모로고 집중해서 보게 되었고 음악이 정말 감동입니다~,1
마이클,"몰입해서 재미있게 잘봤어요
다만 스토리가 아쉬워요",1
마이클,볼만합니다 공연 실황이나 음악적인 부분이 조금 더 나왔으면하는 아쉬움이 있읍니다,1
마이클,가슴 벅찬 감동 주는 영화네요 마이클 그곳에서는 하고 싶은 음악 마음껏 하세요~♧,1
마이클,"반쪽짜리 스토리, 몇 배 이상의 음악적 감동.",1
마이클,"볼만하니 끝나서 아쉬워요
위대한 마이클~~~~",1
마이클,"시간가는줄 모르고 잘 봤습니다
마이클잭슨이 가수로 성공하기 까지 정말대단하고 그의 천재성 또한 정말 대단합니다
다음편 이야기도 있는거 같은데 기다려지네요
다시N차 관람해도 되겠어요",1
마이클,기대가 크면 실망도 큼,0
마이클,너무 연기력 감동였어요~,1
마이클,그를 잊지않을것입니다 마이클 영화 재밌게 봤어요,1
마이클,"생각하고 기대했던 스토리는 아니었다..
아버지의 그늘에서 벗어나는 마이클의 성장기만 있고, 그 후는 없었다.
마지막 엔딩크레딧에 마이클잭슨 공연무대라도 보여주지~아쉽",1
마이클,기대가 너무 컸나? 위인전기같은 흐름...중간에끊긴느낌의 엔딩...,0
마이클,"시사회 아이맥스 1회,오늘 돌비 1회로 봄.
잭슨5부터 배드 시절까지 쭉 보면서 마이클의 개인적인 삶과 음악을 볼 수 있음. 주인공이 마이클을 연기하기 위해 피나는 노력을 한게 보였음. N차 관람 필수",1
마이클,이렇게 끝나버리다니 또 나오겠네요,1
마이클,그니깐 영활찍다가 만거지?,1
마이클,마이클 너무 재미 있게 봤습니다,1
마이클,중 후반부에 스토리가 너무 지루함 마지막 부분도 아쉬움,1
마이클,진정한 뮤지션이시다...,1
마이클,"재밌긴한데 뭔가 애매한 맛
같이 온 사람은 대만족해서 호불호 조금은 갈릴 듯",1
마이클,영화 끝나자마자 플리추가완료,1
마이클,마이클잭슨의 명곡을 사운드 빵빵한 스크린에서 볼수 있어서 너무 만족 스러웠음!,1
마이클,마이클잭슨 공연실황 보고있어요...,1
마이클,"잊고 있던 human nature, bad 라이브를 재탄생 해서 보여준 제작진에게 다시 한번 감사합니다.",1
마이클,"마이클~
난 그를 좋아하지 않았다.
여론에 나온 각종 루머만으로 그를 판단했었다.

영화를 보고 참 안타까웠다~
이처럼 아름답고 순수한 아티스트를 져버린것이 슬펐다.",1
마이클,"공연과 음악은 뭐 말모, 그러나 마잭의 반쪽짜리만 본 기분",1
마이클,너무 그립네요 마이클..,1
마이클,중간에 약간 지루한 감이 있었지만 귀가 즐거웠어요,1
마이클,"역시 핏줄은 못속인다는게 딱 적절한거 같았다 삼촌인 마이클잭슨의 춤 동작 과 춤선 까지 
그리고 대사 톤 까지 자파잭슨이 해냈다 라는 말이 저절로 나오게 했던거 같다",1
마이클,"역사적인 사건들은 뒤로하고 슈퍼스타의 탄생기를 만들었다 이 영화는 즐겁게 보라고 만들었고 나는 그냥 즐겼다
아쉬움은 없다 신나게보고 왔다.",1
마이클,"사실상 마이클의 콘서트 영화라고 봐도 무방하다. 그의 생애에 대해선 워낙 빠르게 지나가서 그의 심리와 감정선을 이해하기 위해 본다면 어렵겠지만, 음악 하나만으로 이 영화를 볼 가치는 충분하다 본다.",1
마이클,마이클 잭슨이라는 사람을 잘 보여주는,1
마이클,마이클잭슨 감동과 희열 멋졌습니다,1
마이클,"그는 노래로 자신의 발언을 대신 하였고 그의 천재성으로 인해 많이 외로웠을 것 같아요.
진실이 배제 되어 아쉽지만 다음은 잭슨으로 상영 하다던데 2 기다려 봅니다",1
마이클,재밌게 봤습니다. 어릴 때 얘기가 많아서 아쉬음.,1
마이클,그저 노래가 좋은것 하나로 관람을 할 충분한 이유가 되네요,1
마이클,"좋습니다 
멋집니다 
최고",1
마이클,"재밌게 관람 했습니다.
2편이 나올것같네요^^*
저작권때문인가 라이브 영상도 좀 보여줬음..크레디트타임에서라도..
그립네요 마이클~~♡
영국에살던 마이클도~~♡♡",1
마이클,"아빠 진짜 그럼 나빠ㅡㅡ
결말 진짜 서운해ㅡㅡ",1
마이클,다큐멘터리 음악 영화,1
마이클,마이클 음악 너무 좋았어요~,1
마이클,좋은 노래 감상하며 잘 보았어요,1
마이클,마이클 잭슨의 노래와 삶 잘 봤습니다,1
마이클,마이클이 어떻게 돌아가셨는지 알기 때문에 영화가 시작되면서부터 눈물이 훌렀습니다. 그렇게 허무하게 가시기엔 너무 아까운 분 입니다.,1
마이클,마이클잭슨이라는 레전드를 매우 비슷하게 따라해서 몰입감이 깨지지 않았고 대부분은 좋았던거같다.,1
마이클,나쁘지않은 재현도 그러나 멀었다,1
마이클,마이클 잭슨이 그립네요ㅜㅜ,1
마이클,천부적인 재능을 타고난 마이클잭슨의 음악과 인생~ 정말 감동적이고 미쳤습니다 다시 한번 더 보고 싶네요~~,1
마이클,잭슨의 이야기와 심장을 터질듯한 음악이 너무좋았다.,1
마이클,노래들으러갈거면 추천. 다른 이유로는 굳이?,1
마이클,와 어릴때라 잘몰랐는데 마이클영화를보니 마이클 잭슨이 얼마나 유명하고 진짜 대단한 사람이란걸 알았네요 연기도 진짜 뛰어나고 춤이나 노래도 장난아니시고 진짜 몰입하면서 봤습니다,1
마이클,"너무. 아까웟던. 배우의. 작품
다시. 볼수. 있어서. 감동이엿응",1
마이클,자파르 젝슨의 노력이 정말 많이 보였습니다.,1
마이클,"마이클 잘 봤어요,.",1
마이클,"처음엔 좀 지루했는데 뒤로 갈수록 재밌었어요.
근데 마지막이 좀.. ㅋ 재밌게 보고 있는데 갑자기 끝났다! 집에 가! 느낌이랄까 ㅋㅋ 급마무리 당황스럽고 아쉽네요.",1
마이클,"마이클 잭슨역활 연기 너무 잘 해서 좋았고
마지막 장면은 실제 콘서트장에
온거 같은 느낌이 들어서 실감나기도 했어요",1
마이클,"마이클 좋았어요.,.,",1
마이클,"마이클잭슨의 노래를 좋아하는데

마이클 잭슨의 전기 영화를 보고나니 새로웠던것 같다.",1
마이클,"영화보는 동안 지루함없이 즐겁게 관람한것같아요
우리가 잘아는 마이클잭슨의 노래들도 들으며
어깨가 들썩 들썩..
2편이 나오는걸까요?
얼른보구싶네요",1
마이클,"즐거운 콘서트 티켓 예매해 보는 느낌~~~
힐링되고 좋았어요 😃",1
마이클,음악이 끈임없이 나와서 매우 좋았습니다.,1
마이클,"마이클을 다시만난다는 설렘으로 관람했는데
주인공에 감정이입이 좀 쉽지않았어요.
하지만 배우의 열정에 👏 
어린 마이클을 연기한 아역배우는 어쩜 프로같은 느낌.
다시 마이클 젝슨을 만난것 같았어요.",1
마이클,이야기는 약하지만 마이클의 음악은 강했다,1
마이클,영화적인 완성도는 다소 아쉬운데 마잭 형님 음악을 아이맥스로 즐기는 것 자체만으로도 돈과 시간이 아깝지 않음,1
마이클,재밌게 잘 봤습니다,1
마이클,음악이랑 cg는 좋네요,0
마이클,마이클잭슨의 천재성을 다시한번더 느낀영화였습니나 너무 좋아서 마직막까지 크레딧끝날때까지 보고 나왔습니다^^,1
마이클,"마이클잭슨을 잘 모르시는 분들께 추천합니다. 40대 중반 이상, MJ팬들은 실망하실 것 같아요. 전 별점 3.5점입니다.",0
마이클,재밌긴한데 무언가 결말이… 노래도 많은데 몇개 안나온거같고. 퀸보다 별로임,1
마이클,ㅠㅠ 재미있게 잘봤어요. 마이클 맘아푸네요ㅠ,1
마이클,후속작 무조건 나와야됌,1
마이클,너무 시간이 흘러도 그가 너무 그립네요,1
마이클,착한 마음씨로 타고 난 사람. 부러움.,1
마이클,마지막장면에는 상영관에서 콘서트 같은 장면이 떴다👏👏👏👏👏,1
마이클,"영화가 끝난 뒤에도 쉽게 자리에서 일어날 수 없었다.
엔딩 크레딧이 모두 올라갈 때까지 흐르는 음악을 끝까지 들으며,
가슴 한편이 먹먹하게 울려 한동안 멍하니 앉아 있었다.

단순히 영화를 본 것이 아니라
한",1
마이클,노래들 다 좋은데 전기영화로썬 좀 아쉽네요,1
마이클,마이클 잭슨 연기한 배우의 연기력 때문에 더욱 더 몰입감 있게 봤습니다.,1
마이클,Michael 이 천재 Artist 라고 생각을 해봅니다 영화가 모든걸 보여주었습니다,1
마이클,"마이클 잭슨 콘서트 보는것 같았습니다. 
그게 장점이자 단점 입니다...",0
마이클,천재 아티스트 마이클잭슨의 위대함을 기리며 실제 모습을 찾아보게 된다.,1
마이클,빨리 2편 급함 잭슨으로,1
마이클,"보헤미안 랩소디와 비교는 불가하구요 그리 큰 감동도 없어요 
많은 기대와는 달리 너무 아쉬운 영화입니다",0
마이클,언제봐도 멋진 사람. 너무나 일찍 별이된게 안타까울따름이네요 ㅠ,1
마이클,"마이클 잭슨 뮤비 영화. 노래도 좋지만 그의 삶도 궁금했는데, 노래 위주라 별로..
영화 보다가 잔건 이 영화가 처음!!지루해요",0
마이클,생각보다 마이클 연기를 잘해서 놀랐음,1
마이클,마이꼴~~!!최고의영화에오 좋아오재밋어오 추천해용,1
마이클,"가수 마이클을 알수있었는데, 인간 마이클을 더 알고싶네요. 노래는 좋았습니다.",1
마이클,"점점 싱크로율이 높아져 마지막 BAD공연전 옆모습은 헉소리가 나올정도였다.
그리고
코골고 숙면하신 분,..숙박비 내세요진짜!!",1
마이클,"전체적으로 좋았는데 런닝타임 한시간 넘어가니까 슬슬 지겹다가 ...
아버지와 갈등이 있다는 얘기는 많이 들었는데 이 정도 일 줄이야
2부도 준비하고 있는건가 하는 생각이 들었음.",1
마이클,"못봤어요ㅠ

 내일 다시 보고, 적겠습니다.

예매해놓은걸 까먹은... ㅠㅠ",1
마이클,"스토리란 게 거의 없고 마이클 잭슨의 무대와 노래를 즐기는 영화.
마이클 잭슨의 전기 영화를 기대했다면 매우 실망할 것.
마이클 잭슨을 잘 모르는 사람이 봐도 영화를 즐길 수 있지만 찜찜함이 남는 영화다.",1
마이클,"지루하지않게 잘봤어요.
마이클의 음악이 너무 좋았습니다.",1
마이클,처음엔 조금 지루할 수 있겠지만 배우연기와 춤이 아주 좋았고 전 마이클잭슨에 대해 다시 알게 된 것 같아 좋았습니다 후편도 기대됩니다,1
마이클,스토리는 그저 그렇지만 마이클 잭슨 콘서트 온 것 같은 느낌 들어서 좋았어요,1
마이클,옛날의 추억을 떠올리며 마이클의 인기곡을 감상했다.,1
마이클,전기영화로서의 완성도는 물음표가 뜨다가도 끝나면서 흥얼거리고 춤을 추며 나가는 자신을 발견하게 된다,1
마이클,너무나 감동적 순수함 가족사랑 짹슨의인간성 무엇하나라도 빠뜨릴수없어요 특히순수함 어린이와 아쁜이들 동물들 짹슨이 지금까지 살았으면 좋겄어요,1
마이클,음악만으로도 충분한 영화.,1
마이클,개노잼. 너무 지루하고 재미없어요.,0
마이클,이거 후속편 나오는거 맞죠? 안나오면 안되요 ㅠㅠ,1
마이클,"이렇게 신날수가!!!
나이드신 엄마도 엄청 공감하시고
즐겁게 보았습니다 
강추!!!",1
마이클,"이 영화에는 마잭이 얼마나 외롭고 억울하고 힘들었는지 나오지 않지만 마잭을 괴롭혔던 언론, 소송했던 사람들, 읤사고낸 의사 등 우리가 알고 있어야 한다.",1
마이클,완벽한 코모양. 엄청난 춤 연습 대단하다. 목소리도 비슷한게 신기하다,1
마이클,"넘 재밋게 봤어요^^
평론가들은 왜 평점을 이리 낮게 주는지...
우리들의 히어로가 나락가기를 원하는가?
떼...끼....",1
마이클,직접보시고판단하세요,1
마이클,바야하는 .. 돌아와 마이클 .. 언제들어도 편안한..,1
마이클,"내가 좋아하는 smooth criminal 노래가 안 나와서 아쉽지만, 시즌2가 기대된다!",1
마이클,재미있는 영화 입니다,1
마이클,"사랑받은 것 보다 더 많은 사랑을 주려고 노력한 아티스트
....2편 나오나?",1
마이클,이 영화를 좋아할 수는 없다 영화 자체도 구림,0
마이클,마이클 잭슨의 허물에만 의존하는 텅빈 영화,0
마이클,마지막 장면 콘서트 압권 강추,1
마이클,"보시면 후회없어요
꼭보세요",1
마이클,"편평한 인물 탐구, 자파의 신명나는 마이클 놀이.",1
마이클,마이클의 노래와 선했던 행동들이 떠올라 울컥했다.,1
마이클,재밌게 잘 봤습니다 @@,1
마이클,마이클 마이클 마이클,1
마이클,그 짧은 시간동안 너무 많은 것을 보여주려고 한 실수.,0
마이클,MJ옵을 생각하면서 봤어요.,1
마이클,"몰랐던 마이클의 이야기를 알수있어서 좋았고, 배우가 마이클과 흡사해 몰입할수있었습니다~ 잘봤습니다",1
마이클,"출애굽기, 출잭슨기
속편이 나와 못다한 이야기를 한다면 오명을 벗을 수 있는 영화",1
마이클,"마이클 잭슨 콘서트를 본 기분
그의 삶을 너무 단편적으로 보여줘서 아쉬움이 매우 큼",1
마이클,"IMAX 에서 마이클 잭슨의 환생을 본 느낌
감동입니다.",1
마이클,"세상에서 볼수없는 따뜻한 마음과 진심과마음으로 모든팬들을 가족으로 생각하며,남의 아픔을 자신의 아픔처럼 아름다운 마음에 진심으로 감동받은 영화이며,언제나 평온을 잃지않는 모습에 자신을 돌아봅니다",1
마이클,마이클잭슨 진짜 대단한가수인데 너무일찍떠나서 무척아쉽네요~큰기대안하고 봣는데 재미잇게 잘봣습니다,1
마이클,극중 MJ의 성품이 너무 느껴지는 영화! 제일 뒷자리에서 혼자 보면서 음악에 심취해서 콘서트마냥 너무 즐기다왔다!,1
마이클,"보는내내 온몸에 소름이 돋으면서 눈시울이 붉어졌습니다
마지막 bad 무대 하나만으로도 충분했습니다
만오천원으로 이런 멋지고 아름다운 영상을 볼수 있다는게
2화가 기대되며 또 한번 더 볼것입니다 마이클을",1
마이클,나이스 나이스 나이스 나이스,1
마이클,다시 또 보고싶네요. 만족합니다.,1
마이클,"아...그리워라 마잭은 퍼포먼스...
제네럴91",1
마이클,배우의 연기력이 인상적이고 결말이 아쉬워요,1
마이클,생각보다 너무 노잼 지루함 졸렷음 ㅠ,0
마이클,"""휴먼 네쳐"" 나올때 눈물이ㅠㅡㅠ",1
마이클,콘셔트 왓다 간갓 같습니다..,1
마이클,음악 영화가 보여줄수 있는 정점,1
마이클,보헤미안랩소디 보고오길 완성도 처참함 스토리도 엉망임 일대기도 다 그리지도 못함 가족얘기만 주구장창함,1
마이클,영화내내 음악을 듣는것만으로도 넘 좋았음.다음편이 기다려지는 영화네여~,1
마이클,체험형 영화의 정석이지만 완성도는 아쉬움,1
마이클,헌정영화로서는 훌륭했다.,1
마이클,전무후무한 가수 너무 큰 가수라 2시간도 짧게 느껴지네요,1
마이클,두번보고싶음 잘봤음 2 기다려짐,1
마이클,그냥 볼만합니당,1
마이클,마이클 잭슨에 대해 잘 몰랐다면 무조건 보고 그를 이해하길 바래요 무조건 추천!!,1
마이클,너무 좋았어요… 연기 연출 모두 완벽,1
마이클,"몰입감이 최고입니다!
자신을 사랑하고 약자들을 돌보는 모습 인상적이었고요
노래 가사에 많은 내용이 담겨있어서 뭉클했어요
감동도 있어요",1
마이클,"전기영화X 뮤지컬영화O
그래도 영화관에서 볼만함",1
마이클,천부적인 재능만큼이나 아름다운 마믐을 가진 마이클 잭슨.,1
마이클,King of Pop! 음악만이 연기를 하고 생락되고 지워져 있는 마이클과 그 주변의 이야기가 씁쓸하네요.,1
마이클,배우연기.감동.즐거움.스토리.영상미. 전부 좋다. 전에도 없었고 앞으로도 없을 마이클..사랑해요.,1
마이클,마이클 잭슨은 일생을 담기에는 영화가 너무 짧았다.,1
마이클,"후반부로 갈수록 공연을 방불케하는 분위기, 2편 나오나요?",1
마이클,"머큐리에 비해선 스토리에 있어서 드라마틱 요소는 덜할 순 있지만 OST인 본인 노래가 그걸 능가
락커인 내 입장에서 퀸도 좋지만 마이클 노래는 앞으로도 나오기 힘들 명곡들",1
마이클,"팝의 황제! 마이클 젝슨!
시사회로 먼저 봤고, 개봉날 봤는데 음악과 춤이 멋있었음
2026년 무조건 봐야할 영화!",1
마이클,노래 잘들었음 근데 내용이...,1
마이클,마이클잭슨에 대해 잘몰랐는데 노래가 다 좋았어요,1
마이클,마이클 잭슨 ❤️사랑해요,1
마이클,마이클잭슨 말이필요없는 뮤지션 영화구성두 좋고 내용두 괜찮았음 오랜만에 다시본것같아 추억여행잘했음^^,1
마이클,진짜 재미있고 멋찐 영화였습니다.,1
마이클,마이클 잭슨의 음악을 들으러 간다면 만족 할만한 영화였습니다,1
마이클,마이클잭슨의 춤과 노래는 영원하다,1
마이클,"정말 계속 몰입되어 시간 가는 줄도 모를 만큼 너무너무 재밌어요!! 아마도 마이클의 위상이 여전해서 그런지도....
아버지의 젝슨스는 정말 가족을 위한 것인지 자신의 야망을 위한것인지 계속 의문으로 남는다.",1
마이클,"마이클의 삶을 안다면 초중반엔 안따까운 마음과 함께 슬퍼요ㅜ 
감동적인 스토리가 있는 영화는 아니지만, 마이클 잭슨 자체가 감동이었고, 잘 봤습니다!",1
마이클,"마잭을 잘모르는 딸이 보고싶다고해서 같이 봤어요
 전 마잭세대라 노래가 다 익숙해서 흥겨웠고 
딸도 너무 재밌고 노래가 다 좋다고 하네요 ㅎㅎㅎ",1
마이클,생략이 너무 많이 됨ㅠㅠㅠ 그래도 무대씬이랑 배우 연기는 즇앟음,1
마이클,재미있게 잘 봤어요,1
마이클,"음악을 보여주던지 마이클 잭슨의 인생을 보여주던지
이렇게 해야될것 같은데 이도 저도 아닌 애매한 영화였다고
생각을 하게 되네요",1
마이클,마이클의 일생을 볼 수 있는 영화예요. 배우들의 연기도 엄청 좋아서 볼 맛이 났어요.,1
마이클,"마이클 영화에 마이클은 없구나ㅜ
죽어서도 이렇게 거짓으로 또 이용당하고 
진짜 끝까지 악마들이다",0
마이클,음악 하나로 충분한 감동입니다,1
마이클,즐겁게 잘봤습니다,1
마이클,영화로선 그저 그랬지만 모든 단점을 상쇄하는 마이클 잭슨의 음악,1
마이클,"와우 마이클잭슨과 싱크로율 멍미? 
영화보는내내 코서트를 보는 듯 즐거운 시간이었습니다 세계적인 천재의 이른 부재에 맘이 많이 아팠어요ㅠㅠ",1
마이클,콘서트 보는 것 같은 몰입감들고 마이클 생전에 모습 다시 보고싶네요. 어릴때부터 성공한사람은 왜 단명하는지.. 한편으로 만들었으면 하는 아쉬움,1
마이클,마이클을 힘들게 만든 사람이 누구인진 논란의 여지가 있으나(아버지 빼고) 마이클이 얼마나 순수하고 착한 심성의 인간인지는 확실히 알 수 있었음!,1
마이클,보헤미안랩소디 생각하고 봤는데 기대에는 못미치네요,1
마이클,"마이클잭슨의 음악은 그저 힐링이다
압도적인 스케일과 음악의 웅장함
그가 보고싶다",1
마이클,"시작할 때 ""HEE! HEE!"" 나오는 순간부터 끝까지 소름이 쫙 돋더라.",1
마이클,"4d로 이 분의 플로우를 흉내내려한거냐..
4d 극악의 비추천임 스크린x로 넓게 보던가
사운드 더 좋은 관에서 2d로 보시는걸 추천합니다",1
마이클,"음악이 좋아요.

그 외는 모두 단점",0
마이클,넘 재밌고 멋있고 마이클잭슨 실제 모습이 나올거라 생각했지만 마이클잭슨 역할을한 배우는 진짜 많이 닮아서 영화의 몰입도가 좋았던거 같아요.,1
마이클,마이클 잭슨이라는 가수가 대단하다고만 알고 있었는데 영화를 보고나서 더욱 빠져들었습니다. 연출 음악 배경 모든 것이 완벽합니다. 돌비관에서 한 번 더 볼 예정입니다.,1
마이클,마이클 잭슨을 이해하는 좋은 시간이 되었다,1
마이클,결말이 조금 아쉽긴 하는데 그래도 재미있게 봤어요,1
마이클,마이클 잭슨을 다시 보고싶어지는 영화,1
마이클,전설은 영원하다.ㅎㅎ,1
마이클,"노래 감상 잘했습니다
잘봤습니다",1
마이클,마잭을 모르는 세대에겐 접근성이 좋고 재미를 느낄수있는 영화다. 어떻한 인물인지 가볍게 엿 볼 수 있으나 깊이감은 굉장히 얇다. 겉은 화려하지민 속은 비어있는 영화라 아쉽고. 결말없어 아쉽다,1
마이클,"팝의 황제 마이클 잭슨의 곡을 스크린으로 보며 즐길 수 있는 기회입니다! 그의 곡을 모르시는 분도 ""아, 이게 마이클 잭슨의 곡이었구나!"" 멜로디만 알던 곡도 알게 될 겁니다! 강력 추천드려요!!",1
마이클,마이클 1편이네요 2편있을거라 하고 홍보하든지!,1
마이클,"두시간이 넘는 상영시간에두 지루하지않구 잔보구 나왔습니다
마이클잭슨 노래에서는 소름까지돋아날정도루 👍",1
마이클,마이클 잭슨을 알고 있다면 스토리는 기대말고 음악의 향수만 가져나오면 됨…,1
마이클,말해뭐해 팝의황제. 전설 중의 전설. 그가 너무 그립다,1
마이클,잭슨 노래를 영화관에서 크게 들을 수 있음,1
마이클,우리가 원한건 이런게 아닌데....,0
마이클,"아들 둘이랑 같이 보고왔어요
마이클의 시대보다 저희는 한참 뒷세대지만
무대의 감동은 세대를 뛰어넘더라고요
중1 우리아들이 어떤 감정인지모르나
노래를 듣고 눈물이 흘렀다고 하네요
전 n차 관람 할듯해요",1
마이클,영화 너무 좋았어요,1
마이클,마이클잭슨의 명곡들을 빵빵한 사운드로 들을 수 있다는 것만으로도 영화관에서 볼 만한 가치가 충분해요.,1
마이클,마이클 추천합니다!,1
마이클,마이클 이야기 재밌었어요,1
마이클,영화 재밌게 잘 봤습니다.,1
마이클,노래가 다 너무 좋았습니다,1
마이클,이렇게 재능 노력 있는 사람이 안타까움,1
마이클,재밌게 봤습니다 ~~ !!,1
마이클,볼거리가 많아서 좋았습니다,1
마이클,영화 재미있게 봤어요~~~~,1
마이클,진짜 레전드라 콘서트느낌 나고 너무 좋았어요,1
마이클,마이클 잭슨이 돌아온 듯 했습니다. 2시간이 짧게 느껴지는 몰입감이 제대로였네요.,1
마이클,난 개인적으로 좋았음. 가족이라 그런지 눈이 정말 많이 닮은듯. 춤도 그렇고..노력 어마 했을 듯. 한 사람의 전기를 다룬 영화라기보다 마이클잭슨의 전성기에 히트곡과 그 모습을 보는 것만으로도 충분했음.,1
마이클,"마이클 잭슨의 음악이 아니었다면, 너무나 뻔했을 이야기.",0
마이클,형! 왜케 일찍 간거야ㅜㅜ,1
마이클,마이클잭슨의 라이브 영상을 즐겨봤던 사람이라면 듣는 맛으로 보게 되는 영화. 무대 연출은 보헤미안랩소디에 비해 아쉽다. 다음 편에 나올 Dangerous를 위해 아껴두는건가?,1
마이클,"기대는 크게 않고 갔는데 안 봤슴 후회 했을 듯.
옆지기랑 정신없이 보고 마이클의 춤과 노래에 푹 빠져 들었습니다. 우리세대 분들이 많을 줄 알았는데 우리가 젤 연장자 였네요. 2편이 기다리지네요.",1
마이클,"""You're confident. 
 You're strong.
 You're beautiful. 
You're the greatest of all time.""
 넌 자신감 가득하고,강하고,아름다워. 최고야.

당신은 늘 최고였다고 그에게 말해주고 싶었다.
I love you. Michael.❤️",1
마이클,"오디오가 영화관에 꼭 와서 봐야하는 영화
마이클잭슨 실제 공연 모습 다시 찾아보게 됩니다~",1
마이클,386세대의 마이클은 한마디로 우상이었습니다. 운명을 달리 했지만 그는 팝의 제왕이자 역사입니다. 영화 잘 봤습니다.,1
마이클,마이클 잭슨 노래들을 들을 수 있어서 좋았어요,1
마이클,실로 감동적인 서사옇어요,1
마이클,"마이클
Michael",1
마이클,감동적이거나 그런건 아닌데 와 엄청 신나요 ㅋㅋ 영화시작하자마자 신나요 극장에서 꼭 보세요,1
마이클,잘 봤습니다 감사합니다 꾸벅,1
마이클,"영상미 음악 춤 싱크로율은 최고 하지만 마이클잭슨의 전기영화라고 하기에는 너무 상업적인 부분만큼 터치, 갈등요소도 대충. 위대한 가수의 고민 번뇌 고통등은 어디에??",0
마이클,마이클 젝슨의 팬으로 극장에서 꼭 보면 좋을 거 같습니다. 스토리 보단 콘서트홀에 온듯한 느낌이 좋았습니다.,1
마이클,"만점을주고 싶은 영화네요
그 시절 마이클 잭슨이 너무 그리워요",1
마이클,오~~마이클 ㅜ 세상에 천사로 와서 천재적인 노래를 보여주었는데 가족 부터 지인까지 나쁜 ㅜ 가슴 아파하면서 봤어요 .보면서도 이걸 봐야하나. 마이클 죽고나서도 마이클 이용하는 나쁜 놈들.돈에 환장한.!!,1
마이클,몰입감과 내용이 감동을 주었다,1
마이클,한 편의 다큐를 본 것처럼 잘 봤습니다,1
마이클,마이클잭슨의 위대함을 다시 느끼게 해주는 영화,1
마이클,진짜 마이클이 눈앞에 있는듯한 느낌. 어딘가 모르게 짠함.,1
마이클,마이클잭슨을 추억하게 되는 영화 2편 나오면 좋겠어요,1
마이클,"서사 등은 크게 특별할게 없었으나, 영화관 사운드로 듣는 마이클 잭슨의 노래가 좋았다.",1
마이클,연기도 스토리도 좋겠지만 계속 나오는 노래를 듣는것만으로도 넘 좋은영화,1
마이클,"영화시간이 순간 지나간 멋진 뮤비를 본 기분이네요 ^^
짧은 시간에 다 표현하기에 좀 아쉬움이 있어서 더 좋은 영화 
동물을 사랑하고 정이 많은 마이클 ~
잊고 있었던 노래 들으며 영화생각하니 더 감동입니다",1
마이클,아들과 둘이 너무 잘 봤습니다.,1
마이클,"영화는 잼있다...
그러나 마이클잭슨의 제대로된 전기는 아니다
마무리도 먼가 x싸다 만듯한 느낌...ㅡㅡ;;;",1
마이클,기대보다 2%부족 했어요 마치 식당에서 자극적이지 않게 음식을 만들어 달라니 맹탕을 만들어 준것과 같아요,1
마이클,감동적이고 어린시절 이야기를 그려서 좋았음,1
마이클,"잘몰랐던 마이클잭슨의 노래까지 정말 좋았습니다
주인공 배우가 얼마나 열심히 마이클잭슨에 춤과 노래를 따라 했는지 노력이 느껴졌습니다",1
마이클,마이클잭슨을 엄청나게 좋아하진 않지만 보헤미안 랩소디 감독의 작품이라고 해서 봤다. 보헤미안 랩소디가 다시 보고 싶어졌다,1
마이클,진짜 닮았고 조카가 생각보다 연기를 잘함. 그리고 잘생긴,1
마이클,나름 잘봤어요...사운드가좀아쉽네용..,1
마이클,마잭 유명한 것만 알았지 이렇게 멋진 사람인지 처음 앎!,1
마이클,"This year,best film ever yet.
Michael,super-jenius artist,has been admired for his brilliant performance for years. I was on my 20' while he has been on stardum. I thought he was just one of many talented singer. But now, when I saw the movie yesterday, he was more than that.",1
마이클,"마이클잭슨의 일대기를 다 보지못한 아쉬움이 크지만 그래도
부활한듯한 그의 모습을 보는것같아 그저 감동이 왔다...",1
마이클,마이클 잭슨은 진정 전무후무한 아티스트,1
마이클,"마이클 잭슨을 괴롭게 만들었던 이들이 만들어서 
악행은 쏙 빼놓은 영화",1
마이클,영화 본 후 유튜브에서 계속 마이클 컨텐츠를 보고 있는건 나 뿐일까? :),1
마이클,마이클의 몰랐던 이야기를 알게 됨,1
마이클,몰랐던 미이클의 이야기를 알수 있었어요.,1
마이클,"그시절 나의 마이클!!
2편 꼭 나와야합니다!!!
마이클의 순수한 아이들 사랑을 널리 알려주세요",1
마이클,마이클잭슨의 인간미와 삶을 다시보게되서 좋았어요. 영화 스토리를 좀 더 다듬어서 만들었으면하는 아쉬움이있네요,1
마이클,"마이클에게
공감가는
내용도 많았고, 화려한 스타의
삶 뒤에 외로움, 갈등, 고민 등 
짊어질 무게가 컸을것 같아 연민까지
느껴지네요. 어찌됐건 조카가 마이클로 빙의
된 연기는 좋았네요.",1
마이클,"전설 중의 전설, 그를 가만히 생각해 봅니다. 아름다운 곳에서 행복하길...",1
마이클,압도적인 사운드. 그러나 전기영화로는 최악.. 위인전에 들어가는 내용정도,1
마이클,"히트곡들을 듣는 건 좋았지만, 뭔가 만들다 만 영화 같았다.",0
마이클,노래도 너무 좋았어요,1
마이클,재미있어요~~~!~!~!,1
마이클,눈과 귀는 즐겁지만 마음은 채워지지 않는다,0
마이클,그의 히트넘버만으로 충분했던 2시간.,1
마이클,알려지지 않은 이야기를 더 접할 수 있는 계기가 되었어요,1
마이클,짱 재미있는 영화 입니다 마이클,1
마이클,"내 아티스트 당신은 하늘에 별이 아니라 달이 됐을 거야
당신의 빛으로 세상을 밝혀줘 나중에 하늘에서 만나요",1
마이클,"세상이 담기에는 너무도 순수했던 사람
인류 고트",1
마이클,"팝의황제는 있어도, 인간 마이클은 없는 영화 ! 노래만 나오는데 그마저도ㅠ글쎄.. 이럴거면 그의 공연 영상을 유튜브로 보는게 나을 정도. 자파르가 연기는 비슷하게 하지만 그 누구도 그를 대체할 수는 없기에..",0
마이클,"마이클잭슨의 무대, 뮤비 재현율이 대단했습니다. 캐릭터가 좀 평면적인 느낌이 들긴 하는데 전기영화니까 어쩔수 없겠죠",1
마이클,"잃어버린 슈퍼스타, 아련한 추억, 왜 자꾸 눈물이 나는지",1
마이클,천재뮤지션!공연장에 온 기분이네요,1
마이클,그가 너무 보고싶네요..ㅜㅠ천재뮤지션,1
마이클,"마이클의 역경을 동화만큼(?)만 풀어냈지만...
크레딧이 올라가도 아무도 자리를 뜨지 않을만큼 볼 이유는 충분할 듯ㅡ2탄 나오는 거죠?",1
마이클,"5점 만점에 3점 정도
마이클잭슨 영화라는 느낌보다는 공연 실황 같은 느낌이 더 강함! 오스트가 사기라서 듣기엔 좋았지만",1
마이클,"개봉 전부터 궁금했던 영화 마이클^^ 배우분 목소리가 정말 비슷하단 생각을 했어요! 음악을 좋아하는 저에게 충분히 흥미롭고 감동적이어서 좋았답니다♡
개인적으로 너무 자극적인 내용이 없어서 좋았습니다^^",1
마이클,둠칫거리게 되는 영화!,1
마이클,이 시대에 그를 소환하는 이유! 타당하다~,1
마이클,극장에서 보기 좋은 영화,1
마이클,"예고편만으로도 눈물이 나는
MJ 음악과 삶을 다시 만날수 있어 좋았습니다",1
마이클,두시간에 맞추기 어려운 내용이다보니,1
마이클,배우님 연기도 연기지만 목소리가 진짜똑같았어요. 뮤지컬영화좋아하시는분은 분명 만족하실듯해요. 단 팩트는 좀 약해요. 근데 팩트를 원하면 다큐를 봐야겠죠,1
마이클,노래는 좋았지만 스토리는 빈약했어요,1
마이클,극장에서 재밌게 봤어요,1
마이클,스토리 서사적으로는 부족한 게 사실이지만 그의 음악을 듣고 느끼는 것 만으로도 충분했음 마이클 팬으로서는 배드앨범에도 스믾은 명곡이 있는데 배드 한곡으로 끝닌 게 아쉬울뿐... 2편 주세요,1
마이클,"재미있게 봤습니다.
한편의 뮤직 비디오를 보는 느낌.
더 재미있어 지려는 찰나에.. 끝.
아쉽네요",1
마이클,감동적이였고 재미있었어요,1
마이클,"이유 불문하고 너무 좋았음
마잭의 콘서트를 보는 느낌",1
마이클,보헤미안 랩소디를 3번이나 본 관객으로서 마이클 잭슨의 일대기도 퀸의 프레디머큐리처럼 영화화하면 대박치겠다고 감상편 남겼는데 살짝 아쉬운 부분이 있었다. 그러나 춤과 음악은 실로 감탄을 자아내게 함.,1
마이클,뭔가 영화가 똥 싸다 만 것 같은 느낌,1
마이클,음악이 좋으면서도 배우 연기까지도 좋아요.,1
마이클,마이클 잭슨의 무대는 최고였다..☆,1
마이클,음악만 보고 즐겨요.,1
마이클,전설적인 가수의 내면을 볼수 있었서 좋았음,1
마이클,아주 재밌게 신나게 봤어요,1
마이클,"마이클잭슨의 화려한 춤과 노래로 추억소환.
멋있었습니다.",1
마이클,"학창시절 마잭의 노래에 열광했던 중년들이 꼭 봤으면 합니다.
Beat it. Billie Jean 노래에 소름이 돋고.눈물이 흐르네요
스토리는 둘째 치고. 노래만 듣고나와도 나에겐 만점^^
돌비관에서 한번 더 볼 예정입니다.♡",1
마이클,역시 어른이 되면 독립이 답인가.,1
마이클,시간가는줄 모르고 집중해서 봤어요.,1
마이클,마이클 잭슨 팬으로서는 최고의 음악영화,1
마이클,스토리나 전개는 조금 지루하지만 역시 노래와 춤은 멋지네요.,1
마이클,한때 내가 좋아하던 마이클 잭슨의 일대기가 새삼 옛날 기억을 떠올리며 명곡을 듣는기분이 넘 좋았다~,1
마이클,진짜 마이클은 아니지만 음악으로 몰입이 되니깐 너무 좋았어요~~,1
마이클,보헤미안 랩소디를 기대하셨다면 아쉬울듯 다만 노래는 좋다,1
마이클,아이맥스로 보니 너무 좋았어요,1
마이클,콘서트였으면 열기가 뜨겁게 불타오르네,1
마이클,오프닝부터 춤추고 싶다,1
마이클,마이클 음악과 무대를 다시 느끼고 체험할 수 있게되서 만프로 만족하고 즐겼습니다.,1
마이클,마이클은 역시 마이클답다. 4남매 단체관람의 역사를 쓴 정말 멋진 팝의 황제 영화. 노래와 춤에 빠져들다. 그리고 너무 잘생긴 마이클에게 푸~~욱 빠졌던 시간이였다. 2탄 기다립니다~^^,1
마이클,"마이클 잭슨의 어린시절, 가족과의 관계에 대해 다룬 영화
음악은 정말 좋았다. 마지막까지 다 듣고 나왔다.
내용은 아쉽지만 어쨌든 마이클은 팝의 황제다.",1
마이클,"잘~~봤습니다^^
화려함속에 숨겨져있던 아픈진실",1
마이클,"영화를 보고
가슴이 뭉클하네요",1
마이클,너무너무 재미있게 봤습니다 또 볼것 같아요,1
마이클,노래가 너무너무 좋다,1
마이클,아이들과 보기 좋은 영화네요,1
마이클,잭슨의 이면에대한 오해와 진실 잘봤습니다,1
마이클,영화 자체로는 괜찮음. 노래연기 다 좋았음.,1
마이클,마이클의 모습으로 예전 추억을 보아서 좋았지만 마이클의 제일 중요한 마지막을 볼 수 없어서 안타까워서 좋아요보다는 별로로 선정!!,0
마이클,정말 잘 봤습니다. 특히 빌리진 부르는 부분에선 감동의 눈물이 ㅎ,1
마이클,"재미있었습니다. 연기도 노래도 좋고. 다만 마이클이 아버지로부터 벗어나는 과정만 간략히 다루고 있어 마이클 잭슨이라는 인물의 삶과 그가 겪었던 희노애락, 고뇌에 대해선 거의 다루지 않아서 아쉽습니다.",1
마이클,살아있는듯한 재현을 잘했어요,1
마이클,이제 2편만 기다리면 된다,1
마이클,진짜 제발 이번년도 봤던 영화중에 제일 좋았고 쿠키영상 없는 영화중에 엔딩 크레딧 끝까지 본건 처음이에요 하 영화로만 봐도 기절할 것 같은데….,1
마이클,감동 노래 넘 좋아요,1
마이클,같은시대를 살았던 사람으로 그의 음악을 몰입해 들을수있어서 행복했습니다~,1
마이클,시네마가 아니지만... 그의 삶 전반부를 회상하는데 의의를...,1
마이클,하나의 엔터테이먼트.,1
마이클,하 노래 겁나좋네,1
마이클,"관람평이 안좋아서 왜지 했는데 .. 약간 디즈니
느낌이 있어요. 근데 볼 만했습니다. 
2편이 있는거 같던데 진짜 나올지는 모르겠네요",1
마이클,똥싸다 들어간 느낌,1
마이클,어린 마이클부터 점차 성장하는 마이클의 모습과 음악이 매우 좋았습니다..,1
마이클,음악과 춤을 감상하는 것만으로도,1
마이클,꿈에서 깨면 비릿한 냄새,0
마이클,마이클잭슨 천재... 너무 좋았습니다,1
마이클,기대가 너무 컸다.. 실망이다..,0
마이클,마지막 투어 콘서트 장면이 정말 감동적입니다.,1
마이클,볼수록 그리워지는 우리시대의 진정한 아이돌,1
마이클,한편에 뮤직비디오 본것같고 88년 이후에도 좋은노래가 너무 많은데 빨리 법률적인 문제 풀고 속편 나왔으면 합니다,1
마이클,너무너무너무 좋아요 감사합니다,1
마이클,"재미없는건 아닌데, 너무 지나치게 후속작을 의식했는데...",1
마이클,재밌게 잘봤습니다 ^^,1
마이클,몰랐던 내용도 알게 되었고 화려한 스타에게도 고난과 역경이 있었네요,1
마이클,얽혀있는 여러 이슈에도 불구하고 좋은 사운드로 그의 음악을 들을수 있다는 것만으로 극장에서 볼 가치는 있다.,1
마이클,"뭐하나 부족한것이 없는 작품이네요
추천합니다.",1
마이클,"퀸에 이어서 대적할만한 콘서트 영화네요
이런 장르가 많았으면 좋겠어요~
N차 관람 대상",1
마이클,"마이클잭슨은 영웅 입니다 
영화 보고나서 음악이나 영상을 더 찾아봤는데 영화2차 찍을 예정",1
마이클,보헤미안랩소디에 비하면 다소 아쉬움,1
마이클,"70대 부모님이 너무 재밌어했어요
추억도 있고 감동도 있었습니다",1
마이클,우와~마이클~ 재미나게 잘보고왔어요,1
마이클,마이클은 훌륭하지만 누구도 마이클을 대신 할 수 없어 아쉽,1
마이클,마이클은 훌륭하지만 누구도 마이클을 대신 할 수 없어 아쉽,1
마이클,기대없이 보면됩니다,0
마이클,"아버지의 억압속에 자란 마이클의 어린시절이 영화로 보니 가슴이 아프네요.
순수한 아이같은 마이클을 영화로 만나니 새롭네요.
천국에서 보고 있겠죠. 팝의 황제!",1
마이클,"마이클 잭슨은 전설이 맞습니다.
천재성과 노력성, 인내, 가족애....
무대 화려함 뒤에 고독감과 외로움.
배우분들 연기도 잘하셨고,
마이클 잭슨 스토리 재조명되는 영화가 되었음 해요.
마이클 잭슨 FOREVER",1
마이클,M.J이라는 위대한 아티스트의 파란만장한 인생사를 물에 물탄듯 다뤄낸 느낌... 만들었어야할 영화이긴 한데 이렇게 밍숭맹숭할 거면 진정성이 없다는 비난을 받아도 할 말이 없을 것 같다. 음악은 너무나 좋음,1
마이클,마이클 마이클 마이클 마이클,1
마이클,마이클 잭슨의 음악을 영화관에서 들을 수 있어서 좋았습니다 2편도 기대되네요,1
마이클,한 시대를 풍미한 슈퍼스타의 몰랐던 성장스토리와 고난을 헤쳐가는 과정이 훌륭해요. 더욱이 우리에게 익숙한 노래들을 같이 들어서 좋아요,1
마이클,마이클 잭슨 마이클 쟉슨,1
마이클,재미있게 잘보았습니다,1
마이클,반쪽짜리 영화 어린이를 위한 위인전 같은 느낌이랄까,0
마이클,안타깝게 떠나 보낸 위대한 아티스트의 음악을 다시 만날 수 있었던 행복한 시간.,1
마이클,재미있게 잘 보고 갑니다,1
마이클,"조만간다시보러갈예정!!뻔하다고생각할수있는,세상모두가다아는그사람의이야기가이렇게맘을빼았을수있다니멋지다~!",1
마이클,"마이클을 보고 OST에 빠져 찾아보는 재미가 있네요. 무대연출, 음악, 포포먼스까지 재밌어요",1
마이클,기대만큼은 아니지만 몰입도는 좋았어요^^ 마이클 잭슨의 일생을 2시간에 담기엔 너무 부족하다고 생각이 드네요^^다들 고생하셨습니다~,1
마이클,music and me 나의 영웅 마이클!,1
마이클,마이클잭슨의 가족 이야기 그리고 청소년 시절에 함께한 음악들 좋았습니다. 재밋게 잘 봤습니다. 후속이 기대 되네요,1
마이클,같은세대라 스토리도 다 알고 있고 첫 곡부터 전부 아는 노래도 나와서 좋았어요 그런데 맘이 아픕니다 왜 잘하는사람옆엔 이상한사람들이 있을까요? 갠적으로 그부분좀 뺀게 전 좋네요 명곡들 계속 듣고싶어요,1
마이클,"영화에 대한 평가는 가지각색이 가능하겠다, 어디에 중점을 둘지에 따라. 다만 이 영화는 우선 극장에서 보는 게 맞는 영화다.",1
마이클,"영화에 대한 평가는 가지각색이 가능하겠다, 어디에 중점을 둘지에 따라. 다만 이 영화는 우선 극장에서 보는 게 맞는 영화다.",1
마이클,몰랐던 것도 새로 알게됐고 마이클 잭슨의 노래도 좋았어요,1
마이클,"절대음감의 재능 타고났지만 겸손하며 어린환자 들을 위로하며 통큰기부 행위! 
런던공연 장면은 잊지못할 감동 이네여",1
마이클,"신남이 더 많은 영화였는데...
우울하다.",1
마이클,재밋게 잘 봤어요~~^^,1
마이클,"MJ의 위대함을 모르는 사람은 공감할수없는 최고의영화~ 
저런팝의 황제는 이제 역사에 영원히 안나올듯.... 
3편으로 만들어도 제대로담기엔 모자랄만큼 훌륭한 아티스트",1
마이클,"요즘 사람 다시 살리는 기술이 있나요?
예전의 감동을 그대로 살린 영화라 
너무 만족합니다!",1
마이클,후편이 나와야 합니다...,1
마이클,"기대를 많이하고 보았는데 공연장면이 없어서 살짝 아쉬웠네요 
배우의 연기력은 좋았어요 
보헤미안랩소디 와 비교해서는 아쉽네요 
그래도 평타이상 입니다",1
마이클,마이클 잭슨 너무 멋져용 시간 가는줄 모르고 봤네여,1
마이클,졸리고 시간 아까워요,0
마이클,재현에만 의의를 두기엔 너무 아쉽...,1
마이클,신나고 재미있었다~ 노래들이 꽤 길게씩 나와서 좋았음!,1
마이클,"음악 아주 좋고 신남! 그러나 그게 끝…
오 내가 생각보다 마이클 잭슨 노래 좀 아네 이 생각나고 뭐 더 없음 ㅋㅋ",1
마이클,... ... ...,1
마이클,별로 였어요 기대를 너무 했나봅니다 보헤미안랩소디 를 기대하진 마세요,0
마이클,MJ의 일생을 조망한 좋은 영화,1
마이클,"과거 마이클의 실제 공연인건지. 배우의 연기인건지 구분이 안갈정도로 똑같았어요. 아역배우 연기와 노랴.춤실력 모두 최고네요.
처음에는 약간 지루한 면은 있습니다",1
마이클,최고에요 영화를 본게 아니라 콘서트 본 느낌이라 마지막에 박수가 절로 나왔네요,1
마이클,마이클잭슨의 명곡을 들을 수 있어서 좋았습니다. 행복했어요,1
마이클,"마이클 잭슨의 얘기와 명곡이 다 담을 수도 없지만 너무 쪼금 나옴.. 최소 3편이상으로 나와야 할듯합니다~!
슈퍼스타이자 세상의 오해도 많이 받고 돌아가신 영원한 팝의 황제 마이클!!! 그립습니다~~~!",1
마이클,2시간내 마이클의 팬이 되기는 충분했는가,1
마이클,두시간은 넘 짧다!!3시간짜리 내놔라~!! 관람전 주연이 누굴까 궁금해서 찾아보니 자파잭슨이 조카였다 그가 연기한 마이클에서 마이클잭슨을 느꼈고 분명 많은 노력을 했을거란 생각뿐.노래 춤 연기 넘넘 좋음,1
마이클,마이클잭슨을 잠시나마 돌이켜볼 수 있어 좋았음,1
마이클,성장기를 보면서 울컥할때도 있었고 진짜 천재라서 놀라기도 하였고 외롭고 쓸쓸했을 그의 삶에 동정도 보냈고 화려한 삶에 찬사도 보내고...,1
마이클,"중반까지 음악만 좋고 스토리리는 최악임
보헤미안 랩소디 생각하면서 가면 후회함",0
마이클,좋았습니다 마치 콘서트장 같았어요,1
마이클,많이 기대했었으나 조금 아쉬웠어요 무대는 멋있었어요,1
마이클,좋아요.ㅅㅎ.ㅎ.ㅈ,1
마이클,"좋아요.,.,.,.,,.",1
마이클,디스이즈잇 다시보기 추천,0
마이클,"모든걸 잊고 몰입했던 두시간이였습니다.
비록 마이클잭슨의 위대함을 늦게 알았지만 어쩌면 그보다 뛰어난 가수는 없을수도 있겠다 라는 생각이 들었습니다.",1
마이클,"50대 중반입니다.
마이클잭슨의 노래를 들어 본사람이라면.
또 그의 삶을 조금이라도 아는 분과 모르는 분들이라도 이영화를 통해 그의 삶을 조금이나마 느낄 수 있고 공감할 수있는 영화라고 생각 합니다.",1
마이클,그냥 마이클 잭슨이니까. 노래만 들어도 좋음,1
마이클,굵직한 내용들이 많이 빠진 것 같아 그건 좀 아쉬운데 공연 장면들은 진짜 너무 좋았음 ㅠㅠㅠㅠbad랑… 근데 smooth criminal업고 .. 너무 갑자기 끝난 느낌,1
마이클,마이클 마이클 마이클,1
마이클,마이클 역시 대단해…,1
마이클,"영화 자체로는 재미감이 없었고, 감정도 없고, 특이한 내용도 없었어요.
후편을 만들기 위한 영화로써, 너무 무미 심심하였습니다.
보헤미안랩소디 는 정말 재밌엇고, 감동적이었는데. 비교가 되네요",0
마이클,마이클 잭슨 연기를 너무 잘한것 같아요,1
마이클,마이클 잭슨 음악이 다 했다.,1
마이클,다음편이 기다려져요,1
마이클,"그림자는 지우고, 오로지 밝은 조명으로만 채운 마이클 잭슨의 가장 화려한 모습.",1
마이클,마이클 영화는 cgv에서 봐야죠,1
마이클,ugeduhrkikih,1
마이클,ekyxrhuxujol,1
마이클,너무 좋쿠 노래도 좋아요!!!,1
마이클,ifed7gehihii,1
마이클,비어있는 서사를 감추기 위한 마이클잭슨의 화려한 무대 모음집.,1
마이클,집중해서 봤어요 잭슨이 많이 맞았었네요 ㅠ,1
마이클,오랜만에 마이클 음악들을 들어서 좋았어요,1
마이클,마이클 마이클 마이클,1
마이클,굿 넘 귀가 호강 넘 힐링하고 왔어요 개봉하고 바로 보러 갑니다,1
마이클,"마이클잭슨에 대한 모욕이다
뻔뻔하게 늘어놓은 위선이 역겹다",0
마이클,마형의 매력을 느끼는. 시간,1
마이클,음악만으로도 몰입가득 시간 가는 줄 몰랐네요,1
마이클,마이클 잭슨이 더 생각나는 영화,1
마이클,"일반관에서 먼저보고 IMAX로 재관람하게 됐어요!
마이클의 노래와 무비로 행복했던 기억소환되고
일찍 떠나버린 마이클이 그립고 마음이 아파요.
빨리 속편이 나오길 기대합니다.",1
마이클,🪩🪩🪩🪩🪩,1
마이클,아쉽기도하지만 마이클잭슨을 본것만으로도 감격스럽고 슬프다,1
마이클,스토리가 너무 좋아요 신나고 감동적👍,1
마이클,마이클 잭슨 이름만 알았지 잘 몰랐는데 그의 삶을 알 수 있게 되어서 좋았습니다,1
마이클,마이클 잭슨 노래를 영화관에서 들을 수 있어서 좋았어요 !! 근데 다 좋은데...스토리가 조금 아쉬운? ㅠㅠ 중간 중간 많이 생략됐네요...ㅠㅠ 그래도 마이클 잭슨 공연 봤다고 생각하면 만족입니닷 🫶🏻,1
마이클,마이클 잭슨의 음악 만이 남는 영화. 그래도 좋았다.,1
마이클,"안 볼수 없는 영화
음악도 댄스도 레전드",1
마이클,마이클에 대한 추억이 생각나는 감동적인 영화였습니다.^^,1
마이클,마이클 잭슨 노래 계속 들을 수 있어 좋았다,1
마이클,감동적있게 잘 봤습니다.,1
마이클,자리를 일어날때 MJ의 음악 뒤에 영화가 숨어있었단걸 깨닫는다,1
마이클,"ost좋아요.
연기도 좋아요",1
마이클,재미있게 잘 봤습니다.,1
마이클,뎌ㅓ루럴랴랴ㅑ더저저러라즈치,1
마이클,좋았어요 재밌게 잘 봤습니다,1
마이클,마이클의 음악을 큰 화면과 소리로 즐길 수 있다는 것만으로도,1
마이클,좋았어요 재밌게 잘 봤습니다,1
마이클,잘 보다가 갑자기 영화가 끝난 느낌 ㅠㅠ,1
마이클,더 많은 곡을 못 들어 아쉬운듯…2편 기대중~,1
마이클,마이클이 살아있는거 처럼 느껴짐. 마치 타임머신타고 마이클이 어릴때부터 청년까지 돌아다니며 촬영한거처럼 생생함 극장에서 또봐야지 넘 재밌고 감동,1
마이클,마이클잭슨 조카가 그 어려운걸 해냈고 불행한 말년의 사생활 부분이 나오지 않고 성공한 해피앤딩으로 끝나서 참 다행,1
마이클,열정이 느껴지는 무대가 너무 멋있어요,1
마이클,"논란이 많지만 재미는 확실하다, 그림자는 비추지 않고 화려한 스포트라이트만 따라가므로",1
마이클,노래도 다 좋고 연기도 몰입감이 좋았음 마이클잭슨 멋있음!!,1
마이클,영화를 기다렸다기보단 우린 그를 기다린게 아니었을까,1
마이클,너무너무나 감동. 또 감동입니닷,1
마이클,마이클잭슨의 노래를 스크린으로 보고 들을 수 있어서 좋네요,1
마이클,영상고 음향도 다 좋앗습니다 ㅠ,1
마이클,복잡다단한 감정이 들어 즐겁고도 슬펐다,1
마이클,영상과 음악이 잘 어울려진 영화임. 추천합니다.,1
마이클,배우연기 대박!!!,1
마이클,무지 재미있다 그런데 갑자기 끝났다,1
마이클,스토리나 기승전결 포기하고 2시간짜리 고음질 고화질 뮤비 감상하고온다 생각하고 봐도 돈은 아깝지 않은듯... 자파 잭슨의 씽크로율도 후반으로 갈수록 높아지는듯...,1
마이클,화려한 연출과 열연에도 불구하고 만족감은 채워지지 않았다.,1
마이클,마이클잭슨 실제 조카가 주연이라 그런지 점점 싱크로율이 높아지네요. 음악이 너무 좋습니다,1
마이클,MJ 공연 갔다온 느낌,1
마이클,"노래 듣는 재미로 갔다왔습니다.
마이클 잭슨 일생을 알아도 재밌네요",1
마이클,재밌게 봤습니다. 후속작 기대합니다.,1
마이클,"팬 아닌데 울컥하는 순간이 있네요
음악의 스토리를 보고 들으니 더 좋았어요",1
마이클,자피잭슨이 마이클을 잘 표현줬지만 아쉬운점도 많아요 감동도 있어서 잼있게 봣어요,1
마이클,마이클을 연기하기 위해 많은 노력을 한 자파르의 열정정과 그 누구 보다 선한 마음을 가진 마이클에 대래 알 수 있는 시간이었어요. 다음 편도 기대해 봅니다.,1
마이클,까~~~악!!!! 마이클!!!ㅋㅋ,1
마이클,모두를 담기에는 짧은 시간!,1
마이클,"잘모르던 마이클잭슨의 일대기인데요
아이에게 보여주고싶었어요.
첨엔 지루해하더니 나중엔 잘던데요.
이름 얼굴만알았었는데 재있었답니다",1
마이클,"좋은 소재를 너무 못살린 영화
보다가 너무 지루해서 중간에 잔 덕에 스트레스 해소가 되었습니다:) 마이클의 노래들은 참 좋았습니다.",0
마이클,🎥🎞️2026년 그의 전설을 만끽하러 가자🎞️📽️,1
마이클,콘서트에 온 것처럼 너무 좋았습니다.,1
마이클,올해 본 영화중 가장 최고였음^^,1
마이클,슈스의 삶이란...,1
마이클,마이클 좋았어요 👍,1
마이클,"MJ 노래, 춤, 인생 스토리 너무 재밌었다. 관람 후 문워크로 귀가함",1
마이클,싱크로율이정말장난아니게나온음악다시듣고싶네요,1
마이클,"마이클 잭슨의 콘서트를 본 것 같다.
아버지로 인해 잭슨 5와 가수 마이클이 있었지만, 인간 마이클의 어린 시절을 비롯한 개인적인 삶은 많이 외로웠겠다
...",1
마이클,영화 내내 감동적이게 신이 나요.,1
마이클,조금지루하고끝이허무했어요 빌리진때잠깐좋았음 나머진 ...2 까지 보고 만든듯.,0
마이클,"아이들과 시간가는지 모르고 재밌게 봤습니다
후속편도 기다려집니다",1
마이클,"집중하고 싶은데 집중이 안됨
MJ를 보고 싶은데 MJ가 없음",1
마이클,스토리는 빠르게 지나가지만 진짜 마이클 잭슨이 살아 돌아온거 같은 느낌,1
마이클,너무 재밌게 봤습니다. 굿굿!,1
마이클,goo00oo00oo0ood,1
마이클,"조카라 그런지 삼촌과 많이 닮았네요. 스토리가 성장기 부분에 너무 집중되어 좀 아쉬웠고,
6천원 할인받아 4dx 봤는데 화면도 작고 불필요한 모션시트로 집중을 떨어뜨리네요.
스크린엑스나 아이맥스 관람추천함",1
마이클,영광스러운 시간이었다.,1
마이클,"간만에 재미
있는 영화 한편",1
마이클,마이클잭슨의 노래는 치트키다!,1
마이클,"껍데기 판타지
영화~ 그래도 즐겁긴 하다",0
마이클,추억의 스타를 다시 느껴보는 좋은 계기였습니다.,1
마이클,"너무너무 재미나게 봣어요 
언능 2탄 나와랏!!!!",1
마이클,"마이클 성장기~
그시절이 생각나며
추억속으로 돌아간 기분",1
마이클,몰랐던 사실도 알게되고 명곡도 감상하고 너무 좋아요,1
마이클,오로지 배우와 음악의 힘에 기댄 전율.,1
마이클,서사는 아쉽지만 빌리진과 문워크 무대를 스크린으로 보는 순간 전율이 흐릅니다! 잭슨 세대가 아니어도 음악을 즐기기에 충분히 훌륭한 영화입니다.,1
마이클,마이클 잭슨에 몰랐던 일화도 알게되고 축억의 명곡들 들으니 너무 좋네요^^,1
마이클,한번의 완결이 아닌 시리즈로의 느낌이라 ...,0
마이클,뭔가 아쉬웠는데… 그 아쉬운 게 뭔지 모르겠다… 그래도 음악 듣는 재미가 있긴 했음!,1
마이클,ost 듣는 맛으로 본 것 같다.,1
마이클,그저 GOAT MJ,1
마이클,"마이클 그는 멋진 팝의 황제였습니다 영화에서는 추악한 언론의 민낯이 나오지않아 반쪽짜리 영화라는 말이 딱 맞는거같네요 
마이클 사랑합니다!!!",1
마이클,오랜만에 감동있는 아티스트를 만나 즐겁게 관람했어요,1
마이클,마이클 잭슨의 명곡을 다시 누릴 수 있는 멋진 영화,1
마이클,생각보다 재밌었어요,1
마이클,영화의 완성도가 어찌됏건 귀는 즐겁다,1
마이클,"신들린 춤, 그리고 목소리",1
마이클,"그저 시간흐름에 따라 사건만 나열나열 그 중간마다 히트곡들 뿌려주면 영화한편 완성.
노래만 좋다. 껍데기만 화려하고 속은 텅빈 영화.",0
마이클,몰랐던 마이클잭슨의 이야기를 알게 되었고 나의 어린시절을 함께 했던 노래를 크게 보고 듣고 나왔어요 추억여행을 떠난듯 흥얼거리며 봤어요 다음편 있는거죠? 뭔지 뭉클한 감정과 제 추억을 열어봤네요,1
마이클,"IMAX관에서보니까,몰입감최고네요.간만에좋은영화관람했습니다",1
마이클,"시작부터 떨림 끝은 약간 농락당한 기분
나도 모르게 눈물로 시작해 마지막엔 오열을
너무나 갑자기 떠난 그를 생각하니 그저
안타까운 마음만...영화조차도 그를 위한게
맞나? 싶을 정도였지만 다음작은 기대함",1
마이클,마이클 너무 재밌게봤습니다 2부도 기다릴께요,1
마이클,무대 연출이 뛰어났고 감동적이었음,1
마이클,"평론들이 워낙 안 좋아서 기대 내려놓고 봤는데, 역시 마이클 잭슨이라는 시대의 아이콘을 다뤘다는 점에서 흥미롭지 않을 수 없었음. 영상미와 음악, 아이맥스 부스팅도 있고. 다만 서사가 아쉬워서 별 네개.",1
마이클,진행이 느린 점이 설마 시리즈인가 했는데 역시나... 마이클 잭슨의 편이라면 충분히 볼만한 가치가 있겠지만 그를 잘 모르는 세대에게는 약간은 아쉽다.,1
마이클,사운드와 영상이가 무척 좋았습니다.,1
마이클,"추억을 생각할수 있는 여유를 준 영화.
그리움ㆍ슬픔을 남긴영화.
담 기획작품을 기다려짐!",1
마이클,"영화와는 별개로 마이클 잭슨 노래는 늘 흥분시키는 것 같다, 보고싶은 마음이 크지 않은 영화였지만 보길 잘한 것 같다",1
마이클,간만 힐링하는 영화입니다 추억도 인생도 세월도 찐하게 묻어나는 영화입니다 ~~^^,1
마이클,무조건 돌비로 보세요,1
마이클,2편을 위한 빌드업인거죠?,1
마이클,"마이클잭슨2탄도 너무 기대되어요^^
노래 듣는 걸로도 충분리 힐링되고 재미가 있어요!!",1
마이클,"처음에는 마이클 잭슨의 출생부터 사망까지의 삶 전체를 다룬 영화인 줄 알았는데, 실제로는 스타가 되어가는 과정에 더 초점이 맞춰져 있었다.그의 성장 과정과 무대에 대한 열정, 음악적 재능을 볼 수 있음.",1
마이클,"고증은 삐걱대고 영화는 헤매는데, 명곡들이 멱살 잡고 끝까지 끌고 간다.",1
마이클,옛날에 공연한 모습도 보고싶었는데 좀 아쉽네요,1
마이클,"팝 황제이자 전설의 완벽한 부활! 
자, 이제 “잭슨”을 빨리 보여주세요!",1
마이클,"마이클 잭슨의 팬 입장에서 이미 다 알고 있는 내용이라 특별한 게 없었지만, 공연 장면 만큼은 너무나 멋있었습니다. 실제 마이클의 조카인 주인공이 완벽하게 공연장면을 재현해서 정말 감동적이었습니다.",1
마이클,"시간 가는 줄 모르고 봤어요!! 
배우들 연기도 좋았고 외모와 목소리가 실제 인물과 비슷해서 더욱 몰입 되었어요! 강추!!",1
마이클,생각보단 재미있긴 하지만 스토리가 빈약한 단점은 아쉽게 다가온다. 음악이라도 확실히 챙겼으면 모르겠으니 어중간하게 흘러가는 느낌이 살짝든다,1
마이클,"너무 흥겹게 즐겼습니다.
감동도 있었구요.
스트레스가 확 풀리네요",1
마이클,"너무 잼나고 가슴벅찼습니다.
끝이 좀 허무하긴 했는데 2가 꼭 나와야겠어용",1
마이클,"스토리가 별로라는 소문을 듣고 노래라도 들으러 갔는데 
스토리는 형편없고 연출도 아쉬움이 더 큰 영화
마이클 목소리는 똑같더라",0
마이클,콘서트보는거같았어요 재밌어요,1
마이클,내 사랑 마이클 잭슨,1
마이클,"콘서트 장면이 영화관에서 즐길 수 있는 오락적 음악의 최대치, 다만 나머지는 그 이하",1
마이클,콘서트에 온것같은 느낌으로 재밌게 봤습니다,1
마이클,"마이클은 역시 감동이에요.
제 기대를 저버리지 않네요~~",1
마이클,실제 공연현장에 와서 듣는 기분이었고 음악영화지만 배우분들의 감정연기가 비중이 커서 스토리흐름에 집중하기 좋았습니다. 관람전에 주인공 주변인물들 정보등을 알아두고 가면 더 재밌게 볼 수 있습니다.,1
마이클,노래만 좋고 줄거리는 빈약했어요.,0
마이클,"마이클잭슨, 전설의 별이다...⭐️✨️",1
마이클,한 시대를 풍미한 가수의 일대기를 그린 영화~!! 공연을 본 듯한 영화....,1
마이클,노래들이 좋았습니다.,1
마이클,"마이클 일대기~~
어릴때는 그냥 유명 연예인이라고만 생각했는데
정말 대단한 사람이라고 생각한다
잼나게 봤습니다",1
마이클,팝의 황제. 그 수식어에 걸맞는 영화라고 하기에는 다소 아쉬운 점이 있지만 공연 장면은 볼만 하다. 물론 오리지널과는 비교할 수 없지만 그때의 향수를 불러 일으키기엔 도움은 된다.,1
마이클,"영상미, 몰입감, ost, 덕분에 즐거움과 공감이 넘칩니다.",1
마이클,감동의 물결로 몰입감과 영상미가 뛰어나고 옛날 추억을 되새기게 됐어요! 2시간이 지루함없이 금방 지나갈무렵 갑자기 끝나버린게 넘 아쉬웠어요 후부작이 나올려는지 이제 시작이다했는데 끝남ㅠ,1
마이클,또 볼거예요!🩷👍❤️❤️,1
마이클,마잭 신드롬 재현각입니다,1
마이클,4DX로 보면 마이클잭슨에 귀에 바람불어줍니다,1
마이클,스토리는 약간 아쉬웠지만 마이클 잭슨의 음악을 듣는것만으로도 충분 했어요,1
마이클,"보고싶은 마이클 아재. 웬수같은 혈육.
다행히 오디오,비주얼적 몰입감은 있으나, 엉성함. 
또 다이애나로스, 자넷잭슨 스토리도 빠지니 뭔가 허전함.",1
마이클,어릴적 마이클잭슨이 어떤사람인지 잘 몰랐는데 이 영화를 통해서 많은 부분들을 볼수있어서 좋았음! 특히 음악! 강추,1
마이클,마이클 잭슨 찐팬으로 아쉬운 점은 있었지만 그에 노래와 춤을 보고 느낄수 있는것만으로도 충분히 즐거웠습니다,1
마이클,"난 감동하며 봤는데 평론가들은 평이 안좋군.
음악이 넘 좋아서 감동했고, 스릴러 안무를 고화질로 봐서 넘 좋았음",1
마이클,"좋은 노래를 감상하고자 일부러 돌비 애트모스에서 보았는데 노래 음향이 생각만큼 좋지 않았어요.
부디 2부에서는 조금더 밸런스를 맞추었으면 감상하는데 더 빠질거같네요.",1
마이클,"생략된 내용이 많아서 아쉽지만 재밌게 보기 좋았다 정도?
[7/10]",1
마이클,학창 시절 마이클 잭슨의 노래를 듣고 자란 세대에 잭슨이 96년에 한국서 첫 콘서트를 할때 잠실로 달려가 팝의 전설을 직접 본 경험이 있기에 이번에 개봉한 마이클을 보면서 그때 기억이 떠올라서 좋았다,1
마이클,내 젊은 시절을 생각하며 마이클잭슨의 음악에 흠뻑 취한 소중한 시간이었다. 탱큐!,1
마이클,배우의 연기는 좋으나 갑자기끝난 느낌,1
마이클,굿 잘보고 갑니다. 노래가 최고,1
마이클,누가해도 MJ는 못따라간다,1
마이클,"역시 마이클잭슨 
꼭보세요",1
마이클,"관객을 콘서트장에 데려다 놓음.
갇힌 세계를 스스로 깨고 나오는 마이클이 
더 오래 행복했었음 했음.
카메라, 제작사등 보헤미안 랩소디를 많이 생각나게함",1
마이클,"관객을 콘서트장에 데려다 놓음.
갇힌 세계를 스스로 깨고 나오는 마이클이 
더 오래 행복했었음 했음.
카메라, 제작사등 보헤미안 랩소디를 많이 생각나게함",1
마이클,팝 황제의 귀환...모두의 기억이 소환됐다,1
마이클,"정말꼭보세요^^
콘서트본것같아요♡",1
마이클,마이클잭슨 춤을 배우가 넘 잘추고 진짜 마이클같은 느낌으로 영화에 몰입했어요~,1
마이클,기대없이 봤는데 여운이 계속 남는 영화예요.,1
마이클,스토리는 밋밋했지만 음악이 나올때는 역시 굳~,1
마이클,영화 잘 봤습니다. 좋았습니다.,1
마이클,"지금 들어도 희열이 넘치는 마이클 잭슨의 수많은 히트곡들 정말 음악 천재라고 하지 않을 수 없다.
하지만 부와 명예 모두 거머쥔 그의 표정은 늘 어두워 보인 건 나만의 생각일까?
진정한 행복이란...",1
마이클,"보헤미안랩소디까진 아니지만...
마이클로도 충분
오늘의 한줄평
""새로왔던 그의 세계..""",1
마이클,마이클 잘봤습니다 .,1
마이클,마이클잭슨 인생에 잠깐 다녀왔다 ㅎㅎ,1
마이클,마이클 잭슨 명곡들 부를때 너무 쾌감이 좋아요.,1
마이클,노래에 취해 시간가는줄 모르고 봤어요~~~,1
마이클,노래는 좋았는데 보다 만 것 같아 좀 아쉬웠다,1
마이클,"역시 팝의황제 그냥 보세요 
마이클 콘서트 보고 온거 같아요",1
마이클,역시! MJ is MJ 👍👍👍👍,1
마이클,"나를 위해, 당신을 위해 맞서 싸운 친구",1
마이클,"진짜 귀호강 
콘서트를 본듯해요",1
마이클,"울 거라고는 예상 못했는데요..
상영 시간의 절반을 눈물 뚝뚝 흘리며 봤어요😭
기대보다 더 좋았던 영화예요.",1
마이클,끝났는데도 자리를 뜰수가 없었어요 감동,1
마이클,이런 사실들이 있다는걸 처음 알았네요 너무 재밌기 봤고 계속 잭슨 노래 들어요,1
마이클,"좋은 노래와 멋진 공연
2편이 기대됩니다",1
마이클,"진짜 한편의 공연, 콘서트를 실감나게 본 느낌이었습니다.. 명곡들이 너무 많아서 다음편도 꼭 나왔으면 좋겠습니다 ㅠㅠ 마이클 싱크로율도 말 안됩니다 진짜",1
마이클,"콘서트장에 와있는 느낌이었어요~
마이클의 유년기 모습을 볼수 있어서 좋았어요~",1
마이클,마이클이라는 제목으로 한 이유를 알겠습니다.,1
마이클,두시간으로 마이클의 생애를 담기는 불가능. 재미있습니다.,1
마이클,조카라 그런가 정말 흡사하네요.,1
마이클,좋아요. 노래가 넘 좋네요,1
마이클,그는 전설이었다.ㅜㅜ,1
마이클,포기해야하지만 포기못한 마이클 잭슨의 춤 선과 그루브가 없어 몰입이 돼지않음. 그의 삶을 이해하는데는 ok!,1
마이클,가슴 아픈 얘기를 왜 뺀 겁니까?,1
마이클,음악이 정말 대단합니다.,1
마이클,정말 영화 시작부터 끝까지 완벽한 영화였습니다 !!,1
마이클,정말 다시 나오기 어려운 사람.,1
마이클,"고인이지만 우리곁에 살아 있는 월드팝슈퍼스타
 수 많은 오해들과 싸웠지만 ᆢ
오랜만에 느껴보는 ᆢ마이클 잭슨의 살아있는춤 ᆢ
조카가 대역을 하였다니 감동 감동",1
마이클,마이클 잭슨 너무 아까운 가수였네요ㅠㅠ,1
마이클,"역대급 영화~~
2시간의 완벽한 공연이었다
특히 음향이. . .아이맥스로 보길 추천",1
마이클,마이클잭슨의 무대를 라이브로 보는듯한 즐거움,1
마이클,"영화에대한의견들은너무많이갈리겠지만
음향이너무좋앗음
진짜콘서트갔다온기분이었음",1
마이클,멋있고 대단하고 .. 잘봤습니다,1
마이클,재밌게 봤음 참 멋있는 사람,1
마이클,"자꾸생각이나서 눈물이나네요
최고의 야티스트
찬사를 보냄니다",1
마이클,배우연기 노래 전부 완벽 그 잡채입니다!!! 너무 잼있게 몰입해서 잘봤어요 삐레~~,1
마이클,"아이같고 천진난만한 사람
신비로우며 빠져드는 사람
공연의 열기를 느낄수 있어 행복했습니다
티켓특전도 예쁘네요
또보고 싶어요!",1
마이클,영상과 음악 모두 너무 좋았습니다.,1
마이클,마이클 너~무 선하시다,1
마이클,잘 봤습니다 2편도 기대합니다 볼수밖에 없네요!!!,1
마이클,마이클 포에버! 다시 보고 싶은 슈퍼스타!,1
마이클,"마이클 잭슨 세대는 아니지만 아는 노래가 많았고, 그의 퍼포먼스를 재연해준 그의 조카를 통해 마이클 잭슨이 얼마나 멋있는 아티스트였는지, 그리고 따뜻한 사람이었지만 수 많은 오해들과 싸웠는지를 알게됨",1
마이클,마이클 사랑합니다.,1
마이클,"약간 재미없는 2시간짜리 뮤비보는느낌
근데 노래는 개좋은",1
마이클,"잭슨파이브 이야기였다… 마이클잭슨 이야기인줄 알았는데…
그 후가 더 재밌을거 같은 느낌…",1
마이클,"마이클~~
오랜만에 만났네요~ㅎ",1
마이클,이런 내막이 있었을 줄이야.,1
마이클,서사는 나이브 음악은 나이스,1
마이클,정말 감동 그 잡채 멋있는영화 잘 보고 왔어요,1
마이클,마이클잭슨이 이렇게 순수한 인물이었다는게 놀라웠구요 영화가 시간 가는줄 몰랐습니다 정말 멋진 영화 입니다,1
마이클,재미있게 잘 봤습니다.,1
마이클,이제 이야기가 시작될듯한데 끝났어요ㅜㅜ,1
마이클,캐스팅 어케했지 아역부터 연기가 미쳤음.. 역사상 다시 없을 천재 팝스타의 순수한 영혼을 느낄수있어 좋았다,1
마이클,미이클잭슨이면 끝난거죠.,1
마이클,"지루할 틈 없이 군더더기없는 존재.
노래가 더 있었으면 좋겠다는 게 유일한 아쉬움",1
마이클,연출부터 모든게 최고입니더,1
마이클,오랜만에 귀호강 했어요 시간 가는줄 모르고 봤네요 2편 기대 됩니다,1
마이클,주옥같은 그의 음악으로 오랜만에 경이로움을 느끼네요. 배위의 노력과 애씀이 묻어나는게 감동. 2탄이 기다려집니다.,1
마이클,"마이클 잭슨의 음악만으로도 충분히 봐야 할 영화, 보고나면 마이클울 더 사랑할수 밖에 없다.",1
마이클,명곡파티!!엄마랑 재밌게 잘 봤어요.,1
마이클,Abc 도레미 빌리진이 계속 귀에서 맴돈다…,1
마이클,"이왕하는 내 일, 이왕꾸는 내 꿈, 이왕사는 내 인생을
적당히 말고 열심히 가꾸고 싶다. 내 빛으로.",1
마이클,마이클 노래 ^^ 멋진 음악과 천재성,1
마이클,이게 바로 MJ구나.,1
마이클,너무 멋진 영화네요 촘도 너무 멋집니다 눈물이 날듯 환상적이네요,1
마이클,"말로만 듣던 마이클잭슨!!!!
마이클잭슨의 무대를 생생하게 본것만 같아 가슴이 벅찹니다
그의 생을 좀 더 가까이 들여다 볼 수 있어 좋았네요",1
마이클,"음악이 아주 좋아요.
만족합니다.",1
마이클,배우 연기가 미쳤... 마지막엔 잉?,1
마이클,꼭 IMAX에서 봐라! 공연장에 온 것 같다. 몰랐던 점들도 알게되고 노래도 잘듣고 왔다,1
마이클,보헤미안 랩소디 제작진이 했다고 해서 엄청 기대를 하고 봤는데 역시나 그느낌대로 엄청 좋았음!,1
마이클,스토리가 어째 애매한데서 끝난다 했더니 후속편이 더 나올 모양이네요. 12세 관람가용으론 나쁘지 않았습니다.,1
마이클,영화 자체는 보헤미안랩소디 보단 솔직히 전율과 몰입은 덜 하고 쏘쏘였는데... 역시나 음악이 좋았습니다. 마이클잭슨이 되기 위해 얼마나 노력했을까 박수를 보냅니다.,1
마이클,음악 좋아 너무 만족합니다.,1
마이클,천재 마이클잭슨! 당신의 음악을 다시 한번 느낄 수 있어 행복한 시간이였어요!,1
마이클,"빌리진, 베드, 스릴러가 아직도 귓가에 맴도네요",1
마이클,레전드 오브 레전드!! 말해 뭐해!!,1
마이클,재밌었겠죠 예매한거 잊었어요~,1
마이클,역시 음악이. 최고입니다,1
마이클,스토리는 좀 끊기는 면이 있었으나 무대 연출은 생동감 미쳤습니당..!,1
마이클,보는내내울컥~ㅜ 천재뮤지션MJ,1
마이클,"지나온 세월에 함께 살았던 전설을, 영화로 기억하며 보낸 2시간, 공감과 감동으로 흐뭇한 날이 되었습니다.",1
마이클,"논란을 떠나서 볼만한 영화인 것은 맞다.
음악만으로도",1
마이클,옛추억을 떠올리게하는 영화,1
마이클,즐겁게 듣고 보고 재밌게 보고 왔네요.,1
마이클,너무좋았어요너무감동적인영화였어요ㅜㅜ,1
마이클,"나도 마이클잭슨 시대를 살았지만,
어릴때부터 순차적으로 전개되는부분인지라
솔직히 지루한면은 있었다.
음악은 훌륭했다. 영화를 보는 내내 
마이클잭슨이 얼마나 대단한 사람인지 느낄수있었다
짭은 짭이다",1
마이클,노래와 춤만으로도 완벽했던 마이클,1
마이클,많은 내용이 삭제되었지만 그래도 마잭의 음악을 보고 들을 수 있는 즐거운 영화였어요...영화를 보면서 음악이 나올때 다리가 저절로 리듬을 타는 나를 발견 할 수 있었어요~~,1
마이클,많은 내용이 삭제되었지만 그래도 마잭의 음악을 보고 들을 수 있는 즐거운 영화였어요...영화를 보면서 음악이 나올때 다리가 저절로 리듬을 타는 나를 발견 할 수 있었어요~~,1
마이클,마이클에대해 알수있어서 좋앗어요,1
마이클,"추천합니다! 스크린에서 마이클 잭슨의 환생을 보았네요. 스토리의 아쉬움은 있지만, 그걸 뛰어넘을 음악 이야기때문에 꼭 극장에서 봐야 합니다. 후속편도 꼭 나오기를... 잘 봤습니다.",1
마이클,순간순간이감동스럽다.,1
마이클,너무 재미있었어요!,1
마이클,2부가 기다려지는 마이클의 연대기,1
마이클,다는 알수없지만 그래도 알수는 있다,1
마이클,생각보다 스토리 진행은 좀 지루했어요,1
마이클,재미있어요 추천합니다,1
마이클,"어릴적 열광했던 마이클 잭슨을 다시 느꼈습니다~
다음 편이 기대되네요~~~",1
마이클,진짜 너무 재밌었어요,1
마이클,다큐같은 정확성을 기대하지 않고 마이클잭슨의 히트곡들과 공연을 즐기기에는 충분한 깜냥의 영화.,1
마이클,영화 관람했습니다 영화 관람했습니다,1
마이클,마이클이 보고 싶네요! 멋진 가수의 성장이 이런 과정이 있었군요!,1
마이클,...그럼에도 불구하고 몰입해서 음악을 듣고 즐겼다. 너무나 안타깝고 그리운 마잭♡,1
마이클,실제 마이클잭슨이 공연하는듯 싱크로율 100%,1
마이클,마이클잭슨의 전기를 볼수있어 좋았어요,1
마이클,명곡들을 들어서 좋았고 마이클의 모습이 너무 아프네요! 근데 뭔가 뚝 끊기는 느낌!,1
마이클,머리부터 발끝까지 모든 움직임이 역사였던 위대한 뮤지션.,1
마이클,"마이클 잭슨을 느낄 수 있어 좋았어요
근데 먼가 이야기를 하다 만 느낌이라 아쉬웠어요
마이클 잭슨을 인간적으로 다룬 일대기를 그린 영화를 또 볼 수 있으면 좋겠어요",1
마이클,영화 관람했습니다 영화 관람했습니다,1
마이클,"마이클의 삶을 그대로 담기엔 아직도 너무 많은 이해관계가 엮여있어서 일까요

뮤직비디오가 더 낫다고 생각을 합니다...",1
마이클,마이클 잭슨의 멋진 노래를 들을 기회를 줘서 감사합니다,1
마이클,생에 가장 값진 2시간,1
마이클,마이클 잭슨의 팬이라면…노래만 들어도 너무 좋았다,1
마이클,마지막 종료부분이 진행중에 끝난듯 느껴져서 아쉽습니다,0
마이클,"ㅈ같네요 포스터 받으러 갔더니 불친절하고
미리 신청안했다고 그냥 가라네요 
영화보고 포스터도 미리 신청도 해야하고 이러니 영화관을 안가게되지요",1
마이클,재밌고 쉬웠습니다 후속편 기다립니다,1
마이클,영화 스토리는 단순합니다. 뮤직비디오 같은 느낌으로 보새요,1
마이클,영화 관람했습니다 영화 관람했습니다,1
마이클,영화 잘 보았는데 보다만 느낌..,1
마이클,히트곡 메들리. 그것으로 끝,1
마이클,한세대에 살았던것 만으로 자랑스러운,1
마이클,노래 제대로 듣고 왔어요.,1
마이클,음악이 정말 좋았다. 큰 화면으로 뮤비 보는 느낌이었다.,1
마이클,"마이클잭슨의 공연을 본 느낌이에요~
스토리 전개, 배우의 연기, 음향효과가 무대에 몰입하게 했던거같아요",1
마이클,보는내내 눈과 귀가 즐거웠습니다,1
마이클,빠진 서사를 음악이 가득 매운다.,1
마이클,노래 좋았어요 스토리는 지루,1
마이클,"영화가 사뭇 조심스럽고 나이브한 시선으로 진행되지만, 워낙 연관된 인물들이 많고 영화화 조건도 복잡했을 테니 어쩔 수 없었겠다 싶다. 공연 장면은 다들 최선을 다함. 마이클 잭슨 팬이라면 봐야지.",1
마이클,10점 만점에 8점 이상을 줄정도임. 단 개인차지만 약간 지루한 느낌이 있었음,1
마이클,영화 관람했습니다 영화 관람했습니다,1
마이클,우선 음악이 넘 좋았어요 감동포인트도 있고 재밌게 봤어요,1
마이클,마잭영화는 선물이죠~재밌게 봤습니다.,1
마이클,영화 관람했습니다 영화 관람했습니다,1
마이클,마이클 재밌게 잘봤어요,1
마이클,마이클 잭슨 팬으로 2탄 기대합니다,1
마이클,"와 정말 마이크는 천재였구나
너무 빨리 간 것이 너무나 아쉬운 뮤지션
물들어올때 노젓는거 맞지만 그것고 적당해야 한다는 교훈을 얻었다. 그냥 볼만 했어요 4dx로 봤는데 굳이? 필요없을듯",1
마이클,"스토리가 없어서 좀 별로였지만
음악은 너무 좋았어요
2편 나오면 보러가고싶긴한데
스토리좀 어떻게 해줘요 ㅡㅡ;;
마이클잭슨은 정말 천재였다!!!",1
마이클,공연보듯이 보면 이것만큼 재밌을수가 없음,1
마이클,이런 배경 스토리가 있었는지.. 하늘은 천재를 그냥 내버려두지 않네요 가족은 사랑이 되기도 걸림돌이 되기도 그래서 성공했는지도,1
마이클,"역시 혈육이네요 ㅎㅎ 
연기 좋았습니다",1
마이클,"Bad 공연 장면에서 왜 눈물이...
제 주변 분들도 눈물을 훔치시더군요.
음악을 듣는 것 만으로도 영화 볼 가치가 있다고 생각합니다.",1
마이클,마이클이 보고 싶네요,1
마이클,마이클이 그리워요...!! 또 보고 싶습니다.,1
마이클,"마이클에 대해 다시 알게되는 좋은 영화엿어요 
그이 외로움을 같이 느끼고 그의 열정을 공감해요 
배우들의 싱크로율 최고입니다",1
마이클,영화는 잼나게 구성된건 맞아요..마지막이 더재미있어지겟다 싶었는데 끝나내요 ㅎㅎ,1
마이클,정말 재미있게 잘 봤어요,1
마이클,내한공연의 추억을 갖고 가족과함께 즐겁게 봤어요~^^,1
마이클,"나의 어린 시절이 떠올라...많이 울면서 봤다. 그리고 마이클에 대해서도 잘 몰랐다가 이제야 알아가는 느낌이다. 굳바이, 마이클...",1
마이클,큰화면에서 빵빵한 사운드로 즐기는 감동적인 시간이었습니다.여러번 봐도 좋네요,1
마이클,마이클의 음악은 영원하다는 것을 다시 한번 증명할수있다.,1
마이클,기대안하고 봤는데 볼만하네요 음악이 좋네요,1
마이클,중간중간에 나오는 마이클 잭슨 노래가 너무 짧았지만 좋았어요,1
마이클,진짜 너무 재밌어요..🔥👍,1
마이클,"마이클잭슨이 재림한 줄 알았다.
가장 찬란했던 순간, 스스로 일어나 최고가 된 그 순간을 함께 해서 좋았다.",1
마이클,마이클 영화 재밌습니드,1
마이클,어렸을 때부터 아버지에게 혹독한 훈련을 받아 노래 실력을 키운 잭슨 5 그룹은 지방에서 공연하다가 점차 큰 무대에서 노래를 부르며 잠시 다른 유명한 가수가 쉬는 시간에 노래를 부르다가 모타운에서 나온 ..,1
마이클,최고의 가수~ 너무 좋았습니다!:),1
마이클,좋았어요 재밌게 잘 봤습니다,1
마이클,보는 내내 마음이 아렸음. 순수한 마이클. 어떤 수식어로도 표현할 수 없는 그의 달란트. 다른 의견은 제쳐 두고 그의 음악만은 정말 빛났습니다. 어떤 스포없이 보러 가서 엔딩에 조금 놀랬네요. 집중하려니 끝남,1
마이클,음악좋고연기좋고재밌어요,1
마이클,"마이클에 대한 좋은 기억만 가질 수 있게 해준 영화.
역시 OST 부분이 젤 좋았어요.",1
마이클,스토리 60점 음악 580000점,1
마이클,"프로정신이 무언지 기깔나게 보여줌. 
꿈꾸는 피터팬의 음악 여정의 희노애락이 진하게 느껴졌다.",1
마이클,말이 필요없는 최고의 영화입니다,1
마이클,"많은 단점들..
위대한 음악으로 커버",1
마이클,"마이클 잭슨의 일대기 였는데
완전꿀잼 끝나고도 못나가겠음
또보러가야지 
빌리진&스릴러 노래 다좋았음",1
마이클,마이클 잭슨의 노래를 극장에서 듣는다는 건 좋은데 딱 그거 하나만 특징인 영화,1
마이클,세기의 아티스트 !!! 재밌게 잘 봣어요.,1
마이클,역시 나의 우상 마이클 다음영화도 기대됩니다.,1
마이클,오랜만에 감성에 빠졌네요 좋았습니다,1
마이클,옛 기억을 찾을 수 있어요 좋아요,1
마이클,노래로 시작하여서 노래로 끝나는 영화이고 보는 내내 황홀했어요,1
마이클,너무좋았어요 똑같아서 소름돋음,1
마이클,영화 관람했습니다 영화 관람했습니다,1
마이클,일대기를 영화한건 이제 그만해야될듯.음악만 좋았음.위플래쉬가 보고싶은건 나만 그런가.위플래쉬2를 기대해본다,0
마이클,20년의 세월을 2시간으로. 마이클의 음악으로 1시간처럼 느껴진다.,1
마이클,마잭 팬분들은 무조건 관람하세요~!!,1
마이클,평범했습니다~ 마이클잭슨 노래를 많이 알수록 더 재밌게 볼 것 같아요,1
마이클,시대를 추억하는 방법,1
마이클,"세기의 슈퍼스타 마이클 잭슨에 대한 영화를 볼 수
있어서 좋았습니다 몰랐던 가족간 갈등도 알 수 있었고
마이클잭슨에 대한 전반적인 이야기를 알 게 되어
좋았습니다...!",1
마이클,너무 실망스러움(할말도 잃음),0
마이클,그의 이름과 ost를 듣고 가슴이 웅장해짐..,1
마이클,"즐거운 음악영화
진실은 어떤지 몰라도.. 잘 모르는 사람이 보기엔 충분히 느껴지는 무언가가 있었습니다.",1
마이클,"아이와 함께 보았는데 
감동적이고 재밌었다고 하네요 
저는 한동안 마이클잭슨 노래만 듣게 될꺼 같습니다",1
마이클,일단 무조건 관람 해야하는건 맞음^^허나 뭔가~~~허전?한건 뭐지용?ㅡㅡ2편을 기대하며~~~,1
마이클,갑자기 끝난감이 있지만 매잭의 화려함에 압도된,1
마이클,보는데 자꾸 눈물이 나왔습니다……살아있었다면 얼마나 좋았을 생각과..한편으로는 혼자 얼마나 힘들었을까….,1
마이클,뭔가 아쉬운데 아쉽다! 영상을 찾아보고 싶은 욕구만 넘쳤던 무언가,1
마이클,적당히 볼만합니다.,1
마이클,"그저 빛, 콘서트를 경험한 듯.
그의 노래만으로도 충분히 가치있는 영화!
또 보고싶다 ♡",1
마이클,늘 좋아하고 늘 그리워하는 마이클잭슨을 영화로나마 다시 볼 수 있게되어 너무 감동적이였고 마이클을 연기한 자파잭슨도 연기 잘해줘서 더욱더 몰입감이 최고였습니다,1
마이클,정말 재밌게 잘봤습니다.,1
마이클,"옛날 감성이 새록새록 나네요
고인의 명복을빕니다ㅠ",1
마이클,한편값냈는데 1막하고 끝났네요!!,1
마이클,마이클너무나도♥???,1
마이클,시간 가는 줄 모르고 봤어요!,1
마이클,"잘 몰랐던 마이클잭슨에 대해 알게되는 영화.
재밌게 잘 봤습니다~",1
마이클,재미있어요.허나 제가 아는 유명한 노래가 별루 안 나왔어요.,1
마이클,퀸에 이어서 잘보았고 마이클잭슨의 어릴적 성장과정과 음악의 깊이등등 생생하게 알수있었고 배우의 춤 노래 안무까지 연기가 마이클잭슨과 너무비슷해서 좋았습니다. 음악도 좋았고 2탄도 나올거 같네요👍,1
마이클,"마이클 잭슨의 팬이라면! 
마이클 잭슨의 노래를 들어봤다면!
마이클 잭슨이 궁금하다면!
모두에게 추천합니다!
전개가 아쉽지만
연기와 노래는 넘사!!",1
마이클,조이보이 마이클 잭슨!,1
마이클,"개인적으론 영화도 별로였고, 음악 영화인데 1시간 내내 팝콘 먹는 소리가 계속 뒤에서 나서 그냥 중간에 영화관 탈출함;;;",0
마이클,음악 부분 빼면 지난 연말 방송했던 벌거벗은 세계사 재연 같은 느낌이 들었다. 주요 인물들의 비주얼 싱크로율과 뮤직 비디오 재현에 공들인 건 인정하지만 속편 만들 영화치고 너무 안이하게 연출한 것 같다.,0
마이클,마이클잭슨의 명곡을 듣는것만으로도 좋았어요,1
마이클,오마이갓 그가 그립습니다,1
마이클,"그가 살아온 스토리 음악 모든게 존경합니다.
응원합니다.",1
마이클,잘보고갑니다 ㅎㅎㅎ,1
마이클,"영화 자체는 아쉬운 점이 많지만, 상영시간 내내 입이 떡 벌어지고 둠칫둠칫 발이 멈출 새가 없다",1
마이클,마 이 클 ! 설레이는 그 이름 석자~ 다양한 곡을 즐길수있어 좋았음!,1
마이클,슈퍼 스타의 개인사를 알게 됐네~ 음악을 사랑한 천재 스타~~,1
마이클,스토리가 빈약해서 아쉬웠지만 무대연출 및 사운드 좋았어요,1
마이클,마이클 잭슨 노래를 영화관에서 들으니 새롭고 더 신났어요.,1
마이클,다시보니 마이클 너무 좋네요 그 어린시절 부터 그 무게가 넘 힘이들었겠네 다시없을 슈퍼스타,1
마이클,그냥 마이클 노래 춤 추고 그런 거 밖에 없음 정작 중요한 아동성추행의 억울함은 나오지도 않음.,1
마이클,"언제들어도 좋은 명곡들과
그리운 마이클과 2시간 함께여서
행복했 습니다.",1
마이클,"선한 영향력을 주고 떠났던 마이클 잭슨을 추모하며 
다시 보게되는영화. 내가 힘들때 외로울때 내이름을 부르면
있을거라고 위로한 잭슨을 보고싶은 장면 
꼭 관람 해주시길",1
마이클,어머니랑 같이 갔는데 아주 재밌게 봤다고 하시네요.,1
마이클,실제 마이클잭슨과 비슷한 비쥬얼을 가진 배우(아역 마이클도 너무 귀여웠어요ㅠㅠ)의 훌륭한 연기와 춤실력 때문에 몰입감이 엄청났어요!!! 중간중간 슬픈 장면 있었지만 너무나 감동적이었습니다!,1
마이클,마이클잭슨의 명곡들과 함께한 2시간이 너무 행복했습니다👍,1
마이클,영화는 다소 평면적이나 그래도 MJ팬에게는 너무나 큰 선물같은 영화. 자파 잭슨은 칭찬을 안할 수가 없는데 뒤로 갈수록 고인의 재림한 줄 알았음.,1
마이클,"스토리를 알고 있는 상태에서 기대감 없이 보았는데…
이질감없는 연기와 음악…
그가 참 애처롭고.. 보고싶다. 오늘은 종일 그의 노래를, 그의 영상을 보고 있네.",1
마이클,마이클잭슨의 명곡을 큰 영사으로 볼수있어 좋아요,1
마이클,재미있게 잘 봤습니다.,1
마이클,재미있게 잘 봤습니다.,1
마이클,배우의 노력과 실력에 감탄을.. 알지 못했던 뒷얘기에 안타까움을.. 스크린에 펼쳐진 멋진 노래와 무대에 박수를,1
마이클,노래 꽤 좋아요 둠칫둠칫,1
마이클,"넙ㅇ펑벙번번버넌법ㅂㅓ$.,,,",1
마이클,"세상의 빛이 되어 준 마이클 잭슨!
이 세상은 아직도 전쟁 중인데, 언제 평화가 올런 지..
천재적 음악성과 춤 뿐만 아니라 착한 심성까지 갖춘
그의 모든 것을 사랑합니다. 그가 그리운 이유입니다. 
2편 컴온!",1
마이클,가슴 한켠이 찡해오는 레전드의 삶,1
마이클,"팝의황제 마이클!
마잭과 동시대에 살았었다는 것, 그의 음악이 나의 가장 행복했던 시기에 함께 했었다는 것에 가슴 벅찼습니다.
우리나라 가수들의 시그니쳐 댄스가 마잭의 것이라 찾아보는 재미도 있어요.",1
마이클,뒤로 갈수록 엄청 신나고 아버지의 대한 통쾌한 복수도 좋았지만. 왠지 2탄 나올거 같아요. 이대로 끝내기엔 뭔가 많이 아쉬워요,1
마이클,안봤으면 후회할뻔요 시간이 어찌가는줄 몰랐어요 😄👍👍,1
마이클,노래도 좋고 재밌었어요!! 마이클 잭슨 세대는 아니어서 잘 몰랐는데 알기쉽고 재밌어서 좋았어요,1
마이클,노래도 좋고 재밌었어요!! 마이클 잭슨 세대는 아니어서 잘 몰랐는데 알기쉽고 재밌어서 좋았어요,1
마이클,마이클잭슨 팬으로서 정말 재밌게 봤습니다. 2편에 대한 여운을 남긴 것 같은데 꼭 나오면 좋겠습니다.,1
마이클,영화를 보는 내내 어릴적 귀에 익숙했던 음악과 나의 모습이 기억속에서 스크린으로 소환되었다.,1
마이클,마이클 잭슨의 뒷배경을 알려주는 영화 지독하게 착한 사람ㅠ,1
마이클,주인공의 마이클 잭슨 싱크로율에 깜짝 놀랐어요. 플롯은 아버지와의 관계 설에 비중이 높아 아쉬웠어요. 토요일 오후 7시20분 274석 규모에 관객이 20명 밖에 안 돼 조용하게 관람했어요.,1
마이클,잊혀진 스타에대한 스토리 좋았어요,1
마이클,아기자기한 스토리 전개,1
마이클,마무리가 조금 아쉬웠지만 다음 이야기가 나올수도 있다고하니 괜찮았어요. 오히려 절정기의 마이클잭슨 스토리로 끝나 오히려 좋았습니다. 그의 지난 앨범 수록곡들을 스크린에서 감상할수 있어 만족합니다.,1
마이클,사운드가 너무 좋고 감동이었음,1
마이클,잘 만들었네요 잘봤습니다,1
마이클,영화 잘 봤습니다. 좋았습니다.,1
마이클,돌비 애트모스에서 봐서 후반 콘서트 장면들은 정말 현장감 넘치게 봤음!! 배우들 연기도 좋고 음악적인 부분은 말할 것도 없는데 콘서트 장면 말고는 히트곡들이 좀 빠르게 주르륵 지나간 느낌이라 살짝 아쉽.,1
마이클,할인받아서 보기 딱 좋은 영화,0
마이클,"마이클 잭슨은 인간의 영역을 벗어난 존재이다.
그야말로 노래와 춤의 천재라는 사실을 재확인한 시간이었다.",1
마이클,마이클 연기 넘 좋았어요,1
마이클,"별 기대없이 막연하게 팔십년대 마이클의 절대적인
미국 흑인가수에 추억을 되새기며 봤는데
기대 이상이고 콘서트장에서 보는듯한 몰입감을
느낄 수 있는 시간이었다 한 마디로 굿~",1
마이클,시간가는줄 모르고 몰입해서 봤네요,1
마이클,"프리미엄 시사회로 <마이클>을 먼저 만나보고 왔습니다. 결론부터 말하자면, 마이클 잭슨의 열성 팬이든 아니든 그의 음악을 한 번이라도 들어본 사람이라면 극장에서 볼 가치가 충분한 영화입니다.",1
마이클,실제로마이클잭슨같은연기를하는것같아서좋았어요. 후편도기대가되요,1
마이클,큰기대 안하고 갔었는데 몰입해서 잘 보고 왔어요 어릴적부터 많이 듣던 음악들이라...굿굿! 가기전에 살짝 듣고 알았던 가족사..는 막상 보고나니 정말마음 아팠네요.,1
마이클,잼나게 잘봤습니다.굿,1
마이클,잼나게 잘봤습니다.굿,1
마이클,세계적인 스타 마이클이 너무 외로웠을거라 생각이 들었지만 귀는 호강했습니다!,1
마이클,천재적인 재능을 볼 수 있었던 구성과 몰입감 좋았어요^^,1
마이클,아쉬운 점도 많지만.. 좋았다,1
마이클,"마이클보고싶네용
2탄이나올꺼같은느낌",1
마이클,정말 잘 봤어요 마이클 잭슨..어린시절이 불쌍했어요,1
마이클,"세계적인 슈퍼스타의 천재성과 노력을 느낄 수 있었고 
무엇보다 그의 노래와 댄스는 넘사벽",1
마이클,그는 얼마나 외로웠을까..,1
마이클,그의 노래를 온 몸과 마음으로 이해해 버렸다. 그럼에도 영화를 보는 내내 눈물이 멈추지 않았던 수많은 이유를 설명할 수 없다. 많은 이에게 각자의 삶의 이유를 찾아줄 것이다. 부디 당신도 그러하길.,1
마이클,재미있게 봤어요.무대도 너무 신났어요,1
마이클,"시간이 언제 지났는지 모를 정도로 너무 좋았어요 
음악과함께 절로 몸을 흔들고 싶어져서 스텐딩콘서트장이었으면 더 좋겠다는 생각에 다음편이 기다려져요",1
마이클,월드스타의 이야기라 더 재밌게 봤어요~,1
마이클,보헤미안 랩소디보단 부족하지만 마이클잭슨의 팬으로 보기엔 행복한 시간이었습니다..,1
마이클,"너무너무 잼있게 봤습니다.
꼭 극장에서 보는거 강추
후속작 기대해봅니다.",1
마이클,"너무너무 잼있게 봤습니다.
꼭 극장에서 보는거 강추
후속작 기대해봅니다.",1
마이클,마이클 잭슨의 환생급 싱크로,1
마이클,"마이클
12세 관람가
2026.05.14(목) 11:10~13:27

용산아이파크몰 IMAX관

아이맥스",1
마이클,몰입하면서 봤어요 짱!,1
마이클,"팝의 황제 마이클 잭슨의 일대기를 그린 영화 잘 봤네요.
78년부터 팝을 듣기 시작했는데 빌리진, 빗잇, 스릴러 등은 
당시 쇼킹한 반응이었죠. 사기꾼들, 약물투여 등 안좋은 내용은 
좀 걸러내며 만든 듯 하네요.",1
마이클,"멋져요 전설을 이렇게라도 만날수있어서 뜨거운영화ㅠㅠ
아쉽고안타까운, 못다한이야기가 기대되네요",1
마이클,보는내내 마이클잭슨이 그리워 지내요 음악도 연기도 영상도 모두 최고였습니다,1
마이클,진정한 슈퍼스타의 성장기가 너무 마음이 아프게 다가왔고 보는내내 그의 목소리를 듣는것만으로도 볼 가치가 있는 영화란 생각이 듭니다,1
마이클,한 번쯤은 볼만하다.,1
마이클,"속편이 기대되고, 이때는 마이클 잭슨 목소리로 노래를 더빙하면 좋을 것 같아요. 마이클을 대신할 만한 사람이 누가 있을까요.",1
마이클,간만에 아주 즐겁게 보고 왔습니다,1
마이클,용아멕으로다시봐야겠당!!!,1
마이클,그가 그리워지는 날이네요,1
마이클,"프레디머큐리 만든팀이 만들어서 재밌게 봤습니다.
마이클잭슨이 실제로 살아 돌아 온거 같은 기분이 들었고 실제 조카가 연기 해서 추억의 모습을 볼 수 있어 좋았고 다음 후속작이 기대가 됩니다.",1
마이클,"너무 몰입해서 잘봤어요. 배우들 연기가 굿입니다.
마이클잭슨 너무 일찍 세상을 떠났네요.",1
마이클,마이클세대라면… 많이 아쉽네요,1
마이클,"음악과 배우들의 연기가 잘 조합되어 있어서
몰입감 최고임~",1
마이클,이 영화로 마이클잭슨의 유년시절을 알수있게 되었네요...,1
마이클,너무 일찍 가버린 마이클을 안타까워하며,1
마이클,"춤과 노래가 마이클 잭슨과 똑같아야 된다는 기준이 아니면 최고의 영화다.
마이클 잭슨의 춤선과 미성하이테너 고음이 더 그립다.",1
마이클,"보는 내내 아주 즐겁고 기분좋았어요
노래들도 넘 좋아요~",1
마이클,"마이클잭슨 인물에대해 다시버눈 계기가 되고
4DX초 꼭 보셈 몰입감 최고",1
마이클,좋은 노래 듣고 와서 좋았네요,1
마이클,최고의 영화.. 마이클 잭슨을 사랑하거나 알아가고 싶은 분들께 강력 추천 합니다. 마잭의 유년기부터 리즈시절 도약까지의 서사를 섬세하게 묘사한 걸작,1
마이클,"마이클잭슨 그는진정한 킹오브더팝!이네요
자파잭슨 마이클잭슨과 싱크로율 백퍼!
빌리진. 빗잇. 휴먼내쳐. 배드까지
다음편도 꼭 나오길 바래요.
마이클잭슨 전기 영화 중 최고!",1
마이클,음악감상만으로도 충분한 가치가,1
마이클,"감동의물결이 넘쳐서 보는내내 눈물이낫네요 ㅎ
너무잘봣습니다",1
마이클,하.. mj에게 무슨짓을한거냐.. 이럴꺼면히트송만들어도될것을.. 죽어서도상업에이용되는.. 너무하네..,0
마이클,"벌써 끝?
시간 겁나 일찍감
마이클잭슨의 일생을 영화 한편에 담아내기엔 너무 큰사람이었으리라..
2탄 3탄도 나오길..
다 볼 준비되어있음",1
마이클,특유의 마잭만의 리듬이 나올땐 내심장도 두근두근 했다 무대를 구현한건 재밌었는데 그의 일대기는 너무 평면적으로 그냥 교과서내용같이 다뤄진점이 좀아쉬웠다,1
마이클,"이리저리 말 많지만 볼만했다. 영화내용만 봤을 땐, 모질지 않고 순수한 영혼을 가진 사람으로 보인다.",1
마이클,노래가 좋아 즐겁게 봤어요 근데 끝이 좀 아쉽네요,1
마이클,가장 불행한 것은 어린나이에 출세하는 것이다,1
마이클,"떼창하고 싶은거 꾹 참있네요~ 누구보다 음악을 사랑했고, 가족을 이해하려했고, 도전한 사람! 재미있었어요",1
마이클,마이클 잭슨의 추억의노래 많이 감상했고 좋았습니다.,1
마이클,같은 시대를 공유 했던 음악을 들으니 더 재밌게 보았네요 그의 죽음에 깊은 애도를 ...,1
마이클,스크린x공연 최고에요,1
마이클,아쉬운 요소가 없는 건 아니지만 즐거운 뮤직비디오였습니다.,1
마이클,마이클잭슨이 살아온 듯 배우들의 연기력과 몰입감이 좋은작품이네요. 재미있게 관람했습니다.,1
마이클,한동안 마이클 잭슨 노래만 듣겠네요,1
마이클,지루할틈없이 너무 재밌는 영화,1
마이클,크...오랜만에 영화다운 영화본거같네요ㅎㅎ,1
마이클,공연 장면은 최고였어요~,1
마이클,"마이클잭슨의 인생을 다 담기에는 너무 길었는지 갑자기 끝난 느낌이었어요. 노래도 너무 좋고 재미있어서 두시간 넘은지도 몰랐고, 오~드디어~하면서 보는데 급엔딩 이었던지라 너무 아쉬웠네요.다들 어리둥절",1
마이클,시간가는줄모르고 보았어요,1
마이클,"기다리던 영화라 개봉첫날 봄
마이클잭슨의 목소리 춤을 보고 듣는것처럼 
연기도 좋았고 영화내내 명곡을 들으며 
감동과 뭉클함으로 끝나고도 여운이 남고 빨리 시즌2
개봉 고고!",1
마이클,마이클잭슨을 사랑할 수밖에 없는 마이클영화!!,1
마이클,"영화보고 마이클에 대해 더 찾아보게 되네요.
다음 속편도 기다릴게요.",1
마이클,2시간동안에 들려오는 마이클잭슨 노래와 2시간동안 휘몰아치는 마이클잭슨의 이야기,1
마이클,재밌게봤어요. 노래도 넘좋네요,1
마이클,"마이클 잭슨 스토리를 영화한편에 다 못담아서 2가 나오는게 맞는 영화입니다.
끝이 너무 아쉽습니다. 영화가 끝나고 스릴러와 비트잇 뮤직비디오를 들으니 너무 좋습니다.",1
마이클,마이클잭슨이 살아났다~~,1
마이클,즐겁게보다 엔딩이좀 아쉽긴했지만 여운이남네요,1
마이클,알려지지 않은 마이클의 과거를 돌아보니 좋았네요,1
마이클,예전 마이클이면 다들 아실듯,1
마이클,마이클 잭슨의 성장일기,1
마이클,히트곡 듣는 재미 잇어서 좋앗어요,1
마이클,어릴 때 사촌형의카세트헤드폰으로 듣고 이런 노래가 있나 깜짝놀랐던 때가 있었다 80년대 초반쯤 이었나 마이클이 떠난지 17년이나 됐는데 그가 다시 살아있는 것 같은 느낌이 영화를 보면서 느껴졌다,1
마이클,"잭슨을 회상하는 기회는 되었지만 빌리진 말라고 아는 노래가 없어 서운했음
쟄슨의 어린시절을 보는 것만으로 집중해서 봤는데 사실이 아니라는 딸의 유튜브 영상을 보고나니 섭쓸한 기분이 드네요",1
마이클,"아티스트가 성장하는 과정을 볼수있어서 좋았고요
모르던 사실들도 알게 되어서 뜻깊었던 시간이였습니다(아이같이 맑은 분이셨네요)
콘서트 보는 기분이였고요
영상도 음악도 배우 연기도 다 좋았습니다",1
마이클,지구 역사상 최고의 가수가 선보이는 퍼포먼스 그 자체로 벅찬 감동이 몰려온다,1
마이클,재밌게 관람했습니다 볼만했어요,1
마이클,영화의 방향이 제가 생각했던 것과는 완전히 달랐어요. 보헤미안 랩소디를 정말 감명 깊게 잘 봤는데 이번 영화는 전혀 그렇지 못했습니다실제 마이클 잭슨과 닮은 배우를 보는 것 말고는 많이 실망스러웠습니다,1
마이클,왠지 음악을 듣다 보니 눈물이 났다. 마이클 최고.,1
마이클,"마 이클 잭슨은 전설이다
이 전엔 왜 몰랐을까
클 때는 몰랐지 우리 잭슨이형",1
마이클,"잼있어요
노래도 좋고 스토리라인도 좋고",1
마이클,"마이클 젝슨의 이릴적부터 성장 하는 모습들 보여주는 재밌는 영화예요 . 배우가 춤을 너무 잘해서 순간 마이클 같았어요 . 배우 잘 맞네요 , 연기를 잘했어요,목소리 부터 몸체력 가지 닮네요 . 영화가 재밌어요 .",1
마이클,"🙏 마이클 잭슨 일생의 33.333% 만 다룬 영화
그러나 영화 제목이 마이클"" 인 이유를 100% 보여준 영화",1
마이클,"마이클 잭슨 공연을 본듯한 느낌...
스크린으로 부활한 잭슨 공연 넘 좋았습니다.",1
마이클,2탄이 나온다는 건지 만다는건지 끝이 좀,1
마이클,"역시 팝의 황제를 다룬 스토리답게 유년,청년기 초의 내용만으로도 흡인력이 충분했다. 장년,중년기를 다룰 2편이 더욱 기대된다.",1
마이클,"전설이 부활한듯...
 눈물나도록 감동적이였다",1
마이클,역시 마이클 잭슨!,1
마이클,월래는 마이클에 잘 몰랐는데 보니까 너무 멋있고 노래가 좋아서 몰입해서 봤네요~👏🏼👍🏼,1
마이클,좋은 노래 좋은 영화 입니다,1
마이클,위대한 음악인이 너무 일찍 떠나 안타깝네요.~^^,1
마이클,"굿굿!!시간 순삭~
재밌게 봤어요 ^^♡♡",1
마이클,마이클2가 나오나 급하게 끊은기분. 마이클잭슨과 동시대를 살았던1인.,1
마이클,솔직히 영화 자체로는 아쉬웠어요. 춤도 마이클 자체가 넘사벽이었고.. 하지만 마이클을 추억할 수 있는것으로만도 대만족..,1
마이클,최고의 음악영화입니다~~^^👍👍👍,1
마이클,넘 착하고 불쌍한 비운의 천재 마이클 다신 못 본다는게 슬프다.,1
마이클,프린스는 퍼플레인의 작곡가이다,1
마이클,처음에 좀 이질감이 있었지만 점점 클라이막스로 가면서 황제다웠어요,1
마이클,음악 감상과 함께 너무 좋은 시간이았어요,1
마이클,영원한 나의 천마 마이클 잭슨,1
마이클,아맥으로 보길 잘 했어요. 다음 편도 기대됩니다.,1
마이클,"너무 감동적이고 지금 들어도 울컥하네요.
마이클잭슨의 춤도 넘 맛있고 뮤직비디오를 처음 만들어낸 천재적 아티스트입니다.",1
마이클,화려함 이면에 감춰진 그의 혹독한 현실이 자파 잭슨의 경이로운 연기를 통해 고스란히 되살아난다. 마치 진짜 마이클이 찾아와 공연한 듯한 착각과 전율을 일으킨다.,1
마이클,"앞으로 이런 아티스트는 다시보기 힘들듯..RIP, MJ",1
마이클,마이클 보고싶다 나의 영웅,1
마이클,마이클 잭슨의 부활? 인물 재현이 너무 좋았습니딘.,1
마이클,마이클 잭슨 사랑해….💕,1
마이클,"마이클 잭슨 형님
감사합니다.",1
마이클,"너무너무재밌고연기력 최최고
마이클사랑해요
시간이가는줄몰랐어요
끝날때아쉬움ㅜㅜ",1
마이클,마이클잭슨이 살아있었으면...좋겠다,1
마이클,마이클들은 정말 대단해요,1
마이클,한편의 뮤지컬 같았어요!! 노래는 너무 좋았고 마이클 삶은 너무 안타깝고 슬프네요ㅠ,1
마이클,"올 해 유니버설은 두 번 연속 누더기 영화를 가져왔다.
불안하다. . .내 최애 영화사인데",1
마이클,효도템으로 good !,1
마이클,고령이신 어머니께서도 좋아하신 가수라서 예고편이 나왔을때부터 관람 예정이였고 오늘 관람했는데 생각보다 더 감동이 있었고 어머니께서도 너무 좋아하십니다...최고였습니다...,1
마이클,마이클 잭슨을 그리며..마이클 형을 기억하는 세대는 볼만한 영화~,1
마이클,"아이들과 같이 시간가는지 모르게 본 영화~눈과 귀도 즐겁고 저절로 흥이 나는 영화
영화가 끝나 자막이 나오는데도 끝까지 보고 싶은 영화~
50대 아줌마의 가슴 설레는 또 보고 싶은 영화~",1
마이클,최고에유!2편 나왔으면 좋겠네요,1
마이클,익히 알고있는 아티스트라 잘 봤음.,1
마이클,감동입니다 노래가 좋아요,1
마이클,엄청난 영화입니다 감동 감동,1
마이클,마이클 잭슨 센세가 부활한듯 했다. 그거면 충분하다.,1
마이클,천재영웅 최고에요~다음편도 기대되요~,1
마이클,참으로 아름다운 시절의...,1
마이클,마이클의 콘서트를 즐기고 나온 느낌의 영화~^^,1
마이클,"우리가 알던 팝의 황제
그이름을 알리게되는 과정
가족이라는이름으로 아버지의 욕심을 채우며
가족을 힘들게하는 부정
그곳을 벗어나 자신만의 꿈을 펼쳐가는 인간승리",1
마이클,재밌게 봤습니다 마이클 잭슨의 영화이니까 노래가 더 좋았던거 같습니다,1
마이클,너무 재밌어요ㅜㅜ 벌써 두번 봤습니다,1
마이클,"자파잭슨, 줄리아노 크루발리의 싱크로율은 최고
특히 줄리아노 크루발리는 소름이였음

하지만 이 영화의 제작스토리 이슈로 인해 전기영화가 아닌 영광만을 다룬 음악영화가 된 것 같음",1
마이클,마이클 잭슨의 연대기 영화,1
마이클,음향 빵빵하니 좋았음,1
마이클,좋아요 쨈나요——-,1
마이클,올해 레전드 인생영호ㅏ 미쳤음 ㅠㅠ 극장에서봐야 몰입감이 대박일거예요,1
마이클,"재미있지도 없지도 않은 영화.
친구따라 갔는데 영화 이후 술자리만 기다리다 끝남",0
마이클,그리움은 점점 모여서 기억들은 너를 만들고,1
마이클,그냥 마이클이 영화를 살렸다,1
마이클,"주옥같은 명곡을 더 듣을수 없다는게 너무 안타까워요~~
몸에서 나오는 바이브 목소리 춤 진짜 마이클을 따라오진
않지만 다시 그의 노'래를 들으러 갑니다~~",1
마이클,와... 진짜.. 영화시작할때 도입에 마이클잭슨 특유의 소리 나왔을때부터 이미 소오오오름..마이클잭슨의 정말 좋은 공연을 좋은 음향으로 조금이나마 감상할 수 있어서 너무 행복했습니다,1
마이클,영화로 다시 만나는 주인공!,1
마이클,오래만에 멋진 공연 본것같아요,1
마이클,스토리나 서사는 단순하고 아쉬운 점이 많았지만 그래도 마이클이다,1
마이클,백년에 한번 나올까말까한 최고의 아티스트! 조카가 마이클을 연기하기 위해 무한한 노력을 했을거같습니다. 그 시절이 그립네요!!,1
마이클,마이클 잭슨 잘봤습니다,1
마이클,미이클의 가정사와 그의 아버지 가부장아버지의 잘못된 사고로인해 마이클의 고충또한 함께 보았네요,1
마이클,재밋엇습니다 음악으로 귀가 즐거웟어요 추천,1
마이클,굴곡이 있더라도 신화는 계속 되어야 한다,1
마이클,서사쪽 이야기가 조금 아쉬웠지만 무대 연출은 정말 재밌게 봤습니다!!,1
마이클,콘서트를 본 기분입니다. 음악이 너뮤 좋아서 집중해서 잘 봤어요! 추천합니다.,1
마이클,듣고싶은 노래들이 더 있는데…,1
마이클,불편한 어린시절 하지만그의 음악은 영원하길. 배우가 몰입을 방해함,1
마이클,몰입감이 좋았습니다.,1
마이클,마이클잭슨 음악좋아한다면 추천합니다,1
마이클,마지막 런던공연후 급종료되는건 좀 아쉽다.,0
마이클,마이클을 다시 만난것처럼 싱크로율이 높아 몰입감 최고였음.. 빨리 2부 나오길 기대 ㅋㅋ,1
마이클,"보헤미안랩소디 
그리고 마이클 ㅎㅎ
재밌습니다",1
마이클,아이랑함께~~마이클잭슨♡,1
마이클,너무 재밌게 잘봤습니다,1
마이클,추억이 많은 마이클 잭슨! 그런데 왜 생을 마감할 때까지 그에 이야기를 보여주지 않았는지...1991년 블랙 오어 와이트가 더 명반인데...,1
마이클,너무 좋은영화 노래도 최고입니다ㅎㅎ,1
마이클,재밌게 잘 봤어요 ^-^,1
마이클,마이클 노래를 큰 영화관에서 좋은 사운드로 들을수있는 기회,1
마이클,진짜 마이클잭슨이 살아 돌아온줄 알았어요 배우들 캐스팅이 진짜 찰떡..!! 마이클잭슨 노래를 스크린으로 들어서 더 감동 근데 마이클잭슨의 중력거부 기울어지는 춤 못봐서 아쉬웠어요,1
마이클,Not Bad :),1
마이클,영화 정말 좋았음 마이클 쟉슨역의 배웅하 마이클잭슨의 싱크률이 정말 소름돋을정도 같음,1
마이클,가족과 함께 잘 봤어요~마이클이 일찍 돌아가셔서 아쉽네요.,1
마이클,"너무
보기가좋았습니다.",1
마이클,👍👍👍👍👍👍👍👍👍👍👍👍👍,1
마이클,아우!! 아우!! 아우!!,1
마이클,화려하지만 결핍이 느껴지는 그의 내면에 집중한 스토리와 연출에 집중하다,1
마이클,마이클 잭슨을 대체할 연기자는 없을듯...,1
마이클,조카가 뼈를 갈아 연기한듯한 삼촌의 삶과 노래...감동하고 감사하며 관람했다 꼭!!!용아맥스크린x에서 보시길!!!,1
마이클,마잭!!!퐈이팅 영원한 내사랑,1
마이클,기대반 설렘반... 부모님과 함께 재미나게 잘 봤어요.,1
마이클,그리운 마이클 잭슨...,1
마이클,너무 좋았어요 재밌었어요,1
마이클,Good!!!111,1
마이클,너무 좋았어요 재밌었어요,1
마이클,"돈때문에 일부러 이렇게 끝내고 시리즈 만드나..
마이클잭슨 좋아하는데도 지루하고 별롭니다",0
마이클,내가 즐기던 노래들이 영화화 되고 있다는,1
마이클,"마이클 성공 이면의 아픔 슬픔이 느껴져서
안타까운 마음으로 보았습니다",1
마이클,"오랜만에 마이클의 노래도 듣고 다좋았는데 
2편이 나올듯 갑자기 뚝 끝나버러 황돵했습니다.",1
마이클,"볼만,,,,....",1
마이클,마이클 잭슨을 좋아한다면 말이 필요없음,1
마이클,생전에 빨대 꼽아본 것들이 사후에도 빨대 잘 꼽네..라는 생각하면서 관람한 나도& 제작진도 역하단 생각...근데 또 영화로는 잘 만든거같아서 복잡한 감정. 팬도아닌데 이러니 찐팬들은 어떤 생각을 할까???,0
마이클,스크린으로 마이클을 다시 볼 수 있다는 것만으로도 감개무량했습니다 🥹🎶,1
마이클,"예고편을 못보고 갔었는데, 너무 즐겁게 잘 봤습니다~^^다음 시리즈가 기대됩니다:)",1
마이클,영화보는 내내 명곡에 취해 황홀하기도 안타깝기도 했던 시간.. 안타까운 마이클..극장에 오고싶은 마음이 들게한 영화 시간과 돈이 아깝지 않았고 나랑 같은 마음의 관객들로 꽉찼던 영화관^^,1
마이클,재미있게 잘 봤어요 아역 마이클 완전 최고👍,1
마이클,가족들이랑 같이 즐겁게 봤습니다,1
마이클,"음악과 함께여서 눈과 귀가 즐거운 영화
2편 기대됩니다.
모두 명곡
점점 마이클잭슨 얼굴이 실물과 자연스럽게 닮고 카메라속에서 실물이 있는듯한
순수하고 아이를 사랑하고 베풀줄아는 마이클",1
마이클,"때로는 가족도 장애물이 될 수 있다..책과 동물들을 친구 삼고, 나눌줄 아는 배려심까지 갖춘 재능꾼이었음을 ..",1
마이클,팝의 황제 마이클이 나타난것같다. 마지막 노래허걱!! 자막이 10분동안 올라갈 때 온전히 그의 노래를 불켜질때 까지들어주자 ...안타까운 팝의 황제를 추모하며 ㅠㅠ,1
마이클,기대도 많이 했는데 마이클이 음악을 즐기는 감정도 공감되고 재미나게 잘 봤습니다,1
마이클,마이클 잭슨의 목소리를 듣는 것만으로도...,1
마이클,감동적이였습니다. 끝 마무리가 아쉬어서 후속편을 기대해 봅니다.,1
마이클,강추합니다 넘실감나고 마이클의 과거를 새삼 뒤돌아보게되네요,1
마이클,콘서트 온것 같아요. 스크린X 추천합니다.,1
마이클,"올해 가장 재밌게 본 영화이면서
두 번 이상 보고 싶은 영화예요!!
조카가 마이클을 연기했다던데 너무 잘해서
푹 빠져서 봤어요!!",1
마이클,"마이클의 화려한 면과 화려하지 않은 면을 둘다 보여주는 영화. 

 3시간짜리로 만들었으면 어땠을까하는 아쉬움이 있지만 충분히 만족스럽다.

 스텝롤까지 지루하지않은건 오랜만인듯.",1
마이클,노래가넘적어서 아쉽네요 잘봣아요,0
마이클,"즐거운 음악과 함께 너무 즐거웠어요 
예전의 추억과도 함께 ~~",1
마이클,뭔가 마잭 쇼츠모음집 같다는 말이 정말 공감됨. 음악은 좋지만 스토리나 편집이 많이 아쉬움,1
마이클,고등학생시절 여러 장르의 팝을 즐기던 때 팝의황제 마이클잭슨의 곡들은 뭔가 특별함이 있었다 그 특별한 곡들의 서사를 잘 담아낸것 같아서 보는 내내 지루할 틈이 없었네^^ 4050세대에겐 보석같은 영화!,1
마이클,온가족이 시간가는줄 모르고 즐겁게 봤습니다,1
마이클,"2시간 20분이 어떻게 지나갔는지 모르게 재밌게 봤어요. 재능많은 아티스트가 너무 짧은 생을 마감했다는 사실에 아쉬움이 많았고, 익숙한 멜로디가 자막을 통해 가사가 전달되니 노래를 이해할 수있어 좋았어요",1
마이클,공연은 좋았다 공연만,0
마이클,"마이클의 음악 천재성과 실제 공연 같은 영화 입니다.
음악에 몰입하며 볼수 있는 영화 입니다.",1
마이클,재미있게 잘 보았습니다,1
마이클,마이클이 살아 돌아온줄 알았어요,1
마이클,흐름을 끊는 답답함을 계속보여주다..마지막 5분 88년도보상 해주네..,1
마이클,"그시절 최고였던 귀에 익은 음악들 들으니 더 즐겁고
재미있게 봤습니다.",1
마이클,음악좋고 배우들 연기들도 다 좋은데 뭔가 극적인면이 살짝 아쉽네요.,1
마이클,후속작 빨리 나오면 좋겠아요,1
마이클,영화 관람했습니다 영화 관람했습니다,1
마이클,정말 최고였습니다 팝의 황제,1
마이클,마이클 잭슨 히트곡들과 춤을 보는 재미가 있어요,1
마이클,잘봤습니다.재밌었어요,1
마이클,재밌었어요~~~~^^,1
마이클,잘봤습니다.재밌었어요,1
마이클,가수는 히트곡이 많아야 합니다.,1
마이클,"마이클잭슨을 단 몇프로만이라도 이해할수있었고
음악과 함께 옛추억이 떠올라 더 좋았어요..",1
마이클,배우들의 연기가 좋아요,1
마이클,음악과 춤에 빠져들었다,1
마이클,마치 콘서트를 다녀온 듯~스트레스 해소하고 즐거운 하루를 보상받은 느낌이었습니다. 강추합니다.,1
마이클,"히히-
이히-
후-
아-!",1
마이클,결말이 조금 아쉬웠지만 무대는 즐겼다,1
마이클,"3시간으로 만들어야 할 영화를 반토막 낸 영화
영화연출과 스토리 접근법은 안타까웠다.
마이클의 순수성 동시에 프로정신. 
한세기를 통틀어도 나오지 않을 최고의 아티스트
마이클 때문에 돈이 아깝지않다.",1
마이클,대유잼 2도 기다려봅니다!,1
마이클,"몸이 들썩들썩하게하는 포인트들이 있네요~ 
마이클잭슨과 너무 비슷하게 연기를 잘해서 재밌게 잘 봤어요^^",1
마이클,좋았어요~~~***,1
마이클,"마이클잭슨 세대는 아니지만 뭔가 공감가고
그의 삶이 다시 궁금해지던 영화였습니다.",1
마이클,너무 재밌어요. 노래 좋아요.,1
마이클,"영화가 좀 더 길었어도 좋았을 것 같은데, 88년에서 끝나서 아쉬울정도로 시간 가는줄 모르고 봤어요.",1
마이클,"다시 마이클잭슨을 보는거 같았어요...보고싶어요 마이클..거기서는 잘 지내고 있죠..,",1
마이클,팝의 황제를 스크린에서 확인한다.,1
마이클,"정말 계속 몰입되어 시간 가는 줄도 모를 만큼 너무너무 재밌어요!! 아마도 마이클의 위상이 여전해서 그런지도....

아버지의 젝슨스는 정말 가족을 위한 것인지 자신의 야망을 위한것인지 계속 의문으로 남는다.",1
마이클,마이클 마이클잭슨 너무 좋아요,1
마이클,생각외로 재미잇엇어요 아버지가 양아치네요,1
마이클,정말 최고에 미이클 영화라고 합니다.,1
마이클,저메인 잭슨이 만든 영화인 걸 알기 전까지는 좋았다..,0
마이클,"마이클 잭슨의 음악을 좋아하시는 분, 그의 전성기 무대를 대형 스크린과 빵빵한 사운드로 다시 느끼며 눈물 흘릴 준비가 된 팬들은 꼭 보세요 후회 없어요",1
마이클,"온몸에 전율이 오르는데 눈물이 울컥!
진정한 최고의 아티스트인거 같아요.",1
마이클,ㅣ재미있었어요 또 보고싶어요,1
마이클,영화관에서 상영할 때 놓치면 안될 영화,1
마이클,넘 신나고 잼있었어요..아직 못들은 명곡이 한트럭인데.. 상영시간을 한 4시간으로 하지.,1
마이클,역시 마이클 IMAX 강추입니다,1
마이클,영화 마이클 잘 봤습니다.,1
마이클,"다른거 없고, 속편 나왔으면 좋겠어요.
이 영화 적극추천합니다.",1
마이클,댄스 가수 미이클 잭슨 아름다운 노래를 뮤지컬 무대의 이야기,1
마이클,"마이클의 성장과정을 잘 보았고 
영상미도 좋았어요
엔딩이 중간에서 뚝 끊긴듯한 
다음시리즈가 나올 느낌이 드네요",1
마이클,"ꃼ ꃼ 마이클은 대박 천재 천사야,,",1
마이클,"영화를 참 잘 만들었네요.
감동있게 잘 봤습니다.
네버랜드에서 잘 지내고 있을거라 믿어 봅니다.",1
마이클,너무 아쉽게 끝났어요ㅠ,1
마이클,재관람 하려구요! 너무 좋았습니다!,1
마이클,"편집의 문제인지 스토리의 개연성 부족(예-빌리진 모타운 공연,아는 얘기라도 접근법 부족)",1
마이클,재밌어요~~재밌어요~~~,1
마이클,"음악 영화는 기본 음악 듣는걸로는 볼만해요 다만 지금까지 나온 가수영화중에선 별로라고 할수 있겠네요
 듣기론 유족칙에서 스토리애 제한을뒀다는 얘기도 있고 전체적으로 스토리가 평범해서 재미는 별로..",1
마이클,마이클잭슨이랑 목소리도 거의 똑같아서 놀랐어요. 다음편도 기대됩니다. 슈퍼스타 마이클잭슨!,1
마이클,드러나지 않은 숨은 의미가 더 애쓰럽게 하는 좋은 영화이군요.,1
마이클,"보헤미안 랩소다보다 덜 재밌지만
조카가 연기를 잘해요",1
마이클,"마이클잭슨의 일대기중 3/1 정도인듯
자식은 부모의 소유물이 아니라는걸
한번더 깨닭네요
배우의 연기가 너무 몰입감있네요",1
마이클,노래듣기가 정말 좋네요,1
마이클,"안보면 후회할 만한 작품입니다
잭슨과가족 음악의 성장기~
처음부터 몰입하여 봤습니다
타고난 재능에 노력이 빛을 더합니다",1
마이클,공연 보는거 같고 좋네요,1
마이클,오랫만에 듣고 보는 마이클 잭슨의 노래와 춤에 행복한 시간 이었습니다.,1
마이클,콘서트 보고 나온 느낌 좋았어요,1
마이클,굿바이 마이클 🎤,1
마이클,공허하게 울리는 히트곡 메들리,1
마이클,저스트팬서비스영화 그걸로충분,1
마이클,"보기전의 우려보다는 빠져서 볼수 있었어요.
다만 왜곡의 소지가 역시나 찜찜합니다.",1
마이클,마이클잭슨같은 슈퍼스타가 너무일찍 죽어서 안타까움,1
마이클,"보는 내내 빠져들게 만드는 잭슨에 음악
앤딩크레딧이 끝날때까지 자리를 못 떠났습니다.
이건 극장에서 보세요.",1
마이클,마이클 잭슨의 사회적 공감대가 넓어서 이해하기 쉬워요 음악을 듣다보면 어느샌가 엔딩크레딧이 올라가는 시간순삭의 영화라고 생각해요,1
마이클,오늘따라 진짜 마이클이 보고싶네요.,1
마이클,마이클 잭슨 노래들은 전설이다,1
마이클,"너무 즐겁고 따뜻한 시간이였어요
그리고 너무 짧게느껴진 시간~~",1
마이클,한편의 콘서트를 보는 느낌이었구 시간이 엄청 빨리 지나갔어요 얼른 속편이 나오면 좋겠네요 마이클잭슨과 셍크로율이 높아서 좋았습니다,1
마이클,"좋아요, 마이클. 다큐멘터리 찾아볼래요.",1
마이클,빌리진은 내아이가 아니야ㅋㅋㅋ,1
마이클,"기대가 너무 컸었나 봅니다.
늘어지는 느낌이고, 보헤미안 랩소디와 비교가 되네요. 2부작인 듯 한데, 보게될 지 모르겠네요",0
마이클,내용으로 인한 재미는 그닥 없네요,0
마이클,온 가족 같이 관람했어요. 몰랐던 마이클의 어린 시절 이야기도 보고 유명한 히트곡을 큰 화면에서 보는 재미는 있었는데 영화 자체는 썩… 잘 만든 것 같지는 않네요 ㅎㅎ,1
마이클,평론가들 말듣고 기대안하고 봤지만 좋았음 연출력최고,1
마이클,나에 마음 속 영원한 레전드 마이클,1
마이클,영화로 마이클잭슨의 명곡을 오랜만에 듣고나니~ 옛날 생각이 납니다 :),1
마이클,유튜브 간추린 예고편 본듯한 느낌?,1
마이클,"12세 관람가
마이클잭슨 입문용으로 훌륭하다",1
마이클,우리가 잘 몰맀단 마이클 이야기,1
마이클,그럭저럭 볼 만한 것같아요,1
마이클,감동감동감동다음이야기 없나요…..,1
마이클,405060세대들에게는 개쓰레기영화. 마잭잘모르는 1020애들에게는 그냥 영화,0
마이클,완전 굿!! 2편이 너무 기대됩니다!!,1
마이클,정말 최고였습니다 다시보고싶은영화에요,1
마이클,연기를 잘합니다!!!,1
마이클,"재능은 언제나 아리까리하지 않고 늘 확실하다
다만 저 정도의 사람도 저렇게 오래 아빠말을 들어야 할 줄은 몰랐네",1
마이클,마이클 잭슨의 명곡 잘 들었습니다.,1
마이클,몰입하며 봤어요. 조카가 잭슨의 역할을 한거로 알아요. 연기할때 부담감이 컸을거 같아요. 누구도 마이클을 100프로 따라갈 순 없잖아요. 그럼에도 역할 잘 해냈다고 칭찬하고 싶어요. 간간히 소름돋으며 봤어요,1
마이클,"영화가 중간에 뚝 끊기네요. 이제 홀로서기 볼려니까 끝나네요.황당.마이클잭슨재단 일가가 많이 개입해서 ...사람 놀리는지.

벤 노래부를때 마이클 음성이 얼마나 청명한데 그걸 안 넣고 탁한 목소리 넣고",0
마이클,마이클잭슨에 대해 알게되는 영화였어요~,1
마이클,몰입감 최고 마이클 다시보는것 같아 좋네요,1
마이클,마이클의 서사가 부족,1
마이클,애기 마이클 너무귀여움 한때 마잭 빠돌이로서 재밌게 봣음 헤헤 2편 얼른 내놔!!,1
마이클,"여러 논란에도 불구하고, 마이클 잭슨의 노래를 시간의 흐름으로 들을 수 있는 것 만으로도 볼만한 가치는 충분히 있다고 생각합니다.",1
마이클,좋아요 좋아요 좋아요 좋아요 좋아요,1
마이클,팝의 황제 마이클 잭슨의 일생을 모두 담아냈고 마이클 잭슨이 자기 자신의 트라우마를 이겨내고 자신의 꿈을 이루는 모습이 너무 좋아서 재밌게 봤어요.,1
마이클,연기 좋았음 개인적으로 마잭 안 좋아해서 별생각 안 하긴 했는데 부모님은 좋아하심 good,1
마이클,콘서트장에 온 느낌,1
마이클,"말이 필요없는 최고의 음악영화
스토리가 넘 아쉽지만 마이클 이라는 사람과 무대에 몰입된다",1
마이클,"기대만큼 매력 적이지 않아요....
스토리 음악 연기력 많이 부족 했습니다.",0
마이클,보헤미안랩소디가 인생영화라서 기대를 많이 하긴 했는데 아쉬움이 남는 영화네요. 제작자가 그리고 싶은 마이클만 그린 느낌?,1
마이클,너무 기다렸던 영화라 너무 벅차고 감동스러웠어요,1
마이클,"마이클잭슨에 대해서 잘몰랐습니다. 좋은음악, 좋은생각들이 있는 영화입니다~~^^",1
마이클,쵝오입니다. 재관람 하고싶어요,1
마이클,이 영화는 재미있을 수 밖에 없다 왜냐하면 그의 인생 자체가 영화이므로.,1
마이클,"마이클잭슨세대는아니라 잘알진못하지만
이번영화를통해 얼마나 천재적인 가수였는지알게되서너무좋았어요!",1
마이클,정말 착한사람 마이클!!!,1
마이클,"멋진 영화입니다 
음악의 힘은 경계가 없습니다",1
마이클,일단 노래가 너무 좋고 무대들이 엄청났다.,1
마이클,마이클 잭슨에 대해 그렇게까지 잘 알지 못해 스토리가 어느정도 허구성을 띄는지는 모르겠지만 계속 나오는 음악만으로도 볼만한 가치가 있었어요,1
마이클,"기대 이상으로 감동적이고 즐거웠습니다.
강추입니다",1
마이클,"전체적으로 서사가 많이 아쉬운 영화
하지만 마이클잭슨은 위대하다",1
마이클,"주연배우가 춤을 굉장히 잘 춰서 놀라웠음. 이 영화가 다큐가 아니니까 실제와 다른 내용도 있는 것 같지만, 마이클 잭슨이 대단한 가수라는 것을 다시 한번 깨닫고, 관심을 가지게 된다는 게 좋은 것 같음.",1
마이클,마이클잭슨공연보는것같았어요감동,1
마이클,원 오브 어 카인드,1
마이클,마이클 좋아했는데 영화로 나와서 정말 좋았어요 근대 실제 공연장면도 나올거라 생각하고 기대하고 봤는데 안나와서 아쉬웠네요. 2 탄이 나올진 모르겠지만요 근대 주인공 배우의 연기가 넘 멋졌네요,1
마이클,스토리를 알고보면 더좋을듯,1
마이클,배우연기가 마이클자체입니다,1
마이클,마이클 잭슨의 성장기와 과거가 잘 표현되어 있다. 유명 히트곡을 감상하느라 엔딩 자막 올라갈때까지 자리를 지켰다,1
마이클,영원한 팝의 왕 전설로남은 레전드의 음성과 춤을 감상할수있어요 굿!!,1
마이클,아역배우가 넘 귀여움. 노래는 말할것도 없이 좋네요,1
마이클,그의 인생을 보다만 것 같은 영화 아니고 뮤직비디오.,0
마이클,90년대 안나와서 아쉽네요 같이간 딸은 80년대 노래 몰라요,1
마이클,"인물의 파편들을 밋밋하게 나열할 뿐인 영화, 영화와는 별개로 영원한 생명력으로 언제나 빛나는 마이클 잭슨과 그의 유산들.",1
마이클,"우선 영화보는 내내 명곡을 들을 수 있어서 좋았고, 마이클잭슨 아역배우의 연기가 잊혀지지않네요. ㅎㅎ 천재 아닌가요? 너무 흥분해서 보다가 끝이나서 당황스러웠지만 2를 기대할게요~ 진정한 슈퍼스타♡",1
마이클,더 잘 만들 수 있었을거 같은데..,0
마이클,아이쇼 스피드 jn 많네,1
마이클,"너무너무너무 잘봤어요
또 볼꺼예요",1
마이클,그는 역시 전설이였다,1
마이클,잘 모르겠네요 그냥 공연은 좋은데 영화 자체는 별로,0
마이클,"마이클잭슨 콘서트 보는 느낌
노래가 좋아 발만 구르다가 어는덧 엔딩
다음편이 기대되네요~",1
마이클,"올해 본 영화중에 단연 최고👍 마음이 힘드신분들은 지금 보세요
아역배우부터 성인배역 맡은 배우까지 진짜 마이클이였어요. 보면서 혼자 박수 칠뻔^^ 사운드 더좋은 극장에서 다시 보고 싶은 영화입니다",1
마이클,마이클잭슨 멋지네요,1
마이클,"마이클 잭슨에 대해 잘 알게 됐어요
2탄이 나오면 또 보러 가야죠",1
마이클,재미있게 잘 봤어요,1
마이클,영원한 전설 마이클잭슨의 일화. 2편 나올거 같은데 기대됩니다.,1
마이클,언제들어도 너무 좋은 노래들 남겨준 마이클 고맙습니다,1
마이클,마치 콘서트장에 온 것 같았습니다.,1
마이클,음악에 몸을 맡겼습니다.최고예요! 그러나 외부에서 사온 과자 먹는 소리와 비닐 소리에 짜증이나서 비여있는 자리로 옮겨서 봤습니다. 의외로 많아서 놀랐습니다. 에티켓은 어디에?,1
마이클,마이클이 다시 부활한줄,1
마이클,"보헤미안랩소디 관람시 김동적으로 봤다가 실망이 크네요.
주인공 생김새 이질감과 스토리 구성이 영 허접하네요.",0
마이클,마이클의 노래만으로도 충분함,1
마이클,"음악은 너무 좋은데, 영화로는 너무 쉽게 대충 만든 느낌.",0
마이클,톱스타 마이클 잭슨의 성장과 독립 후속편이 기대돼요,1
마이클,연기도 음악도 완전 판타스틱해요!!,1
마이클,"마이클잭슨의 성장과정을알수있었고
중간중간 모르는노래도알게되어좋았습니다.
잭슨역할배우 연기진짜잘했네요.
공연장면은. 감독님의연출이다한거같습니다.",1
마이클,영화가 끝나고 나니 먹먹하네. 뒷 이야기를 알고 있기 때문인걸까? 감독이 얼마나 마이클잭슨을 아끼는지 알 수 있는 영화입니다.,1
마이클,마이클 사랑해요.꼭 보세요.,1
마이클,너무많이 생략된 삶 무대는 재현이 볼만하지만,1
마이클,마이클 잭슨 이야긴데 재미있어요,1
마이클,"콘서트보고 온듯한
시간이 순삭~ㅋㅋ",1
마이클,멋지다마이클잭슨감동드라마,1
마이클,"다 보고가는길 마이클노래를 들으면서 가는중...
굴곡이 많아 그시간안에 어찌 다 담겠는가",1
마이클,N차관람으로부터 재밌게 잘 보았어요.,1
마이클,와~~꼭 보세요~노래만 들어도굿,1
마이클,"IMAX로 보니 즐거움이 더 크네요 
마이클잭슨을 다시 봐서 좋아요",1
마이클,재미있게 잘 봤습니다,1
마이클,"눈과 귀가 호강하는 영화
아이맥스 추천합니다",1
마이클,노래를 듣는것만으로 그리운 ….,1
마이클,추억속에 푹~~빠져서...2편이 기대되는군,1
마이클,기대를 안했는데 재밌었다 솔직히 보헤미안 랩소디 제작진이래서 노잼걱정을 했는데 생각보다 재밌었음~~,1
마이클,"세계적인 스타는 모든걸 다 주지는 않는듯..
시련속에서 잘 다듬어져 성공한걸까...",1
마이클,왜 그랬어요? 다큐로 찍지!,1
마이클,"보헤미안을 기대한 관객이라면 대단히 실망스러울수도.
평이한 진행과 스토리가 지루함을 증폭ㅜ
다음주 군체개봉하면 마이클은 급감예상",0
마이클,"잊고있던 마이클 엿날이 생각 났네요.
가족 어디까지 받아 줘야 할까!",1
마이클,영원하고 그리운 최고의 스타,1
마이클,"매그니피센트7 안톤후쿠아 감독, 보헤미안랩소디 제작진, 마이클잭슨의 인생 이야기를 시작으로 노래와 춤, 공연까지 그의 업적들이 공감되면서 나름 볼거리가 가득찬 음악영화.",1
마이클,마이클 잭슨의 서사보다 노래와 춤 감상에 좀더 중점을 둔 감독의 연출 컨셉이 맘에 들었다. 거의 콘서트를 보는 수준이어서 감동적이었다. 2편도 기대된다.,1
마이클,"보는내내 도파민 뿜뿜
고민하지말고 관람하시길 추천합니다.
마이클 사랑해요 💜",1
마이클,뭐여 이게 끝이여? 너무하네...,1
마이클,그의 노래에는 감동이 있다.,1
마이클,이도저도 아닌...,0
마이클,봐라 마라 이러쿵저러쿵 말도 많지만 일단 배우가 아주 일품이네요 마이클 조카라는데 와~~~~ 말도 안되는 사건들 진실을 왜곡시키는 매스컴과 과도한 관심에 짓눌려버린 천재의 소멸 그건 다음편에?,1
마이클,마이클 잭슨의 그릇은 집보다 크다,1
마이클,콘서트를 본거 같은 기분이였어요!,1
마이클,"관람내내 어깨가 가만히있지를 않았습니다
스토리전개에 이런저런 말들이 많지만 오로지 음악으로 승부하는 스토리도 좋았습니다",1
마이클,마이클의 성장기에 대해 재미있게 잘 연출된거같습니다. 마지막 순간 암울했던 시기에 대한 내용이 없는게 제 개인적으론 괜찮았구요. 잘보았습니다.,1
마이클,사랑하는 가수 마이클 잭슨을 영화로 보니 더 큰 감동과 울림이 느껴졌다.,1
마이클,재미나게밨습니다 멋지내요,1
마이클,"영화가 상영중 끊어진듯 느낌 받아 검색해보니 마이클잭슨의 형의아들이 마이클잭슨을 연기했더라고요.

그래서 그런지. 영화도 잭슨5 와 잭슨스에서 독립하는데까지만을 그려요. 뮤비 스릴러의 대금 미지급 등",1
마이클,역시는 역시엡니다 !,1
마이클,재밌게 관람했어요 추천 합니다,1
마이클,시사회로 봤는데 재밌어서 엄마랑 한번 더 봤어요,1
마이클,MJ 전기 음악영화! 음악적 천재성을 보여주는 MJ!,1
마이클,좀 아쉬웠어요… 무대는 좋았으나 이게 다인가 싶은 느낌,1
마이클,"인간적이고 음악적인 고뇌가 복합적으로 표현되었더라면, < 
보헤미안 랩소디>를 넘어설 수 있었으려나. 영화가 마무리 시점 이후의 곡들을 기다리고 있었던 터라 스토리조차 밋밋하게 느껴지는 건 기분 탓일까.",1
마이클,영화로서의 재미는 충분했습니다. 실제마이클의삶을 조금아는사람의입장으로선 너무 미화하고 순화한게보여서 어이없긴했구요. 자넷은 진짜 하나도안나오네요;;,1
마이클,재미있게 바씁니다 재미,1
마이클,마이클 잭슨 간만에 소환. 콘서트 같은 영화! 좋았습니다. 고맙습니다!,1
마이클,영화가 시작되면서부터 영화가 끝나지 않길 바라는 마음. 그의 인생과 고난을 모두 담기엔 두 시간은 너무 짧다..,1
마이클,"마이클의 일생을 알아 갈 수 있어서 좋았는데~
마이클이 살아 있을 적에 이 영화를 보면 얼마나
좋았을지 아쉬움이 컸네요~",1
마이클,대단한 인물입니다 하지만 아버지로 부터 어릴때부터 학대를 받아서 그런지 본인 자신의 강하지 못함이 아쉬웠습니다 영원히 잊지못할 마이클잭슨! 사랑합니다,1
마이클,과거 마이클 팬이라면 꼭 봐야할 재미난 영화네요- 2편도 기대됩니다,1
마이클,한번 더 볼 예정입니다.,1
마이클,몰입해서 잘 보았습니다 ^^,1
마이클,마이클을 좋아하는 사람이라면 베리땡큐오케이^^ 더 많은걸 기대하면 조금 실망할 수도!! 싸랑해요 마이클!!,1
마이클,마이클은 재평가가 필요한 뮤지션...음악도 좋았고 배우연기도 좋았음,1
마이클,"화려함뒤의 슬픔을 볼수 있어 안타까웠고, 너무나 아까운 이른 죽음에 음악을 듣고 보면서 슬펐네요. 정말 마이클잭슨의 음악과 춤등은 위대한 것 같았어요~^^",1
마이클,영화를 보고 나니 마이클 잭슨의 노래들과 뒷이야기들을 다 찾아보고 싶어졌습니다.,1
마이클,진짜 너무 재밌게 봤다. 시간가는줄 모르고 보다가 끝나서 아쉬울지경. 주옥같은 노래들도 많고. 한번 더 보고싶다,1
마이클,"마이클잭슨 콘서트나 투어 보고 싶었는데..
너무 개인서사 그것도 너무 어린시절에 집중되어
아쉬웠어요~~~
그립네요 마이클잭슨
그시절의 내청춘..",1
마이클,가족들의 따스한 보살핌이 좀 더 있었더라면..,1
마이클,"전체적으로 너무 즐거우면서도 좀 슬픈시간이었어요.
음악이 나오는 시간은 즐거웠지만 그외 마이클의 생활은 우울하면서도 공감되고.. 마이클잭슨의 환생한 시간 갔았어요. 눈호강 귀호강",1
마이클,MJ 빅팬으로서 약간 아쉬운감도 있었지만 전반적으로 나쁘지않았습니다. 다만 댄스의 격차는 너무 컸고 이렇다할 엔딩이 없이 갑자기 끝내버린 느낌이 있네요.,1
마이클,"오랜만에 영화관 힐링을 받았네요 
감동있게 잘 1ㅗ았어요",1
마이클,스토리 전개는 아쉬웠으나 마이클잭슨 노래들로 충분!!,1
마이클,한 아티스트의 삶의 내용을 알게 되서 좋았습니다,1
마이클,최고의 영화였습니다..,1
마이클,노래만 좋았다가 과정이릴까? 삶을 조금이나마 알수 있었던거같아요,1
마이클,좋아요. 아주 재미나게 관람했습니다.,1
마이클,"즐겁게 보고 듣고 나왔습니다.
시즌2를 위해 많이 남겨놓은 듯 합니다.",1
마이클,"지환이 아들과 처음으로 영화를 봤어요 잼나고 감동적인 장면을 재미나게 보았습니다
지환아 너의 느낌은 어때? 싱글벙글 신나게 보았어요 2탄도 기다려져요",1
마이클,길어서 지루할 수 있는데 중간 중간 나오는 노래와 춤이 볼만하나 역시 재능에 한계가 있음.,0
마이클,중1아들이랑초4딸아이랑 둘이서만 봤는데요.음악과 감동이었다고 하네요.집에 올때도 음악 틀어달라해서 빌리진을 틀어줬어요~^^막 따라하더라고요.그래서 마이클의 모든음악이 다 좋타고 얘기해줬어요.,1
마이클,그의 업적을 실시간으로 즐긴 적 없는 나같은 리스너에게 선물같은 영화. 후반 세곡은 심장이 터질 것 같았다.,1
마이클,"마이클 잭슨 팬으로서 아주 재미있게 봤어요!
특히 노래가 많이 나와서 좋았고, 마이클 잭슨을 연기하는 분이 마이클과 비슷하게 생겨서 더욱 몰입할 수 있었어요.",1
마이클,"마이클 잭슨을 흉내낼 수 있는 연기자는 없네
기대했던 것과 내용이 너무 달랐어요

영화 끝나고 이게 뭐야?
하는 느낌이 들면 안 되는데",0
마이클,마이클 잭슨의 일대기를 잘 정리 한 영화인것 같습니다. 마지막에 2 이야기 나오는거겠죠? 기대해봅니다 ^^,1
마이클,"시간 가는줄 몰랐다. 명곡의 향연에 호강했다. 마이클 형, 고마워요.",1
마이클,콘서트보는 느낌이엇고 후속펀이 기대되는 ^^,1
마이클,"생각보다 ㄱㅊ재밌게 봤어요
귀가 즐겁네요
마잭 노래 몰랐는데 일아가요",1
마이클,마이클 잭슨의 노래를 다시 들으니 감동적이네요,1
마이클,마이클 다음에 기회되면 또 보고 싶어요,1
마이클,이건 그냥 마이클 곡 메들리에 다큐 0.5스푼 얹은 기분 .. 잔뜩 기대하고왔는데 실망이에요 ㅠ,1
마이클,"이렇게 수박 겉핧기 할꺼면 그냥 마이클의 예전 공연영상 찾아보는게 더 좋고 시간절약될듯
마이클에대한 캐릭터 설명도 허술하고.. 마이클 조카의 노력으로 코스프레한무대만을 보기에는 너무 시간이 아까움",0
마이클,시대를 넘어도 빛나는 천재,1
마이클,그 이후의 내용과 사랑 이야기를 보고싶었는데 조금 아쉽네요~,1
마이클,마이클의 인간적 고충과 고뇌 등을 충분히 반영하지 못한 스토리에 대해서는 아쉬움이 컸지만 그럼에도 불구하고 영화관에서 마이클의 음악들을 다시 볼 수 있다는 것 하나만으로도 감동이고 좋았습니다~♡♡♡,1
마이클,마이클 빵디가 튼실한거 빼고는 너무 비슷했어요! 춤 노래 모두 노력 많이 한듯.. 그런데 영화가 재밌게 보던중 갑자기 끝나버린 느낌이에요.,1
마이클,마이클 그 뒤가 궁금하다,1
마이클,"음악감상한다고 생각하자
스토리는 호불호~
팝콘각",1
마이클,노래 다시 듣는데 좋았어요,1
마이클,음악이 다했다 스토리는 별로 없지만 눈과 귀가 즐거움,1
마이클,"어린아이의 영혼을 가진 마이클, 죠셉은 그러는거아니다 진짜",1
마이클,마이클이 그리운 시간이였어요,1
마이클,끝이좀 이상하게 끝났는데 2편 나오는건가요?,1
마이클,신을 기억하는 우리의 모습.,1
마이클,더잘만들었다면 좋았겠지만 마이클잭슨의 노래를 큰 극장에서 듣고 볼수있는것만으로도 좋네요 자파르잭슨연기굿!!!!,1
마이클,좋아요. 또 보고싶다,1
마이클,마이클잭슨 입덕용과 올드팬들에겐 향수를 자극하는 두가지 기능 모두 최고입니다💯,1
마이클,정작 그 시절에는 그냥 한 명의 유명한 가수인가보다 했었는데 영화를 보는 동안 내내 마음 한 구석이 저릿했어요 좋은 영화 고맙습니다,1
마이클,배우들 연기도 좋았고 잼있게 잘 봤네요 다음편도 기대되네요,1
마이클,"가장 큰 아쉬움은 작품의 완성도가 떨어짐.
1편으로 마무리 될 영화를,
2부작으로 만들다보니,
영화의 내용이 부실하고,
음악이나,영상미도 기대이하 였음.",0
마이클,재미있게 잘보았습니다,1
마이클,음악만으로도 만점이다,1
마이클,영화 잘 봤습니다. 보는내내 마이클이 짠해서 속상한 맘이 많이 들었지만 명곡을 듣는 경험도 하게 되었습니다.,1
마이클,그리운 아티스트입니다!,1
마이클,"1988년,서울올림픽과함께처음만난마이클♡
다시만나니그를얼마나그리워하고있었는지알겠다
음악,특히나비트,패션모두그는감각적인사람이었구나싶다
가슴을뛰게하는영화에그에대한사무치는그리움으로..눈물",1
마이클,2시간동안 음악 원없이 감상했음👍,1
마이클,다음 편이 빨리 나오길~~^^,1
마이클,그는 나에게 영웅이었고 공감이며 행복이었던 기억을 돌려주었다,1
마이클,"시간대가 안맞아 4dx로 봤는데.
진심 4dx는 비추~!! 수시로 움직이는 좌석때문에 음악 감상에 집중도 안되고.최악이었응..
screenx로 다시 볼 생각은 있음.

역시 마이클이야~~!!",1
마이클,역시 지구상에최고의스타인 마이클잭슨형님~후속작이기대됩니다,1
마이클,노래는 좋고 재미있는데 왜 반쪽자리영화라는지 알겠네요,1
마이클,"빌리진, 스릴러, I’ll be there..너무 명곡들이라 듣는 것만으로 감동이에요! 부모의 역할에 대해 다시 한 번 생각하게 하는 스토리였고, 정말 천재적인 음악성을 가진 아티스트라는 것은 틀림없는!",1
마이클,스토리가 너무 좋아요.,1
마이클,아이맥스관에서 보니 콘서트장에 온 느낌이었어요,1
마이클,스토리가 참 좋아요.,1
마이클,역시 마이클잭슨은 역시다.,1
마이클,영화 한편으로 담기엔 부족한 마이클 잭슨 이였어요.,1
마이클,"마이클

Michael",1
마이클,"무대 위에서는 세상을 지배한 황제였지만, 무대 뒤에서는 지독한 외로움과 압박감을 견뎌야 했던 인간 마이클 잭슨의 면모가 가슴을 울립니다. 마이클잭슨이 실제로 공연하는줄~",1
마이클,"음악에 취해서 웃고 울다보니 금새 끝남 
마무리 안짓고 갑자기 막내리는 느낌",1
마이클,스토리는 별로 였는데 노래로 압도당했어요,1
마이클,마이클 (잭슨) 🎤🎤🎤,1
마이클,"마이클역으로 연기한 배우 대단해요
연습을 얼마나 많이 했을까 짐작이 가네요",1
마이클,마이클에 관해 잘모르지만 지루하지 않게 봄,1
마이클,인생 최고의 음악영화,1
마이클,노래는 참 좋은듯. 남는건 음악,1
마이클,"너무 연기를 잘했어요^^
그래서 감동입니다^^",1
마이클,"역시마이클잭슨 다하기엔 부족한시간
마이클 잭슨 그립네요",1
마이클,좋았습니다ㆍ다만 마무리가 아쉽습니다ㆍ다음편을 위해서 그냥 상영중 마무리가되는느낌이에요~,1
마이클,팝의 황제 마이클 잭슨이 너무 그리워지는 영화,1
마이클,노래 너무 좋고 퍼포먼스도 멋짐,1
마이클,"눈과 귀가 즐거웠던 영화,
팝의 황제의 시작부터 어떻게 황제까지의 자리에 올라갔는지
어떠한 과정이 있었는지 전기에 대해 알수있는 영화.",1
마이클,마이클잭슨이 그리워지는 영화 그의 음악에 심취되는 영화,1
마이클,마이클 잭슨 아이돌 그 자체네요,1
마이클,"보헤미안 랩소디 만큼 감동적이고 전율이 느껴지는 영화였어요. 최고네요. 마이클 잭슨의 팬은 아니었는데..., 팬이 된듯도 해요. 마이클2도 나와야 될듯요.",1
마이클,어린시절이 절로 생각 나면서 즐거운 마이클 봤네요,1
마이클,우리들의 영원한 스타 마이클 잭슨 감동적입니다,1
마이클,마이클잭슨의 성장기.잘 봤습니다. 노래도 너무 좋아요,1
마이클,재밌어요 재밌어요 재밌어요,1
마이클,마이클의 노래를 듣는 것 만으로도 좋았어요,1
마이클,"듣고싶은 노래는 2편에서 




계속 될까요?",1
마이클,마이클잭슨의 일대기를 그의 음악과 함께 들을 수 있어서 좋았던 영화,1
마이클,"조금은 낯설은 잭슨파이브의 시작을 알게 되어 좋았고
싱크로율도 정말 대단하다! 너무 아까운 사람이었다!",1
마이클,"딱 팬이 생각하는 마이클 영화. 음악이 진짜 좋았어요!
근데 마이클 주변인들은 이 영화 보이콧 한다네요^^...
주인공이랑 그의 아버지 형제들 진짜 죽어서도 마이클 괴롭히는 거 그만하세요.",1
마이클,재밌어요 추천합니다,1
마이클,오~그의 업적과 삶을 엿볼수 있는 영화라 좋았습니다 어떻게 그렇게 춤을 잘추시는지 엄청 노력했을거라 생각되어 더더 좋았고 노래와 영상이 최고였습니다,1
마이클,사운드가 좋았고 자파가 열심히는 한것 같네요.,1
마이클,시사회보고 여운이 남아 또 보러 왔어요~♡♡♡,1
마이클,마이클 잭슨의 빈자리를 잠시만이라도 채워줄 수 있는 영화입니다. 음악을 좋아한다면 꼭 극장에서 봐야할 영화입니다.,1
마이클,좋았어요 잘봤습니다 좋았어요,1
마이클,끝이아쉽게끝나서.. 감동바사삭.. ㅠㅠ,1
마이클,"마이클 잭슨 노래가 계속 나와요. 귀호강, 눈호강 제대로 했어요. 2편 기다려져요.",1
마이클,재밌게 잘 봤습니다 좋아요!,1
마이클,영화를 보니 마이클 잭슨 형님이 너무도 그립다는 생각밖에 들게 되었습니다,1
마이클,전세계가 사랑한 최고의 스타 마이클 잭슨을 영화로 만들어준것 만으로 감사 그의 이야기는 계속된다.,1
마이클,"이건 그냥 봐야함 마이클 잭슨을 안다면 ...그의 생애에 존경을.
그는 킹이닷",1
마이클,왜 비싼돈주고 아이맥스에서 보는지 알겠습니다 콘서트에 온 느낌.. 배우연기도 좋고 스릴러 뮤비도 거의 똑같다고 느낄정도로..몰입해서 봤더니 2시간이 금방 지나가네요,1
마이클,재미있었어요 마이클 잭슨 음악을 다시 듣게 되었습니다. 그런데 영화가 생각보다 다 안보여줘서 아쉬웠어요.,1
마이클,"우리 시대 팝의 영웅인 마이클 잭슨.
오랜만에 노래를 들으니 좋다.",1
마이클,"IMAX 로 재밌게 봤네요 
2편이 기대됩니다",1
마이클,좋아요 좋아요 좋아요 좋아요,1
마이클,"전기영화론 평면적, 그리고 잭슨5가 MJ솔로부분 못지않게 차지하고 이야기가 중간에 끝나버려 속편까지 봐야 제대로 된 평가를 내릴수 있겠다. 그렇지만 자파 잭슨의 연기(스릴러, 무대연기)만큼은 정말 훌륭하다",1
마이클,마이클잭슨 연기하기 어려웠을텐데 연기랑 춤 모두 완벽하게 잘했음. 진짜 대박임~~ 노래도 진짜 다 좋고 명곡파트 콘서트 기분 느낄 수 있어요. 빨리 2편 나왔으면 좋겠네요,1
마이클,좋았어요 잘봤습니다 좋았어요,1
마이클,"시간 가는줄 모르고 재미있게 잘 봤습니다~
영화관을 나오면서 흥얼거리게 되네요~",1
마이클,"감동입니다
잘 봤습니다",1
마이클,"그가 다시 보고싶다 다시 보고싶다.. 배우가 조카 였다니..
뭉크르",1
마이클,영화 속도감 빠르고 음악적이 흥과 즐거움 아이들을 사랑하는 마음과 선행이 감동적이었습니다,1
마이클,참열심히 만들었네요! 음악중심이라 지겹지않는 추천작입니다! 물론 작품성은 좀 낮지만! 재미있게봤시유,1
마이클,"올해들어본영화중
진짜최고예요
다시한번볼예정임",1
마이클,마이클잭슨을 전혀 모르는 세대는 입문용으로 볼만할지 몰라도 잘 알만한 세대한테는 위선적으로 보일만한 아주 이상한 영화가 탄생한듯,0
마이클,이제 다시는 콘서트를 갈 수 없다는게 참 아쉬움...,1
마이클,추억할 수 있는 시간이 되서 좋았어요,1
마이클,노래만 들어도 너무 행복한 시간이었어요~~,1
마이클,우리 시대의 우상~ 수학여행 거서도 무대에 올라 친구들과 공연했던 생각도 떠오르고... 줄거리 흥미 음악 모두 너무너무 감동적이고 공감되어 좋았어요. 발을 계속 굴리며 보았답니다 아주 재미 있었어모,1
마이클,조 잭슨의 강압적인 훈육이 없었다면 뮤직 비즈니스의 판도를 바꾼 존재는 되지 못했어도 인간적으로는 행복한 마이클 잭슨이 있었을까 하는 생각이 문득 든다.,1
마이클,노래를 너무 잘 하네요~~ 진짜 싱크로율이 미쳤어요~,1
마이클,차라리 마이클 인터뷰와 실제 공연 영상에 비하인드 스토리만 대역을 써서 만들었더라면 훨씬 좋았을텐데.. 마이클의 가벼운 스텝과 춤선이 절대 아니에요 말하는 목소리는 비숫 .. 이건 마이클에 대한 모욕 영화,0
마이클,Ost가 너무좋았고 내용은 맘이 아팠네요,1
마이클,다 아는 유명한 노래여서 그런지 시간 가는줄 모르고 봤구요 보다 보니까 갑자기 마이클잭슨 얼굴이랑 자파잭슨 얼굴이 겹쳐 보이더라구요 시간되면 한번더 보려합니다,1
마이클,"보헤미안랩소디 보다는 못하지만
마이클 보공싶네요",1
마이클,여기서 끝난다고요??,1
마이클,"마이클 잭슨을 재조명 할 수 있는 기회.
지금 시대의 아티스트였다면…",1
마이클,좀 전개가 뜬금없지만 노래만으로도 좋네요. 배우가 춤춘다고 고생이많았겠어요ㅋㅋ,1
마이클,아쉬워요.. 시리즈 나누지 말지,0
마이클,70년대 팝송세대로서 귀 호강과 함께 마이클을 추억하게 하는 영화!,1
마이클,"오 이제 잭슨형 노래가 나오겠는데

: 마이클 잭슨 이야기는 계속됩니다.

??? 읭??",1
마이클,콘서트 보는것처럼 신났어요,1
마이클,"마이클잭슨은 워낙 춤, 노래, 체형이 뛰어나서 대역이 따라가기가 버거웠겠지만 그래도 많은 부분을 재현한 듯. 모처럼 마이클잭슨 음악만 들어도 좋았습니다.",1
마이클,너무 재밌고 노래듣기에도 좋아요,1
마이클,배우들의 연기도 훌륭했고 음악도 좋았어요. 감상 잘했습니다.,1
마이클,스토리가 잉? 여기서 끊긴다고? 싶지만 마이클 잭슨의 커리어에 굵직굵직했던 하이라이트들을 다 다뤄줘서 좋았습니다. 원래 90년대 Dangerous 활동 시기와 이후 Neverland 부분도 촬영했는데 법적 문제로 취소됐다고..,1
마이클,"기승전결에서 기승 까지만 있어서 생가보다 몰입도가 좋지않아요
뮤직비디오 보고 온 느낌 입니다.
퀸이 훨씬 스토리가 있고 재미있네요
개인적인 의견입니다.",1
마이클,마이클마이클마이클마이클,1
마이클,"TV로 보면 재미가 반감, 극장 imax로 꼭 봐야할 영화",1
마이클,영화 중간중간에 나오는 공연장면은 신나고 좋은데 영화 전체적인 스토리를 놓고 보면 조금 아쉽네요..,1
마이클,마이클의 실제를 죽고 나서야 받아들일 수 있게 된 것일까..,1
마이클,마이클 잭슨 음악만으로도 충분했던 영회...,1
마이클,보는 내내 행복했습니다.,1
마이클,마이클 잭슨의 콘서트를 보는 느낌,1
마이클,뭔가 아쉬운 결말이네요,1
마이클,"마이클 잭슨 이름만으로 다 설명이 되는 영화.
어릴적 친구오빠가 들려준 빌리진 음악에 충격받고 팝이란 음악에 눈을 떴던.
마이클 첫 내한공연을 직관 할 수 있었음에 다시 한번 감사하게 되는 영화.
꼭 보세요",1
마이클,음악을 듣고 마이클 잭슨의 전설적인 춤을 보는건 좋은데 내용이 좀 수박겉핥기 같아 아쉽네요,1
마이클,주요 곡 상세한 작업 과정 과 공연 실황 같은 화면 좋았음,1
마이클,그냥.. 서사도 그닥.. 이슈도 그닥..,0
마이클,신 급 존재와 S급 노래들에 A급 연기력에 못 미친 B급 감독의 연출,1
마이클,"솔직히 끌리는 영화는 아니였지만
극장 잘 안 가는 사람이 어느날 마이클은 보고 싶다고 해서
같이 본 영화인데..
보고 나서 이 영화는 또 볼 수 있을 것 같다고 좋아 하신다",1
마이클,"이름은 익숙하지만 무대는 생소한 세대인데 영화만 봐도 얼마나 대단한 사람이었는지, 순수하고 선한 사람이었구나, 열정적인 사람이었다는 걸 알게 된 시간. 근데 제작자가 등골빼먹은 사람들이란 거 듣고 소름",1
마이클,갑자기 끝남 2탄 나오나요?,1
마이클,영화는 별로인데 노래가 치트키라...,1
마이클,"주옥같은 명곡들을 스크린에서
만나니 새롭고 마이클잭슨이 그립네요
마이클2탄도 기대되네요..",1
마이클,네 좋았습니다 감독의 영향력을 믿었어요,1
마이클,배우들의 연기가 대단하네요,1
마이클,영상미 음악이 좋았고 어릴적 마이클의 고충도 느껴지네요 콘서트 음향 기대했는데 역시 영화관 수준은 그정도는 안되는듯,1
마이클,"마음속에 담겨 있는...
나의 삶에 마지막까지 남아 있을 그의 노래와 춤, 열정
그때를 기억하고 다시 떠 올려 본 나의 감정
2편도 나왔으면 좋겠지만...
그를 떠나 보내는 시점을 회상하게 될까....",1
마이클,마이클 노래 들어서 좋았다. 뭔가 중간에 끊긴 느낌이라 그건 좀 그랬음,1
마이클,"엔딩크레딧이 다 올라가고도 여운이…. 
이렇게나마 다시 볼수 있어 좋았고 
또 볼듯하네요 다음편은 언제 나오려나…????",1
마이클,마이클의 유년시절과 젝슨즈와의 이야기 워낙 이슈가많은 월드스타라 조금 부족한 내용이였지만 오랜만에 명곡을 들으니 좋은 시간이였네요.,1
마이클,추억과 새로운 만남,1
마이클,"영화 보는 내내
정말 몰입해서 재밌게 봤어요
명곡들도 같이 감상할 수 있어 좋았답니다!!",1
마이클,"보헤미안 랩소디 영화만큼은 아니지만, 배우의 열연..순수한 마이클을 만나 볼 수 있었던..어릴 적 동네 엘피 가게에 빌리진 앨범을 사러 갔던 날이 떠올랐다.",1
마이클,"너무 그리운 마이클잭슨...
지나치게 천재성을 가져서 힘들었을거 같아요",1
마이클,대역 춤선이 미쳤고 어린시절 향수를 불러일으키는 영화입니다. 계속해서 둠칫거리게 되고 지루할 틈 없이 계속 노래가 나와서 정말 좋았어요. 마이클 잭슨 팬이라면 강추!!,1
마이클,마지막 임팩트가 개인적으로는 조금 아쉬웠지만 전반적으로 재밌었어욤,1
마이클,솔직히 오리지널 마이클에 완전히 버금갈 수는 없겠지만 최대한 느낌을 살려서 연기하고 연출했다고 보여집니다. 배우 연기나 내용보다는 노래나 기타 등등 귀가 즐거웠어요. 보는 내내 둠칫둠칫~ ^^,1
마이클,재미있게 잘 봤습니다ㅎㅎ,1
마이클,재미 있게 잘 봤어요,1
마이클,"마이클이 그립습니다... 
천재성을 가진 이들의 삶은 왜 순탄하지 않은건지...
마이클 음악들으며 돌아갑니다",1
마이클,신나서 엉덩이 들썩들썩... 2편도 보고 싶어요.,1
마이클,마이클 잭슨이 살아있었더라면~~~♡,1
마이클,"엄청 닮았어요(마잭 잘 모르지만 제눈엔 닮아보임)
노래 부분이 더 많았었으면..",1
마이클,"3회차 관람이었습니다.
마이클의 곡을 영화관에서 큰 사운드로 듣는다는 게 이런 기회가 지금 아니면 어디있겠어요
마이클 오빠가 너무 보고싶더군요
자파도 연기 너무 잘하고 노력도 많이 한 게 눈에 잘보여요",1
마이클,"역시는 역시다.언제 들어도 좋은 음악~
생생한 라이브로는 들을수 없지만 영원히 남을 음악들이다. 마이클 역을한 배우는 마이클이 살아 돌아 온줄~",1
마이클,심적으로는 딸 패리스나 여동생 재닛과 동감하기에 마냥 좋게만은 볼 수 없었습니다만.. 이렇게라도 마이클을 다시 볼 수 있어서 울면서 봤습니다. 자파르의 카피 완성도는 어마어마 하네요..,1
마이클,영화에 대한 모든 전후 사정을. 배제하고라도 그것이 어떤 이들에게 이익 관계나 스토리어 왜곡일지라도. 마이클을 볼수 있어 좋았고. 그를 추억할수 있어 좋았다. 출연진들의 모든 연기 하나하나가 좋았다,1
마이클,내가 이걸 왜 봤나싶긴한데 2편 나오면 또 보러올거같긴하다,1
마이클,"큰 감동은 아니였으나 중학교 시절 많이
들었고 최고였기에 추억 소환하는데는 성공적이지 않았나 
생각합니다",1
마이클,다음 편이 더 기대됩니다..!,1
마이클,"꼭 보세요
벌써 2편이 기대되네요",1
마이클,abcdefghijklmn,0
마이클,마이클은 역시 판타지 스타,1
마이클,음악이 좋았습니다~,1
마이클,"아.. 이야기가 너무 뚝 끊어진 느낌.... ㅠㅠ 
뒤에 더 남은 이야기가 없어서 아쉽네요",1
마이클,마이클의 어릴적 미성은 마음을 정화시켜 주는 것 같다. 마이클이 다시 살아 돌아온다면 좋으련만,1
마이클,"예전을 생각하며...
외로운 마이클",1
마이클,마잭 노래를 크게 들을 수 있어 넘 좋았어요 이어지는 후반 이야기도 기대할게요,1
마이클,"영화 <마이클>

2009년 6월25일
갑작스레 세상을 떠났던
마이클 잭슨의 조카 자파 잭슨(잭슨 파이브의 둘째 저매인 잭슨의 아들)이
마이클이 살아돌아 온듯 혼신의 연기를.",1
마이클,오랜만에 즐거운 관람이었습니다.,1
마이클,"음악이 좋고 배우들 연기가 좋았습니다. 특히 마이클 주연배우가 좋았어요. 아역, 어른역 모두.",1
마이클,마이클이 살아서 온듯함 팝역사를 바꾼 본인이므로 2편에선 가족이야기보단 음악성과 공연에 기대를 해봅니다,1
마이클,시간가는줄 모르고 봤어요. 영화관에서 보시기를...,1
마이클,"마이클 후편이 기대되네요~ 1부가 오르막 스타였다면 2부는
내리막과 함께 비운의 스타 이전의 개인 마이클이 더 조명이 될 텐데
앞으로 가수나 배우 할 사람들은 반면교사로 삼아 훌륭한 인물 되길^^",1
마이클,"마이클이 되살아난 것 같았다
콘서트에 간 기분이었다",1
마이클,마이클의 천재성과 인간적인면,1
마이클,마이클이 너무 그리워서 눈물이 핑 돌았어요..,1
마이클,"불쌍한 마이클 잭슨ㅜ
보고싶네요",1
마이클,"마이클잭슨 싱크로율 넘 닮아 좋았는데
스토리가 넘 루즈하고 음악도 사은드가 더 보여줬음 하는 아쉽네요",0
마이클,마이클잭슨이 보고싶어요,1
마이클,마이클의 노래만으로 충분하다,1
마이클,"최고에요. 싱어롱관 오픈해주세요. 
둠칫둠칫 못참겠어요!",1
마이클,IMAX로 보니 현장감 있어서 좋았습니다,1
마이클,"졸면서 봤어요
매니아 아니면 비추",0
마이클,"인류 역사상 전무후무할 팝의 황제의 재림
과연 인생 후반부의 이야기를 영화로 만들 수 있을까...",1
마이클,아까운 사람ᆢ살아있었더라면,1
마이클,"일단 역시나 좋았습니다!! 연기나 노래 최고!
사운드좋은곳에서 보니 콘서트를 보고 온 느낌이네요.
그냥 영화라는 느낌보다는 음악콘서트 같아요-!!!
사실 내용 자체는 별로 없어서 살짝 지겨운게 아쉬웠어요.",1
마이클,"다음편이 있는건가?
갑자기 끝나버리네",1
마이클,"그립네요
그렇게라도 그의 춤과 노래를 볼 수 있어
좋았어요
전혀 다른 얼굴에 몰입감은 좀 떨어지지만요",1
마이클,마이클잭슨의 재현을 제대로,1
마이클,어릴적 스토리가 좀 길어요.,1
마이클,빌리진은 인류역사의 보물이예요,1
마이클,마이클잭슨을 아는 사람들이라면 누구나 한번쯤 보고싶은영화일것 같아요. 마이클의 천부적능력과 착한마음. 가족에 대한 애정까지 너무 잘 느껴지는 감동적인 영화입니다. 후속편이 기다려지네요,1
마이클,초반에 살짝 지루한 부분이 있고 현실과 다른 내용도 많지만 음악을 즐기러 가시는 거라면 볼만하다고 생각합니다. 과거의 불미스러운 일로 인한 합의 때문에 그의 인생이 온전히 나오지 못한게 아쉽네요.,1
마이클,"마이클의 노래는 지금들어도 최고이고, 앞으로도 최고일 것",1
마이클,재미있게 잘 봤습니다.,1
마이클,마이클잭슨의 어린 시절과 아버지의 폭력 등을 알게 되었고 노래를 생동감있게 감상할 수 있어서 좋았어요.영화속에 실신하는 관객을 100%이해하겠어요.,1
마이클,음악소리와 관객들의 환호성이 크게들려서 콘서트 보는기분,1
마이클,2시간 모자라 더더더...,1
마이클,마지막 bad 런던공연이 이영화의 모든것이다,1
마이클,"마이클잭슨하고 완적히 똑같아서 소름돋을정도 였다
실제 데뷔해도 춤 노래 전혀 손색없다",1
마이클,재미없게 관람했습니다.,0
마이클,주연배우의 노력이 느껴졌습니다. 얼굴쪽은 애써 무시하고 봤습니다. 아무래도 본인이 아니라서 몰입도가 떨어질 듯해서요.,1
마이클,팝의 황제를 그리워하며 잠깐 추억에 젖어본것 좋았음,1
마이클,"음악이랑 공연은 좋았는데 내용이 많에 아쉽네용
다음편 기대할께요",1
마이클,누가 지루하데 돈이 안아깝다 젠장 ~~,1
마이클,너무너무 좋았어요 같이 간 엄마도 좋아하셨네영,1
마이클,좋앗다 아는 노래가 많이나옴,1
마이클,"전체적으로 지루하게 진행되는 이야기지만, 흐름상 필요한 부분인것 같습니다.
잘 봤습니다.",1
마이클,아쉬우뮤ㅠㅓ호ㅓㅓㅓ,1
마이클,발을 가만 둘수가 없었음. 아직 안나온 히트곡과 스토리때문에 2편이 기대됩니다,1
마이클,콘서트 외에는 볼게 없어요. 대사와 스토리텔링이 초딩 수준입니다. 콘서트를 본다고 생각하고만 보세요,0
마이클,마이클 재미있습니다,1
마이클,살짝 늘어지는 부분도 있었는데 콘서트 장면은 너무 좋았어요,1
마이클,마이클 형이 국내 공연하셨을 때 못 간 게 너무 아쉽고 그리고 영화 보는 내내 형이 그리웠습니다. 하늘에서 편히 계시길…,1
마이클,옛 추억을 생각나게 해준 영화였어요,1
마이클,"인류 역사상 최고의 가수, 그의 레전드 공연을 다시 감상할 수 있는점에 감동,
서사적으로 부족했던 점은 2부에서 다시 채워줄까 의구심.. 법적으로 얽혀있는 여러 문제를 잘 해결하고 훌륭하게 마무리 해줬으면",1
마이클,"날씨 좋은날 
다시 들어도 좋은 노래이네요
가족들이랑 재미있게 봤어요",1
마이클,음악적으로도 인간적으로도 어떤 사람이었는지 알 수 있었음,1
마이클,사실 별 기대 안 하고봤는데 스토리가 기대이상이었다 세대가 너무 앞 세대라 마이클에 대해 잘 몰랐었는데 마이클의 삶에 대해서 알게 된 것도 좋았고 그의 삶의 유년기를 알게 되어 너무 좋았던 영화~!^^,1
마이클,글쎄.. 너무 많이 비어있는데.. 이게 맞나..,0
마이클,음악 공연 무대는 최고 이야기는 글세,1
마이클,마이클의 삶에 초점을 맞춘게 아니라 음악적 접극이라 더 좋았어요,1
마이클,정말 재미있게 봤어요~^^,1
마이클,"자파가 연기한 마이클 보고 소름돋았어요
무대를 보면 계속 관람하고 싶어요",1
마이클,잘 보았어요. 배우들 연기 좋으네요. 다음 편 기대합니다.,1
마이클,내 어린시절의 향수~ 영웅~ 워너비~ 그도 마음속 깊이 아픔이 있었구나... 영화내내 다시 보고싶어 눈물을 글썽였었다... 하지만 결국 나도 내가 보고 싶은 것만 보려하는구나 하는 생각이 들었다.,1
마이클,재미나게 잘 봤어요~~!!,1
마이클,진짜 꼭 보세요. 귀호강 눈호강 감정 세가지모두 다 잡았어요.,1
마이클,"진짜 꼭 보세요. 귀호강 눈호강 감정 세가지모두 다 잡았어요.
두시간 금방갔네요",1
마이클,"스토리 좋고, 연출도 좋고, 음악은 뭐.. 말 할 필요 없고..
2편도 나오나? 힐더월드 안나왔으나 뭔가 있는듯 한대.. 
암튼 강추 입니다.",1
마이클,너무 재밌어요 음악도좋고 영상미도 스토리도 좋아요,1
마이클,그냥 단순하게 마이클의 어린시절과 1988년까지의 이야기를 압축한 뮤직비디오 혹은 뮤지컬을 보는ㅁ것 같다. 마이클 역을 한 주인공 연기도 어설프고 스토리도 대충대충이고.,0
마이클,감동과 흥미로운 내용으로 시간가는줄모르고 봤어요~역시 마이클잭슨이네요‥너무인찍세상을뜬 그가 보고싶네요,1
마이클,마이클잭슨의 열렬한 빠돌이로써 처음 노래가 나오는순간 전율이었습니다. 이 노래를 극장에서 듣다니... 하지만 팬으로써 여러모로 아쉬운점이 많지만 많은분들이 접할수있다는 점에 만족합니다ㅎㅎ,1
마이클,콘서트를 보는 기분 좋은 느낌,1
마이클,옛 추억속에 노래들을 기억하며 즐겁고 행복한 시간이 되었슴다.,1
마이클,마지막콘서트장면끝나고 극장에서 박수칠펀했습니다 ㆍ 음악만으로도 심장을뛰게 하네요,1
마이클,"꼭 보세요 10점 입니다
3시간길게하면좋겟어요",1
마이클,"넘 행복한 시간이었어요!!
대중문화를 이끈 팝의 황제의 탄생을 엿볼 수 있다는 점에서 매우 인상적이었습니다. 여러 히트곡들을 좋은 스피커와 영상, 많은 마이클 잭슨의 팬들과 함께 들어서 좋았습니다.🕶️",1
마이클,아이맥스에서 마이클잭슨의 콘서트를 보다,1
마이클,재미있게 잘 봤습니다.,1
마이클,"와
정말 콘서트온듯이재밌어요
아이맥주 강추",1
마이클,낭만잇든시절 시대를앞서간 또보러가자,1
마이클,She Told Me Her Name Was Billie Jean,1
마이클,재밌었어요 재밌었어요,1
마이클,"시간순삭
2부가있다니 몰랐다능
봐야되자녀유 ㅎ
흥미로왔어요",1
마이클,"감동적이었어요.
스크린 엑스로 보길 잘했어요
아직 더 남은것같은 느낌이요
속편 원츄",1
마이클,세상에 재능을 가진 많은 천재들이 겪는 일상을 볼수 있음과 공연을 직접 보는듯한 겪한 감정을 느낄 수 있었어요 최고에요,1
마이클,마이클 잭슨의 음악은 설명이 필요없죠.. 약간의 아쉬움들이 보이는 영화였지만 넘 재밌게 봤어요,1
마이클,"본거 후회 안합니다.
가족과 사이가 어땠는지 몰라도 영화 내에서 마이클님의 형들은 막내동생이 자신과 다른 솔로로서의 길을 가야 한다는걸 인정하는 점이 감동적이었어요.",1
마이클,노래가 끝날때마다 나도 모르게 혼자 조용히 박수치게 만들고 노래만 들어도 울컥해지는 영화!!! 너무너무너무 보고싶다 마이클~~~,1
마이클,솔직히 흥행수표로 알려진 음악영화로 알고봤는데 실망이켰다,0
마이클,인간 마이클의 본질은 거의 다루지 못함. 영화는 그의 인생 전반기에 집중하는데 그마저도 수박 겉핥기. 로켓맨까지는 아니어도 보헤미안 랩소디만도 못해 안타까움.,1
마이클,"2시간 짜리 뮤비
화려해서 지루하진 않음",1
마이클,"마이클잭슨이여서 봤는데
광팬할수있겠다 생각했어요",1
마이클,실제 공연을 보는것 같았어요.,1
마이클,시간가는 줄 모르고 재미있게 잘 보고 함께 즐겼습니다.,1
마이클,just beat it!,1
마이클,엉성한 구성에 기깔나는 재현,1
마이클,너무 별로에요. 내용도 없고 임팩트도 없어요. 보다가 졸았네요.,0
마이클,"음악이 좋고, 재밌게 봤어요",1
마이클,"마이클 비리진 즐겨 듣던 노래였는데
스크린으로 보니 더더욱 좋았고
가슴이 뻥 뚫렸어요.

좋은 생 마감했었으면 좋았을텐데
너무 안타깝네요.

영면하소서",1
마이클,공연연출은 백점 드라마는 다소 인위적인 아쉬움...,1
마이클,"N차각이고요, 사운드 좋아 공연장 분위기에 어깨, 두 다리 들썩거려 즐겁고 유쾌한 두 시간이었습니다! 부모님도 대만족! 2편 기다려지고요~ 아직도 귓가에 쟁쟁한 리드미컬한 음색이.. 남은 명곡들이 아쉽습니다!",1
마이클,"팬이었는데 십수년이 지났다. 노래 뿐만 아니라 히스토리를 어느 정도 알고 있어서 보면서 약간의 편집과 뒷이야기가 많을 듯하다. 음악의 연출은 훌륭, 자세히 알고 나면 씁쓸함이 느껴진다.",1
마이클,넘넘 생동감있고 재밌었어요 ^^,1
마이클,"너무좋았어요.
외적인면보다.
노래하는 진심을 스크린에 녹여서 너무좋았다",1
마이클,예전 노래 많이 들을 수 있어 좋네요. 마지막 30분은 조금 지루하지만...,1
마이클,"MJ 가 환생한 듯한 조카의 열연과 더불어 
전설적인 노래와 무대의 재현를 IAMX 로 
오롯이 느낄 수 있어 매우 좋았네요!!",1
마이클,"가족을 위해 희생을 많이 했네요.
천재적인 뮤지션!",1
마이클,영화를 본게 아니고 마치 콘서트장에 갔다온 느낌이랄까? 넘 감동적이네요 마이클 잭슨 천년이지나도 잭슨 같은 천재적 뮤지션 안나올듯 하네요 암튼 영화 그이상감동입니다,1
마이클,마이클 잭슨의 내한공연 못 본게 너무 아쉽네요!,1
마이클,마이클잭슨 음악을 스크린서 들을 수 있어 좋고 인간 마이클을 이해하는 계기가 되었습니다.,1
마이클,"영화관에서만 누릴수 있는 
감동",1
마이클,"그는 왜 이리
지구란 행성을 서둘리 갔는가",1
마이클,마잭의 순탄한 삶만을 보고싶은 사람에겐 그저 즐거운,1
마이클,"마잭은 신화이고 영원한 스타이다
노래가 너무 좋고 그것만으로도 가치가 있다아",1
마이클,"영화는 최고였음 2번 봐도 재밌다!!
그거랑 별개로 상봉 09:40 H열 두 명
내내 발로 차고 큰소리로 대화하고
빌리진 장면에선 환호성 지르고 박수까지 치던데
조용히해달라고 말씀 드렸는데도 계속 그러더라 민폐들",1
마이클,좋았어요 다음에 일반2d말고 아이맥스로 한번더보려구요,1
마이클,마이클과 음악만으로도 충분하죠ㅜㅜ,1
마이클,"너무 재밌게 봤어요
유명한 노래들도 나와서 너무 좋았습니다",1
마이클,플롯자체는 그냥그런데 노래가 다함..,1
마이클,팝 전설을 큰 스크린에서 다시 마주한 감동,1
마이클,역시나 재미있네요 ㅎㅎ,1
마이클,와 진짜 대박이었습니다 재게 마이클을 몰랐은데 보니깐 너무 재미있더라고요 시간 가는줄 모르고 완전 집중해서 봤습니다 진짜 노래도 너무 좋더라고요,1
마이클,"감동있게 잘 봤어요.
배우 연기랑 목소리 모듀 실제 마이클잭슨이랑 너무 똑같아서 소름끼칠 정도였어요",1
마이클,이미 충분히 매력적인 그의 음악을 즐기고 나온것 만으로도 부족한 부분이 채워질 수 있지 않을까?,1
마이클,"마이클 잭슨을 좋아해서 기대했던 영화입니다
아들하고 재미있게 봤어요~",1
마이클,"마이클연기하는 주연배우
거의흡사하게 연기좋아요",1
마이클,노래로 영원히 기억될 이름,1
마이클,마이클 잭슨의 노래들을 추억할 수 있어요,1
마이클,"추억을 소환해 준 마이클의 음악은 삶에 찌든 스트레스를 날려 준 영화였다.
수 많은 명곡들과 마이클의 춤 
그의 재능을 알아봐 준 아티스트들의 명석함",1
마이클,중간중간 내용이 빠진 느낌이지만 잭슨의 공연을 간접적으로 볼 수 있다는데 최고 인 듯합니다.,1
마이클,"마이클젝슨의 음악들을 한자리에서 들을 수 있어 좋았고
영화가 끝나고 콘서트하는거 같았네요
좋았습니다",1
마이클,이러면 연기가 필요없어 보이는데 그냥 뮤비 편집해서 보여주는게 더 좋았을듯합니다.,1
마이클,마이클잭슨 콘서트 가고 싶어요,1
마이클,그의 인간적 면모를 자세히 알고싶다면 좀 부족하지만 그럼에도 한번 더 보고싶을 정도로 재미는 보장입니다 마이클잭슨의 무대를 간접적으로나마 잘 느낄수 있었고 조카의 열연이 좋았습니다,1
마이클,"시작부터 압도하는 노래만큼은 최고.
하지만 이제부터구나 생각되는 시점에서 끝나버려서 
뭔가 보다만 느낌이 들었습니다.",0
마이클,"또 보고 또 보고 또 보고 싶습니다.
너무 감동",1
마이클,"돌돔으로 생선까스 튀겨놓음
그저 노래 원툴",0
마이클,마이클 잭슨의 명곡이 휘몰아치듯 감싼다,1
마이클,마이클 너무 재밌네요,1
마이클,잘 보았습니다 재미있게 잘 보았습니다,1
마이클,부모님이 기대 안 하셨었는데 재밌게 보고 나오셨다고 했습니다,1
마이클,마이클 잭슨의 대한 오해가 일부 풀렸기를 바라봅니다. 조셉만 아니었으면 더 오래동안 활동 했을텐데...,1
마이클,마이클잭슨 한편의 뮤직비디오를 보는 모습,1
마이클,영화가끝나지않길바랬다. 두번세번 보고싶다,1
마이클,음악과 춤이 너무좋네요.,1
마이클,"그시절로 돌아간듯 절로 몸이 반응하네요~
즐거웠던 추억과 즐거움을 주어서 너무 행복했습니다~",1
마이클,"마이클잭슨 .. 알고 있었지만 평범한 사람은 아닌 듯...
멋있는 사람... 이 사람의 노래를 듣고 자란 내 자신 칭찬해.. ㅎ

단 영화로만 본다면 보헤미안랩소디 가 좀 많이....스토리 음악 등등 몬가..ㅈ.ㅈ",1
마이클,감동의 2시간~ 마이클 잭슨,1
마이클,마무리는좀 아쉽네요 ㅜ,1
마이클,the sound in the cinema was too good,1
마이클,"오우~!! 마이클잭슨의 재림!! 울컷하는 포인트가 몇개인지. 빌리진,문워크,배드. 우리동네에 아이맥스가 없는게 아쉽다. 이게 영화지! 너무 음악에만 취중하기보다 마이클의 내면도 잘 살린것 같다. 적극추천!",1
마이클,재미재미재미재미재미재미재미,1
마이클,"영화에 나온 노래들 전부 명곡이고, 배우분들 연기가 타고나서 2시간 내내 몰입하며 잘 봤습니다 :)",1
마이클,"옛 추억을 되새기며 봤어요~
역시 마이클은 멋져
2편이 있나봐요.
기다려져요",1
마이클,너무 많은 내용을 2시간에 담으려다보니 맥이 끊기는 느낌,1
마이클,후반부가 너무 좋았다,1
마이클,몰입감있게 잘 보고있었는데 갑자기 끝나버렸어요. 그건좀 아쉬워요,1
마이클,"보헤미안 랩소디처럼 한 편으로 할 수가 없었나보네요. 2부작이 된 게 아쉽습니다. 무대 연출은 좋아서 전율이 느껴졌네요! 배우 춤, 노래 다 좋구요.",1
마이클,마지막부분 아쉽긴 하네요,1
마이클,"역시 팝의황제!!
아이맥스 강추
다음편도 기대됨!!",1
마이클,"마이클 잭슨, 그 이름 하나로 설명이 다 되는 영화. 그 시절의 추억과 함께 할 수 있는 눈과 귀, 마음이 행복한 영화. 후속편도 계속 나오는거겠죠?^^",1
마이클,"고증이니 제작자니 잘 모르겠으나, 
위대했던 아티스트의 무대를 잠시나마 볼 수 있어 감사한다.",1
마이클,"보헤미안 랩소디 제작진이라 기대 했는데, 기대보다 더 재밌습니다:) 한번 더 봐야겠어요!!",1
마이클,마이클 시대에 살던 50대가 보면 좋을듯.,1
마이클,최고 이시대 영웅이 살아돌아온줄...,1
마이클,마이클잭슨의 어린시장 아버지와의 갈등관계와 사랑의 힘을 알게되어 너무 너무 좋았어요,1
마이클,"보헤미안 랩소디를 보러갔다가 휴민트를 보고온 느낌...
몰입도 안되고... 
혹 다음편이 나온다면 명절때 tv로 보는걸로...",0
마이클,"너무 좋았어요. ㅎㅎ
근데 2편은요??",1
마이클,"콘서트를 보는 느낌으로 영화 한편!
영화는 끝났지만 10분이 지난 지금, 여운은 계속되고 ^^
마이클! 공연 잘 봤어요 ^^",1
마이클,SX로 감동도 받고 재미있게 잘봤습니다 쬐금 아쉬운건 포스터 이벤트가 끝나서 못받았다는게….ㅠㅠ,1
마이클,한 시대의 우상의 어린 시절을을 알수 있어 좋았습니다. 음악은 더할 나위 없고요. 잘 봤고 속편 빨리 제작되기를 기대합니다.,1
마이클,재밌게 잘 봤습니다 감사합니다,1
마이클,"큰화면으로 . ..좋은 사운드로 보세요
볼만합니다 ..",1
마이클,"자파 잭슨의 연기가 좋았어요.
순간순간 마잭이 보였습니다.
공연하는 부분이 좀 더 길었다면
더 좋았겠다 싶었어요.
노래와 춤을 좀 더 보고싶었는데,,",1
마이클,음악이 생각보다 좀 적어서 아쉬웠습니다,1
마이클,아니 세상에 싱크로율 백퍼네 음악나올땐 가슴이막요동치네 너무그립더라 마이클 보고싶어짐 울컥햬요 진심레알,1
마이클,몰입도 잘되고 재미있게 봤어요,1
마이클,두편으로 나뉘는지 모르고 봐서 허무했습니다.,1
마이클,"선구자, 그리고 따뜻한 아티스트, 비록 많이 외로웠겠지만...",1
마이클,한때 팬으로서 그의 음악이 그리워 봤는데 역시 극장서 봐야 할 영화입니다.,1
마이클,"내사랑 마이클..
보고 싶습니다.",1
마이클,뮌가 아쉽네요 2편이 나오겠죠?? 노래도 공연도 스토리도 겉핧기식!! 깊이감이 없음 마지막 공연장면은 가슴벅차올랐음,1
마이클,애매하게 끝난느낌..저메인 아들이 마이클을 연기한건 좀 괘씸하지만 나름 외모가 비슷해서 괜찮았어요,1
마이클,재미잇게 잘 보앗습니다,1
마이클,서사가 부족해서 몰입이 안 됐음. 2편 나오더라도 볼지 고민스러움.,1
마이클,"서사보단 무대가 훨씬 좋은 영화, 다음 이야기가 궁금하다",1
마이클,"연출, 배우연기, 영상미 좋았고 감동과 즐거움이 있었습니다",1
마이클,재미있게 잘 보았습니다.,1
마이클,2편도 기대됩니다!,1
마이클,옛 생각하면서 재미있게 잘 봤습니다,1
마이클,"너무 몰입감 있게 본 영화.
재밌게 봤어요.",1
마이클,천재 마이클 잭슨의 삶 그리고 그늘,1
마이클,마이클 삶 중 몰랐던 부분을 알게됐고 전체적으로는 재밌었어요,1
마이클,마이클잭슨의 스케일에 비해 영화에서의 스케일은.. 🧐 배우 몸빵인가.. 아쉽다,1
마이클,"마이클잭슨의 존재만 알고
크게 관심있던 인물은 아니었는데
보는내내 그의 생전 모습이 떠올라서 
안타까움도 크고
다시 한번 대단하고 멋진 사람이라고 
느끼게 해준 영화였어요",1
마이클,"멋있어요
연기도 멋져요
훌륭합니다",1
마이클,마지막 콘서트 곡은... 최고였다,1
마이클,그럭저럭 잘 보았습니다.,1
마이클,스토리와 연기 & 음악 아주 좋네요~👍,1
마이클,"단순한 전기영화가 아니라, 무대 위 ‘전설’이 어떻게 만들어졌는지 숨멎게 보여주는 영화",1
마이클,"겉은 화려하지만 참 외로윘겠단 생각에 슬펐네요.
모든게 좋았습니다",1
마이클,음악이 최고입니다 마이클 무대 보는것 만으로도 충분합니다,1
마이클,마이클의 성장영화ㅎㅎ 너무잘만들었다!,1
마이클,마이클잭슨에 대해 좀 더 알게됐어요,1
마이클,"많이 아쉬운 영화입니다
일대기를 만들기 쉽지 않은 너무나 위대한 아티스트입니다만
그래도 이렇게 허접하게.. 대충.. 
이건 아니잖아요ㅠㅠ",0
마이클,노래와 무대 퍼포먼스만으로도 볼 가치는 충분함,1
마이클,진짜 재미있었어요 사실기반으로 제작했으니..,1
마이클,보헤미안 랩소디를 기대하고 보면 안됨 각본을 왜 이렇게 썼는지 이해 안될정도로 스토리 라인이 그냥 아버지와의 대립만을 그려서 지루함,0
마이클,"다 아는 이야기와 뻔한 전개, 그럼에도 불구하고 마이클 잭슨",1
마이클,"너무 재미있게봤어요 영화를 보는내내 아쉬운건 딱하나 저 주연배우가 진짜마이클이라면 얼마나좋을까
마이클잭슨이 더많이 그리워지는 영화입니다",1
마이클,엄마 보여드렸는데 감동 받아서 쭐쭐 울었다구 함 엄마 바부,1
마이클,"봐요. 그냥 보세요!!!! 보라고!!!!
이런 걸 영화관에서 봐야지 어디서 봐요!!!!
어허허ㅠㅠㅠ 젶발 봐주세요",1
마이클,보헤미안랩소디를 생각하고 간다면 큰 오산,0
마이클,"보고싶은 mj 
영화에서라도 봐서 반가운 마음",1
마이클,그 누구가 연기를한다해도 당연히 잭슨을 따라할수없지만 ㅎㅎ영화 보는동안 소름이몇번이나돋고 즐겁게봤습니다.2부작이나오면좋겠어요~,1
마이클,보헤미안 랩소디 제작진이라는 명성이 아깝게 느껴짐. 스토리도 거의 없음.,0
마이클,보헤미안 랩소디 제작진이라는 명성이 아깝게 느껴짐. 스토리도 거의 없음.,0
마이클,잘봤습니다 2편 나올듯~,1
마이클,영화보는 내내 귀가 호강한 작품😁 마지막 무대 만으로도 이 영화를 꼭 봐야하는 이유👍,1
마이클,"1. 배우 춤 완벽재현함 (근데 스릴러는 겁나 못춤. 몸치수준임. 촬영 초반에 찍었나?)
2. 영화가 평양냉면임. 사건사고가 없어서 감칠맛이 하나도 없음. (법적 문제로 영화 절반을 도려내고 재촬영했다던데,그래서",0
마이클,재미있게봤어요. 추천함,1
마이클,생략된 마이클의 어두운 측면이 아쉬웠지만 실제 공연장에 들어온 것 같은 잘 재연된 퍼포먼스에 몰입해서 즐길 수 있었음 어린 줄리아노와 자파 잭슨으로부터 충분한 음악적 힐링과 감동을 느낄 수 있는 영화♡,1
마이클,"영화가 하고 싶은 이야기를 담은 오프닝 곡 
마이클 잭슨의 6집 Thriller의 ‘Wanna Be Startin’ Somethin’
“뭔가를 시작하고 싶다고 했지? 뭔가를 시작해야 할 거야.”",1
마이클,"어릴적부터 출발하는 이야기다보니
다소 전개가 조금 아쉬움

그래도 마이클이란 사람에 대해 조금은 알 수 있게 되었네요",1
마이클,영원한 스타 마이클,1
마이클,재밌어요 마이클잭슨영화,1
마이클,"어린시절부 힘들게 자라온 마이클 
안스러웠네요 
근데 배우 모두 연기 최고였고요
2탇도 기다려지내요",1
마이클,"이전 작에 확실히 퇴보한, 이유가 있다하더라도",0
마이클,시간 가는줄 모르고 봤다!!,1
마이클,마이클잭슨 시절이 생각난다,1
마이클,지금 405060 시대들도 마이클하고 똑같은 가족사...더 심한경우도 ....아버지 그늘에서 벗어나는 마이클 ...가족사 내용이 너무 길어서...좀 아쉽다,1
마이클,하늘이주신재능으로 자신뿐아니라전세계인의마음에기쁨과위안을주었던 시대의아이콘이자영웅으로서 마이클을다시볼수있는계기가되었고 마지막콘서트장면은아직도우리곁에있다는환상과감동을주었습니다,1
마이클,위대하지만 한편으론 외롭고 슬픈 그의 인생을 이렇게 가볍고 겉핥기식 서사로 풀어내다니 실망스럽다.,0
마이클,점점 마이클잭슨과 닮아가는 모습이 또다른 감동을 주네요. 마이클잭슨이 더 그리워집니다ㅠㅠ,1
마이클,영화도 좋았고 흘러나오는 노래들도 너무 좋았어요!,1
마이클,"음악은 마이클이었으나…
영화는 마이클이 아니었다…연출의 아쉬움
음악 하나는 역시!마이클!",1
마이클,연기와 음악 모두 좋았습니다. 후속편이 기대되네요,1
마이클,"마이클잭슨을 얼마나 사랑했는지 느껴지는 영화였어요
경이로움이 느껴졌어요!",1
마이클,마이클 잭슨의 삶중에 앞부분만 나온느낌,1
마이클,다시 봅니다요~~다시~,1
마이클,너무 재미있게 잘 봤습니당,1
마이클,"끝나고 나서 관객들이 잉? 하는 반응
이렇게 끝난다고?",0
마이클,아버지와의 갈등만 너무 부각시킨게 아쉽네요ㅠ,1
마이클,"이런저런 말이 많지만 난 정말 시간 가는줄 모르고 봄. 대부분의 노래 너무 좋았고 특히 아역배우 리듬 놀라웠음. 2차 관람
의향있음.",1
마이클,인물 다루는 영화는 잘 안보는데 마이클은 보길 잘한 듯. 빨리 2편 내놔 빨리 2편 내놔 빨리 2편 내놔 빨리 2편 내놔빨리 2편 내놔 빨리 2편 내놔 빨리 2편 내놔 빨리 2편 내놔,1
마이클,"분명히 훌륭한 뮤지션이지만, 완벽하고 순수한 신이나 영웅처럼 묘사에 대해 불편감이 있음",1
마이클,세계적인 명가수 마이클 영화 역시 좋은 노래가 많아서 좋았네요. 하지만 이 영화의 수익과 주인공의 아버지인 책슨의 형과의 관계 그가 소개해 줬던 사람들로 더 힘들어지게 된 사실을 안다면 불편할수 있음,1
마이클,"지켜주지 못해 미안해 MJ😭
우리의 영원한 별✨️",1
마이클,"성장을 멈춘 어른이
노랫말이 그가 처한 현실과 고통을 말하는 듯
짧은 삶과 재능이 안타까움
그곳에선 진정으로 마음을 나눌수 있는 친구들과 행복하길...",1
마이클,"마이클 잭슨이 유명한 인물인지는 알았지만, 이렇게 착하고 열심히 사는 인물인지는 몰랐습니다. 영화로인해 마이클의 오해가 많이 해소되어 영원히 박수받는 인물이였으면 좋겠어요😊",1
마이클,즐거운 주말에 재미있게 관람했어요~ 좋아요,1
마이클,굿굿굿굿긋긋굿굿굿굿,1
마이클,재미있게 잘 보았습니다,1
마이클,좀 안스럽고 즐거웠다. 이제보니 마이클은 영원한 피터팬이었네요. 천재적인아티스트였지만 아버지의 폭력 강압에 의한 어린시절. 익숙한 음악을 들으며 그시절의 나로 돌아가 박자를 맞췄네요 2편기다려져요.,1
마이클,마이클 잭슨의 노래는 언제나 들어도 좋아요,1
마이클,개봉날에 간 보람이 있네요. 즐거운 시간이었어요. 좀더 노래가 더 있었으면 하는 아쉬움이 있네요.,1
마이클,굿굿굿굿긋긋굿굿굿굿,1
마이클,어릴 적 우상이었던 마이클잭슨 음악을 영화로 볼 수 있다는 거 자체가 감동. 빌리진 나오니 몸이 저절로 두둠칫! 시간 순삭~강추합니다.,1
마이클,"좋았어요 ᆢ
좋았어요 ᆢ",1
마이클,떠나고 나니 맘속 별이 되네요 ㅠㅠ,1
마이클,진정한 프로는 외롭고 자신를 만들어가는 과정이 결코 쉽지 않은 듯. 그러나 함께 가야한다는 숙제는 미완의 스토리. 추천합니다.,1
마이클,좋아하는 마이클잭슨의 스토리와 노래가 좋았어요.,1
마이클,정말 재미있었습니다 즐거웠어요,1
마이클,‘마이클 젝슨’ 나와 젊은 날을 함께 했다. 그의 음악이 들리면 어절로 어깨가 들썩이고 발을 따라 움직이고 있는 나 자신이 있었다. 음악과 춤에 빠져있는 동안 영화가 끝날 쯤에는 나도 녹초가 되어 있었다.,1
마이클,2편 빨리보고시프당,1
마이클,재미없어요 주연이 못생겼어,0
마이클,속편이 빨리 나오길 기대합니다,1
마이클,이런분이 죽다니 ㅠㅠ,1
마이클,마잭 일대기를 담은 감동적인 영화에 그저 감탄♡,1
마이클,스크린엑스관에서 너무재밌게 잘봤어요. 보헤미안랩소디도 다시보고싶네요ㅎ,1
마이클,"팝의 황제가 탄생하기까지를 그리는 전기 영화인데
너무 안전하게만 다뤄진 느낌이고 카타르시스를 전혀 느끼지 못함
보는 내내 개탄스러웠다

너무 기대가 컸다.",0
마이클,마이클잭슨이 보고싶네요,1
마이클,"2편이 있는걸 모르고 봤다 실망했습니다 ㅠ
중강에 끊기는거 너무 싫어요",1
마이클,"마이클 잭슨을 다시 생각하게 되네요. 
2편 기다려집니다^^",1
마이클,마지막 공연장면이 제일 좋았어요,1
마이클,"진정한 우주 대스타
2편 기대됩니다
10점에 7.5점",1
마이클,보는 내내 전율과 소름 안타까운 마이클 잭슨,1
마이클,고등 딸이랑 신나게 봤어요. 엄마 세대 멋있었지? 했습니다.,1
마이클,마이클 잭슨의 홀로서기 과정을 너무 잘 묘사. 콘서트장에 온 듯 한 분위기는 덤,1
마이클,오프닝때 MJ를 다시 만날 생각에 눈물이 났다. 막상 영화에서는 자파 잭슨의 연기가 가장 좋았다. MJ를 깊게 만나길 원했는데 겉만 훝은 느낌. 그렇다고 재미가 없는건 아니다.,1
마이클,"마이클잭슨 조카 자파 마이클..완전 똑같네요..재밌네요..Heal the the world는 안나오네요ㅎ
근데, 추천입니다.",1
마이클,"마이클 잭슨의 명성, 히트곡 정도 알고 있는 사람입니다. 팬이 아닌 입장에선 이해가 잘 안되는 부분도 많았지만 음악과 배우 연기가 좋네요~",1
마이클,평범한 인생은 아니었다는 정도의 메세지를 전해줬다. 아주 재미없는 것은 아니다.,1
마이클,공연장에 온 것처럼 실감나는 노래장면이 신났다. 이야기는 약간 늘어져 좀 지루한 면도 있음.,1
마이클,"마이클잭슨을 알 수 있는 좋은 기회를 만들어준 영화 같아요
영화 잘 봤어요 재미도있고 음악도 좋고 배우들의 연기도 다 좋았어요",1
마이클,"성형한 얼굴만 생각났었는데 이렇게 섹시한 남자였다니!
두시간동안 그남자로 살수있었다.",1
마이클,마이클의 최고전성기 음악과 영상을 볼수 있다는 즐거움을 제외하면 평균이하의 만듬새. 배우들의 연기는 거의 보이지 않는다.,1
마이클,내가 젊었을때 마이클잭슨은 대단했다. 그런 마이클잭슨을 나이들어 영화로 다시보니 그때의 기억이 새록새록 생긱나며 뭉클했다. 그리고 그의 삶의 공허함과 외로움이 느껴져 안타까웠다.,1
마이클,내 인생 하위 3%안에 드는 영화,0
마이클,시간가는줄 모르고 몰입해서봤어요. 가여운 마이클.,1
마이클,"스토리 및 공연 영상이 너무 좋았으며, 마이클 잭슨이 다시 돌아온듯 너무 비슷해서 얼마나 연습을 많이 했을까라는 감탄을 했습니다. 마지막 엔딩이 살짝 아쉬움이 있었지만, 몰이감 최고 입니다",1
마이클,여전히 현 대중음악의 근간이 되는 한 아이콘의 빛나는 전성기. 그의 인생 전반 중 가장 동화같은 이야기만 담은듯,1
마이클,마이클의 노래 시작부터 우리가 알고있는 마이클의 모습카지 잘 보았어요~^^,1
마이클,"추억을 돋게 해주는 영화. 다만 아쉬운 건, 아버지와의 갈등보다 마이클 음악에 집중했었으면 어땠을까 하는 바람.",1
마이클,2편 빨리 좀.. 귀가 즐거웠어요!,1
마이클,"마이클잭슨이 활동할 때 봤던 사람으로서, 영화를 보면서 더 몰입이 됐다. 또한, 안타까움이ㅠㅠ 쓸쓸한 마음뿐...",1
마이클,마이클잭슨의 내면을 표현하는 부분에서는 좀 아쉬운 영화지만 잊혀져가는 마이클을 다시 만나는것만으로도 충분하다.,1
마이클,저의 259전째 영화 입니다,1
마이클,재미있게 보고 왔어요,1
마이클,잇츠어 마이클 콘서트,1
마이클,배우들 연기는 말해모해 당연 좋았구요 영상미도 좋았어요 킬링타임으로 좋습니다,1
마이클,영화를 보고 난 후 서사가 빈약하다고 느껴져 유튜브로 그의 이야기를 다 찾아보고 난 후 눈물이 났습니다. 너무나도 위대하고 안타까운 아티스트였네요..,1
마이클,"감동전인 순간들~~
옛추억에 잠겨보는 시간~~
나도 모르게 어깨를 들썩이며 잠시나마 행복에 빠져들게 하는 즐거움
좋은시간 되었읍니다.",1
마이클,"추억속의 마이클 노래를 거의 다 듣게되어 좋았다.
자막 끝날때까지 심취해 흥얼흥얼... 집에 오자마자 4곡 폭풍 다운로드. 마이클잭슨은 영원하리",1
마이클,재미있게잘봤어요좋았어요,1
마이클,마이클 마이클 마이클 마이클,1
마이클,대체불가는 그리움만 더할 뿐,0
마이클,외부의 소음까지 지워내는 충실하고 기특한 재현,1
마이클,"부모의 역할. 다시 함 생각해 봅니다
영화 잘 봤어요",1
마이클,조금 지루할수도 있지만 시간 아깝지 않고 듣는 맛이 있고 2부 갈것 같습니다,1
마이클,아픈손가락 마이클잭슨ㅠ,1
마이클,재밌게 관람했습니다.,1
마이클,정말 재미있게 봤습니다,1
마이클,정말 재미있게 봤습니다,1
마이클,목소리가 또같음. 깜놀. 춤 표정 거의 그대로 구현함. 노래ㅠ음질이 약간 아쉬움,1
마이클,내개 아는 마이클로 그의 음악성으로만 보면 괜찮은 영화,1
마이클,정말 재미있게 봤습니다,1
마이클,정말 재미있게 봤습니다,1
마이클,재밌게 관람했습니다.,1
마이클,넘 재밌었어요 또 보러가고 싶네요,1
마이클,"모든걸 담기엔 시간이 모자른!
노래만으로도 충분했던 시간",1
마이클,보헤미안 랩소디 기대하고 갔는데... 생각보다는 별로였습니다.,0
마이클,마이클이 펼친 선한 영향럭,1
마이클,마이클 잭슨의 일대기를 알 수 있어 좋았습니다,1
마이클,재밌네요 꿀잼이에욯ㅎㅎ,1
마이클,그리워요! 마이클...인정하는 아티스트,1
마이클,힌 편의 콘서트를 관람한 듯한 느낌!!,1
마이클,미친 미친 연기력. . 🙂!,1
마이클,한순간도 놓칠수 없는 영화,1
마이클,잘 보았습니다 잘 보았습니다 잘 보았습니다,1
마이클,마이클잭슨짱짱짱짱임,1
마이클,"짧은 시간에 담기엔 그의 인생이
너무 다이나믹한 음악인이네요
후편이 기대됩니다",1
마이클,재미있게봤어요....,1
마이클,스토리텔링은 아쉬웠지만 춤과 노래는 좋았어요,1
마이클,노래가 다한 영화다,1
마이클,"별점은 1점 ㅠㅠ
그냥 유튭에서 마이클 잭슨 뮤비나 공연 실황 보는게 나을 듯 ㅠㅠ

2편을 예고 하는 것 같은데...볼 생각 없음",0
마이클,"영원한 위대한 전설~
천부적 타고난 아티스트~
우리의 가슴속에 길이 남을 마이클~
어린시절 아버지의 학대가
너무 끔찍하고 가혹했어! 
진정한 아버지의 모습을 상실한거지!
마이클잭슨의 영혼을 애도하며~",1
마이클,동물을 쪼끔 더 사실적으로 만들수 있었을텐데... 그게 젤 아쉽.,1
마이클,"재미있게 보긴했는데
다음편이 얼마나 어두울지 감도 안오네요",1
마이클,"노래듣다보면 시간이 절로 간다.
스토리를 떠나 
마이클 잭슨을 회상할수 있는 시간.",1
마이클,영화 잘봤습니다 영화 잘봤습니다,1
마이클,보는 내내 아빠한테 또 맞는건 아닌지 조마조마한 마음으로 봤습니다ㅠㅋㅋㅋㅋ,1
마이클,"기대를 조금만 접으면
자파 잭슨의 노력
마이클 잭슨의 신념이 보이고 들린다.",1
마이클,마이클 잭슨 음악을 다시 찾아듣게 되었다. 보고 싶네요,1
마이클,마이클 노래 모른다 생각하는데 다아네,1
마이클,마이클 잭슨의 주옥같은 노래와 그가 살아온 시간을 영화를 통해 볼 수 있어 행복했어요 !! 엔딩크레딧 다 올라갈때까지 자리에 앉아있었던 건 정말 오랜만이었음,1
마이클,전기영화보단 팝콘무비쪽에 더 가까운 거 같아요,1
마이클,너무 감명깊고 좋았습니다!,1
마이클,말이 필요있나요? 그저 GOAT의 노래를 너무나도 몰입감있게 잘 즐길 수 있었던 영화였습니다.,1
마이클,너무 잼있네요 !!! 돌비 사운드관 강추합니다,1
마이클,"첨엔 안닮아서 몰입이 안되다가 점점 닮아보였어요
목소리도 잘따라하구.. 내용은 사실 겉핥기고.. 무대도 조금 아쉽지만.. 그냥 마잭 생애를 조금 본거에 의의가있어요",1
마이클,마이클 1부:잭슨5..라고 했어야..각본과 연출이 그닥..보헤미안 감독 브라이언 싱어가 만들었다면 하는 아쉬움이..안톤후쿠아는 이퀄라이저 시리즈나 만들기를..,0
마이클,"보헤미안 나온거 하고 비슷 합니다
마이클 잭슨 끝까지 스토리를 안 쓴게 좀 아쉽네요",1
마이클,어쩔 수 없이 미끄러진 1막의 종료.,0
마이클,잘 봤어요. 재밌어요.,1
마이클,"아이도 좋아하고 재밌었어요👍🏻
브로마이드 준다는건 어디에도 없는데 
어떻게 알고 받아가시는지?
받아가는 한분있어 
지나가다말고 다시올라가 받았어요
여지껏 예전에도 주는데 몰랐나싶은게 기분이 ..",1
마이클,재밌게 봤어요 재밌게 봤어요,1
마이클,"자파잭슨 연기 최고
그리운 마이클 그를 영화로 만나볼 수 있는 오늘 내가 진정한 행운아다
내 안에 살아있는 마이클",1
마이클,너무 감동적이고 음악 최고예요.,1
마이클,마이클 잭슨의 콘서트를 보는 듯한 영화,1
마이클,"서사가 모자란것은 사실!
그런데 올해들어 본 영화중에 잴 재밌게 봤음!",1
마이클,신난다. 마이클 잭슨인데 일단 재미없을 수가 없다.,1
마이클,노래 개굿이긴해~ 그치~?,1
마이클,2편이 얼른 나와야죠,1
마이클,"무조건 보세요. 평론가 평 믿지마시고...
너무 즐겁게 잘 봤습니다.
다음편도꼭!! 볼꺼예요!",1
마이클,그냥 극장에서 그의 음악을 듣는것 자체가 좋았을 뿐,1
마이클,옛날 생각도 나면서 명곡들을 들을수 있어서 좋았고 재밌었어요~,1
마이클,속편이 본편인가??,1
마이클,계속 듣고 봐도 질리지 않는 노래와 무대를 재현해서 정말 좋았습니다,1
마이클,MJ 광팬으로서 너무 행복하게 다시 한 번 더 무대를 볼 수 있어서 즐거웠습니다! 좀 더 세세한 부분까지 다뤄줬으면 하는 아쉬움이 있긴하지만 스크린으로 무대에 서있는 MJ를 봐서 좋았습니다!,1
마이클,시간이 어떻게 가는줄 모르고 끝났네요ㅎ 2편 만들어주세요,1
마이클,얼른 다음 속편이 궁금하네요,1
마이클,"마이클 잭슨의 브랜드에 기댄 안일한 영화 그 자체. 서사가 거의 없는 수준인데, 이야기 전개를 위해 나오는 아빠와의 갈등마저도 요리가 제대로 안 되어 있음.",0
마이클,Finding Neverland.. never lands.,1
마이클,"여유있게 도착해서 보겠어
시간에 쫓겨 주위사람에게
피해준게미안해서
집중도 안되도 영화도 그냥저냥...",0
마이클,위대했던 한 뮤지션의 일생과 공연들을 영화관에서 즐길수 있는 좋은 영화였습니다.,1
마이클,이걸 영화라고 표현할 수 있나 ....,0
마이클,황제의 애처로운 영광,1
마이클,"마이클잭슨의 노래를 즐기기 좋은 영화
그의 얘기가 다담기지못해 아쉽다. 후속작이 나오려나",1
마이클,마이클 잭슨의 신나는 음악은 굉장히 좋지만 기승전결이 없고 황제의 삶은 그려지지 않아 매우 아쉽네요💥,1
마이클,그냥저냥 무난했음.,1
마이클,"콘서트에 온것같이 2시간 시간가는 줄 모르고 즐기다
온 영화, 중등딸도 잼있다고 하네요 그시절 마이클잭슨이 생각나는.... 다음 편도 나오길 기대합니다",1
마이클,마이클 잭슨~그를 스크린에서 다시 만날 줄이야~자파잭슨 넘 닮았네요~역시 핏줄의 힘은 강하네요~그 덕분에 더 즐겁게 잘 봤어요~,1
마이클,주인공을 어디서 구했을까 생각했는데 조카였다고 하네요. 그럭저럭 잘 봤습니다.,1
마이클,돈이 아깝지 않은 영화,1
마이클,노래두 좋고 멋있어요,1
마이클,"스토리라인 영화의 깊이 작품성
이런건 다 필요없다
마이클잭슨 그 이름만으로도 충분하다
그런 그를 오늘 만났고 그것만으로도 가슴이 벅차 오른다.
그와 그의 음악은 진심이기에 이 모든게 가능한거지^^
굿!!",1
마이클,동시대에 이런천재를만날수있어서 행복했다,1
마이클,"만든 노력은 훌륭하나, 스토리 구성이 기대에 못 미침",1
마이클,결말이 조금 아쉽지만 앞부분은 재밌었어요..!!,1
마이클,보헤미안같은 풀스토리기대하면실망. 80년까지의 스토리만 영화화했네요. 달빛부부가 더 재밋어요,1
마이클,마이클 영화 잘 봤어요,1
마이클,스토리가 빈약하지만 마이클의 팬이 되어서 나오게 된다 음악의 힘!,1
마이클,잘 만든 마이클 잭슨 영화이며 속편이 기다려집니다,1
마이클,좋았어요 좋았어요,1
마이클,잘몰랐던 이야기라 새롭기도 했고 볼만해요. 공연장면이 살감나니 가능하면 극장에서 보세요.,1
마이클,"마이클 잭슨 네임드만 보고 봐야지 했는데..
사촌이라 닮은 건 알았지만 목소리랑 춤선까지..
노력을 얼마나 하셨을지 보이고 연기도 너무 잘하셔서
몰입도가 올라갔습니다! 진짜 너무 재미있음
인생영화..입니다",1
마이클,좋은영화에요 꼭 한번은 봐야 할 영화입니다,1
마이클,"어렸을때 막연하게만 알고 있었던 마이클젝슨의 이야기를 영화를 통해 자세히 알게 되고, 관련 영상들을 찾아보며 그의 삶에 대해 생각해 보게되는 계기가 되었어요. 재미있게 잘 봤습니다.",1
마이클,"많은 것을 주고가신 마이클 잭슨에 감사하며
볼거면 따지지 말고 그냥 봐라",1
마이클,너무 재미있게 봤습니다 팬하고 싶습니다,1
마이클,"마이클잭슨을 처음봤을때의 놀라움이 기억나는!
참착한심성의 마이클!더 건강하게 살았다면 좋았을텐데ᆢ",1
마이클,두시간짜리 거대한 뮤직비디오 한편을 본 기분이었다.,1
마이클,"극장에서 대화면으로 마이클잭슨의 노래를
듣는 경험은 좋았지만 영화 자체의 수준은
보헤미안 랩소디 아류작같은 느낌입니다.",0
마이클,.... 살고싶어짐,1
마이클,"스토리라인은 다 아는 내용이라 좀 뻔할지 모르겠으나
그냥 음악에 빠져서 보다보면 그를 회상하기엔 충분했다. 순간순간 가슴이 벅차기도...",1
마이클,"노래는 좋음
스토리는 지루함
그냥 마잭의 실제 공연 영상을 유튜브로 보는게 낫지않을까?
졸려서 중간에 잠듦
보겠다는 사람을 말릴정도는 아니긴 함
하지만 그렇게 재밌지는 않앗음",0
마이클,기대이상으로 몰입됨,1
마이클,"언제 들어도 좋은 음악! 
앤딩이 좀 아쉬웠는데 2편 나오려나~",1
마이클,음악은 좋았는데 스토리는 그냥그래요,1
마이클,"마이클 잭슨, 그가 눈물나게 보고 싶다. 앤딩 이거 뭐지? 아.... 2편이 있구나..",1
마이클,잠깐이나마 나의 어린시절로 돌아가게 해준 고마운 영화,1
마이클,손색 없는 음악 영화.,1
마이클,"무대 연출은 역시나 좋지만, 왜 2편으로 나눈건지 의문임",1
마이클,마이클이 살찐마이클 같아서 조금아쉬웠어요. 그러나 대부분은 ost가해결해쥬서. 무난했지만 Heal the world가 빠진부분은이해가안되네요. 그래서내정수는 8젬. 올드팝좋아하는분이라면추천합니다. 조셉의행동을....,1
마이클,"마이클을 연기할 사람은 역시 없구나
어느누구도 마이클을 대신할수 없음을 느낀영화",1
마이클,마이클 잭슨의 천재성과 몰랐던 가정환경 등 많은것이 흥미로운 영화였고 좋았습니다,1
마이클,"마이클 잭슨 최고인거 같아요.
이런 아티스트는 이번 생에 다시 볼 수 있을지...",1
마이클,배우와 노래만 보고듣기,1
마이클,"전기영화라기엔 다소 아쉽
음악영화하면 괜찮",1
마이클,"당신이 마이클 잭슨 팬이라면 이 영화를 좋아하거나, 싫어하거나 둘 중 하나",1
마이클,"당신이 마이클 잭슨 팬이라면 이 영화를 좋아하거나, 싫어하거나 둘 중 하나",1
마이클,이제 20대 아들 둘이서 어찌 알고 보겟다더니 재미난 이야기 엿는듯합니다,1
마이클,옛 추억의 노래를 다시 들을 수 있어서 좋았고 마이클믜 인생믈 함께 느낄 수 있어서 좋았다,1
마이클,마이클잭슨은 빌리진이라는 노래밖에 몰랐는데 엄청 멋있는 사람이었구나 생각했다. 춤만 잘추는 사람인 줄 알았는데 노래도 잘했구나,1
마이클,배우들의 연기와 대중스타의 인간적인 면과 가치관이 드러나는 내용스토리가 좋았네요,1
마이클,역시 마이클잭슨~~!!,1
마이클,"긴 러닝타임에도 불구하고, 그 긴 시간동안 딴짓하는 사람이 한명이 없을 정도로 또 한시간 반이 지날때까지도 시간을 확인하고, 삼십분밖에 안지난줄았알습니다...초반부터 후반부까지 몰입도가 장난 아닙니다.",1
마이클,다음편이 너무 기대됩니다,1
마이클,마잭 음악을 스크린으로 듣고 싶다면 강추.,1
마이클,너무 그립습니다 MJ.,1
마이클,"당분간 마이클잭슨을 추억하며 푹 빠져있을 것 같아요!
친조카의 노력이 고스란히 전해졌습니다.",1
마이클,"그래도보길 잘했다
다시볼수있을꺼같다
나의 1980~1990년",1
마이클,볼만했음 중1아들은 재밌다고,1
마이클,"노래는 정말 좋았지만 무언가 빠진 느낌
마이클 잭슨의 음악을 시원하게 듣고싶다해도 비추",0
마이클,"기다리다 개봉하는날 영접~
재미나고 재미나고~
감동만땅 감동만땅~
자파잭슨이 마이클을 환생시켰네요~",1
마이클,마이클은 마이클이다!,1
마이클,"젊은 시절을 생가나게 해 준 아주 감동적이고,

공감가는 영화이고, ost는 더 이상 설명이 필요없는

음악들로 꽉찬 기분입니다. 마잭을 좋아하시는 분들은 

제대로 감동받으실 겁니다.^^",1
마이클,마이틍 그립네요..,1
마이클,"미국에서는 고증오류가 많다고 까이는 영화여서 걱정반 기대반으로 봤는데.
그럭저럭 노래는 잘나온 마이클잭슨 영화라고 생각하고 보면 편할듯.
다만, 고증오류나 주변인물들 미화라던지 부분은 고민할 부분임",1
마이클,"와우.. 꼭 츄천해요 2탄도 너무 기대됩니다
시간가는줄 몰랐어요",1
마이클,끝이 너무 아쉬웠지만 그게또 좋았습니다 오랜만에 아이들과 즐거운 영화였습니다,1
마이클,노래만 들으러 가는거다,1
마이클,재미있게 잘 봤어요~♡♡,1
마이클,너무좋았고 너무슬퍼요…엠제이…,1
마이클,"마이클의 어린 시절부터 지금의 모습까지를 그때의
노래로 표현하는 것이 즐거웠음👍🏻",1
마이클,음... 기대보단 별로긴 합니다만 볼만 합니다.,1
마이클,기대많이 했는데..,1
마이클,"보헤미안 랩소디 보다는 영화적인 몰입도가 떨어지지만
빌리진 하나의 무대만 해도 가치가 있음",1
마이클,"마잭 콘서트 영화라고 생각하면 괜찮은영화
전기영화로서 내용은 아예 없는수준이고 마지막 30분에 모든걸 몰빵해둠",1
마이클,재밌게 잘 보았습니다...,1
마이클,마이클 이름만으로 설명이 되는 최고의 영화 였습니다♡👍👍👍,1
마이클,"영화가 짧게 느껴질만큼 지루할틈이 없었어요 
과거시간여행으로 눈과 귀가 즐거웠던 영화^-^b",1
마이클,"안타까운 지니어스의 삶
보는 내내 귀호강했으나 알고보는 입장에서 슬펐음",1
마이클,"진짜 재밌어요

마이클 너무 멋있네요",1
마이클,싱어롱을 어서 티켓오픈해라!!!! 노래 따라 부르고 싶어 미치는줄,1
마이클,어렸을 때 팝송이라는 건 알지도 못했는데 그때 마잭 노래 처음 들었을때의 충격은 아직도 남아있는데 과거여행하고 온 느낌이에요. 잘 봤습니다.,1
마이클,재관람 예매하려고요,1
마이클,"좀 더 깊이 들어가지 못하고 안전한 연출을 한건 아쉽지만, 동선 하나하나 똑같다 느낄 정도로 배우의 연기는 훌륭함",1
마이클,"진짜 마이클의 목소리로 부르는 노래, 진짜 마이클의 춤을 느낄 수 있는 공연 실황을 imax관에서 보고 싶다 진짜에 대한 갈증을 느끼게 한 것이 영화의 유일한 장점",1
마이클,그를 아는 이들에겐 선물같을 영화,1
마이클,살아있는 마이클잭슨 보고온것같음,1
마이클,MJ 덕후가 아닌 빌리 진 밖에 모르는 일반인이 보기에는 너무너무 재밌었습니다. 찐 팬들은 고증이 아쉽다고 하던데 저는 개인적으로는 너무 즐거웠어영,1
마이클,과거로 돌아가는 기분좋은 향수같은 영화였습니다. 보는내내 행복했네요 ㅎㅎ,1
마이클,마이클 노래듣는데 전 왜 눈물이 날려고하죠? 싱어롱으로도 했으면 좋겠어요 🙏 마이클노래를 듣는건만으로도 충분한 영화라고 봅니다,1
마이클,그나저도 미화인게 슬프다,0
마이클,"영화로서는 뭔가 싶지만 그의 음악을 들을수 있는걸로
다른게 필요한가 싶기도…",1
마이클,"너무 좋았어요
빌리지 나올때는 감동입니다
다시 보고 싶어요",1
마이클,꼭 2번이상 필수입니다 대박,1
마이클,재밌게잘봤습이다!!!,1
마이클,보는 와중에 너무 좋아서 누구랑 두번째 보러 올까 처음으로 생각해봤네요. 마이클의 순수한 마음과 음악에 대한 열정이 나는 언제 이런 마음이 있었던가 동경하게 되는 동시에 그가 그리워집니다.,1
마이클,영화 한 편에 마이클을 담기엔 무한대의 연출과 장면이 필요. human nature 공연 장면에는 하염없이 눈물만…ㅜㅜ love michael,1
마이클,영화끝나고 느낀 점 뭐지? 왜 여기에서 끝남? 뭐야??,1
마이클,최고였던 그를 담기엔 지나치게 안전한 선택이었다,1
마이클,"최고의 영화♡
나오는 길 내내 흥분. 이런기분 오랜만이네요.
또 보러 갈거임~~~^^",1
마이클,보고싶어요!!!ㅜㅜ 마지막에 마이클잭슨 영상나왔음 얼마나 좋았을까,1
마이클,그이기에 좋은점 그리고 아쉬운점,1
마이클,춤선이 실제와 너무 달라서 몰입이 안 됨,0
마이클,마이클잭슨의 인간미와 인생을 담지 않은영화! 인생의 절반을 날려버린 아니 다루지 않은영화!! 고인이된 마이클을 두번 죽이는 영화!! 누군가가 상업적목적만을 위해 마이클이 부활된거같아 슬프다...,1
마이클,"감격스럽게 몰입해서 보았네요. 
청소년기에 겪었던 그의 음악들을 50대가 되어 다시 들으니 감개무량해요.",1
마이클,콘서트영화 음악영화 보는기분으로 보면 굿,1
마이클,잘 봤습니다,1
마이클,영화 자체는 더할나위 없었,1
마이클,마이클 잭슨이 어떻게 컸는지~~~~대한 내용 입니다.,1
마이클,추억이 되살아난듯 마음은 청춘인듯 관람내내 즐거웠네요 강추합니다 ~~~,1
마이클,영화 보고 나니까 더 그리운 마이클 잭슨,1
마이클,"콘서트 보는 기분, 몰입력 강한 오락 영화",1
마이클,생각보다괜찮았습니다 처음엔억지스런춤이 과하게이상하더니 묘한중독이있네요 원래마이클좋아하는건아니었지만 유명한노래가나오니 몰입되서보게되고 저절로추억소환됨,1
마이클,오랜만에 진정 재미있는 영화를 보았습니다 마이클잭슨이 보고 싶네요,1
마이클,전율이 흐르네요 재미잇어요,1
마이클,감동보다 공허한 마음으로 극장문을 나왔다. 자꾸 생각나는 마이클!!!,1
마이클,또 보고 싶어요 끝나니 마이클 잭슨 노래가 계속 흥얼거려져요 ㅠㅠ,1
마이클,"진짜 재밌는데 이것보다 더 재밌게 만들수도 있었을거 같음
배우 연기는 진짜 신들림",1
마이클,"가족과 자신의 음악적 정체성 사이에서 고민, 천재적인 뮤지션에서 시대를 초월한 아이콘이 되기까지....",1
마이클,1막만 우선 본느낌 그 뒤는??,1
마이클,너무너무너무너무 즐거운시간였습니다.,1
마이클,"감동있게 잘 보았습니다 
음악까지 최고였어요",1
마이클,"마이클잭슨 연기를 너무잘하는 배우
노래만 들어도 기분좋은 영화입니다",1
마이클,"마이클 잭슨의 위대함을 다시 일깨워주네요
오늘부터 빌리진 백번은 들을듯",1
마이클,재밌게 잘 봤습니다~!!,1
마이클,마이클영화엄청재미있었어요 마이클잭슨처럼 노래도엄청잘부르시고 아주 듣기도좋고 아는노래도 나오고 그렇게지루한거도 없어가지고 그래서엄청재밌게 잘봤습니다,1
마이클,정말 기대 많이 한 마이클 ! 기대만큼은 아니지만 그래도 70%정도는 도달한 것 같다. 2편도 후속작으로 나올 것 같은데 그때는 좀 더 다듬어서 잘 만들었으면 좋겠다.,1
마이클,"오컬트도 이 영화의 장르 중 하나로 인정해줘야 한다. 마이클 잭슨 친조카가 120분 동안 천국? 지옥? 아무튼 저승에 있는 천마님 데려오려고 둠칫둠칫 강령술을 펼치는데, 이게 오컬트가 아니라면 대체 뭔가.",1
마이클,마이클 2가 나오는건가요? 어린 마이클의 성장에 안타까운 맘이고 추억의 팝을 듣는게 좋았어요.,1
마이클,다 아는 노래구먼 .,1
마이클,마이클잭슨 진짜 멋있습니다!,1
마이클,마잭의 유년시절 뿐인 단편영화이지만 자파 잭슨의 춤은 갓벽했다. 다음편을 빨리 내놓아라,1
마이클,음악이 아직도 귀에 쟁쟁하네요 마이클에 대해 가족사 등 소상하게 알게 되었네요 멋졌습니다,1
마이클,영화를 상영하는 내내 귀가 즐겁구 왠지 모를 뭉클함이 있었어요,1
마이클,콘서트를 본듯 너무 좋았어요,1
마이클,재밌어요 초강추입니다,1
마이클,"마이클의 몰랏던 내용을 알 수 있었어요!
음악도 너무 좋았음",1
마이클,마이클 좋아요 마이클마,1
마이클,몰랐던 내용도 있고 무엇보다 마이클의 심리적 상황을 잘 묘사해서 좋았습니다!,1
마이클,"직접 라이브와 춤을 하는 잭슨 조카!!!
하늘에서 보는 그는 어떤 마음일까?! 여튼 참 내내 그를 추억하며 종일 벅차오르다^^",1
마이클,너무 좋았어요.. 꼭 보셨으면 좋겠어요.. 근래 본 영화 중 개인적으로 1등입니다 ㅠㅠ 아역 배우도 성인 배우도 너무 연기 잘 하고 스토리 전개도 흥미롭고 무대 씬도 정말 공들인 게 느껴졌어요 👍,1
마이클,콘서트를 직접 보는듯한 감동이 밀려오네요~~~,1
마이클,기대한것보단 아쉽지만 재밌떠염,1
마이클,재밌게 보고왔습니다~~~,1
마이클,"유명한 노래 몇개 정도만 알고 봤더니 이런일들이 있었구나 하며 보게됨
노래가 좋아서 극장에서 볼만한듯",1
마이클,가히 평가할 수 없는 레전드..마이클잭슨,1
마이클,뭔가 더 이야기가 있을 것 같은..,1
마이클,나오는 모든 노래를 따라부를 수 있단게 정말.. 대단하다는 생각뿐,1
마이클,"생생한 영상 그때 그시절 마이클이
그립내요
지금까지 살았있었으면 더좋은 곡을
많은 만들고 팬들에 영원한 사라을 받을건데요",1
마이클,너무 단편적인 부분만 나와서 아쉽네요,1
마이클,마이클 잭슨에 대해서는 잘 모름 스토리나 인물의 연기력은 잘 모르겠는데 어째서 보헤미안 랩소디가 더 재밌다고 느껴지는걸까 하다못해 그건 따라 부르고 싶을 정도였는데 속편예고는 진짜 별로다.,1
마이클,"마이클의 가족사를 보면서 가족의 사랑과 자신의
삶을 위한 외롭고 고독한 노력 등 주변을 돕는
대 스타다운 결정, 많은 존경심과 연민의 정을
느끼게 한다",1
마이클,연기 완벽함.. 대단했다,1
마이클,실제로 눈 앞에서 본 기분이었다.,1
마이클,모든것이 완벽했다. 마이클의 마지막까지 다 나올 줄 알았는데..,1
마이클,"너무 재미있게 잘봤네요!
마이클 음악과 함께했던 내청춘이",1
마이클,마지막콘서트는 지렸다,1
마이클,"Speechless....
Awesome 🙌🏻🙌🏻🙌🏻🙌🏻
Highly Recommended 🤘🏻",1
마이클,마이클 역할 배우 2분에게 존경을 표합니다.,1
마이클,너무나 재밌게 잘 봤습니당!!,1
마이클,자파 잭슨이 어느새 마이클 잭슨으로,1
마이클,아...마이클을 이렇게 밖에 표현내지 못하다니....ㅠㅠ,0
마이클,ㅎ냐뉴ㅑㅗ28ㅠ28ㅠㅈ9쥬ㅑㅍㅈ7ㅂ랴뮤ㅐ누,1
마이클,마이클잭슨이 궁금해졌어요,1
마이클,잘 봤는데 보고나서 평들을 보니 기분이 나빠진다. 비평의 힌계인가,1
마이클,시사회에서도 보고 또 보았네요,1
마이클,난마이클을잘몰랐었다..,1
마이클,장난 아니네 마이클잭슨을 완벽하게 소화하지 못하지만 그래도 잭슨가의 핏줄이고 연구를 많이 한 자파 젝슨의 연기력 ㄷㄷㄷ 목소리이며 머리부터 발끝까지 몸짓을 최대한 구현을 했다,1
마이클,아쉬움이 없진 않았지만 충분히 극장에서 볼만한 작품,1
마이클,짧고 흐름 끊기며 생각과는 다른 아쉬움을 퍼포먼스로 끓으며 해소시키는 히트곡,1
마이클,일단 마이클 잭슨 노래땜에 본건데 너무 재밌어요 역시 팝의 황제를 누구도 따라할순 없지만 영화를 보며 그때가 다시 생각나면서 되게 몰입이 잘됬어요 심지어 시간이 긴데도 더 했으면 좋겠다 생각 했어요!,1
마이클,마이클 잭슨의 서사를 보면서 새롭게 알게되는 점과 함께 영화에 몰입이 되었고 작중에 나오는 명곡들이 좋았습니다.,1
마이클,팝의 황제 칭호에 걸맞는 음악과 연출,1
마이클,"자세히는 모르고 즐거웠다
즐거웠으면 좋은거다",1
마이클,"보는 내내 아는 노래들이라 따라 부르면서 관람 했습니다.
예전 한국 공연 관람 못한거 이 영화로 대신 한 풀었습니다.",1
마이클,기대한 만큼 만족스럽지 못했으나 그럭저럭 볼만했다.,1
마이클,"보헤미안 랩소디를 보고 엄청 기대했었는데., 웅장하고 감동도 있지만, 막판으로 가면서 좀 몰입감이 떨어졌었어요., 
그래도 재미있고, 즐겁게 잘봤지만., 스토리적인 부분이 막판에 좀 아쉽네요😂",1
마이클,Live Your Dream and Heal the World,1
마이클,"마이클 잭슨~~~!
어린시절부터의 스토리
귀호강 음악
콘서트를 방불케 하는 공연 영상
일어나 박수치고 앵콜 외칠뻔!!",1
마이클,아버지와 아들의 갈등을 중심으로 풀어간 포인트가 정말 좋았다고 생각한다. 불쌍한 마이클 그의 홀로서기,1
마이클,마이클잭슨이 이런 사람이었구나…. 노래들도 다 들어봤구 연기도잘하고 최고 영화다,1
마이클,마이클 노래 듣는것만으로 좋았다,1
마이클,"마이클 잭슨의 음악과 인생을 잘 그렸네요
퀸처럼 가슴벅찬 영화였습니다.",1
마이클,마이클잭슨의 음악들 만으로도 이미 멋진 영화였습니다!,1
마이클,이야기의 깊이는 아쉬웠지만 볼가치는 충분했어요,1
마이클,"마이클잭슨을 좋아하는 한사람으로서
총편집이 4시간이라고 전해지고있는데
감독판이든 2편이든 빨리나왔으면하는 바램입니다
마잭 영원하라^^",1
마이클,배우 연기도 좋고 노래도 너무 좋아요,1
마이클,팝의 전설 마이클...우린 진정한 아티스트를 기억한다,1
마이클,진짜 장난하냐 일년 기다렸는데 영화를 하 시간이 일분일분 다느껴지네… 영화를 이렇게 만들면 누가영화를 보냐,0
마이클,"오늘 마이클잭슨이 영원히 잊지 못할껍니다 

그의 부귀영화을 기억하고 있습니다 

그의 전설의 황제 영원히 잊지 않겠습니다",1
마이클,"마이클은 피아노나 기타 같은 악기를 전문적으로 연주하지 못했고, 악보를 읽거나 쓸 줄도 몰랐습니다. 대신 그는 녹음기를 들고 다니며 오직 자신의 목소리(구음)만으로 작곡을 했습니다.
천재란 이런 사람이죠",1
마이클,재밌어서 또 보고 싶어요,1
마이클,오오 여론과 비평가의 평이 극과극이지만 마이클 잭슨을 좋아하는 사람으로서 충분히 즐겁게 봤습니다.,1
마이클,"마이클잭슨 일대기를
보는것 같아서 너무 재밌었습니다^^",1
마이클,잼나데요 혹ㆍ읻닝우리는,1
마이클,와.. 최고.. 마이클.. 천마시여 😭,1
마이클,영화보다가 중간에 끊은 느낌...,1
마이클,마이클잭슨 성장기 일대기 ~~~엣추억 생각나는 영화 ~~~,1
마이클,배우가 마이클을 잘 재현해서 멋진 다큐를 본 듯한 기분이에요,1
마이클,"마이클 형의 

노래 들을때마다 찌릿찌릿 하네요",1
마이클,마이클 메들리만 아니었어도.,0
마이클,"팝의 황제. 무대와 노래만으로도 볼 가치는 충분하다. 단, 영화관에서 봐야 재미가 백배",1
마이클,진짜..최고!!!! 사운드빵빵한 영화관에서 꼭 보시오!,1
마이클,마이클잭슨이 그리워지는 영화네요,1
마이클,재밌게 잘 봤습니다..,1
마이클,넘 재밌어요. 마이클잭슨 보고싶어요. 최고의영화. 2편이 기다려집니다,1
마이클,실망시키지 않았습니다. 빨리 후속 나오길 바랍니다.,1
마이클,그리운 마이클... 엔딩에 실황 영상이 들어갔다면 더 좋았을꺼 같아요,1
마이클,너무나 재미있게 관람했네요 마이클,1
마이클,"한 번이라도 그의 노래를 들어본 적이 있다면
절대 싫어할 수 없는 영화. 
시간 가는 줄 모르고 대형 스크린으로 그와의 추억들을 즐깁니다.

P. S. 대중 영화에서 서사와 예술을 찾으신다면..
Bark up the wrong tree.",1
마이클,대박. 또볼겁니다. 다들 보세요 제발,1
마이클,"영화 중간중간 나오는 노래와 스토리가 잘 어울렸고, 뒷이야도 영화로 나오몀 좋을 것 같습니다:)",1
마이클,80년대 히트곡을 들으니 옛날 생각이 새로새록...,1
마이클,"어릴적부터 외로운 사람이였네요. 안타깝고 안쓰러우면서도 
멋진사람이였네요. 그렇게 멋지다는 왜열광하는지 이해못하는 1인이였는데 역시 그많은 사람들이 좋아할때는 다 이유가 있었네요.. 멋진사람~마이클",1
마이클,재밌게 잘 봤습니다 ㅎㅎ,1
마이클,마이클도 어려서부터 고생이 많았네요,1
마이클,매끈하게 이어지는 연출은 아니지만 마이클 잭슨의 노래를 좋은 음향으로 들었음에 만족합니다,1
마이클,너무너무 그리운 마이클 온몸에 전율이 느꼈어요.꼭 봐야합니다,1
마이클,재밌게 잘 봤습니다 ㅎㅎ,1
마이클,"영화를 보는 내내 고등학교 시절로 돌아가 있는 것 같았어요. 마이클 잭슨 조카의 춤, 노래는 정말 감동이었습니다.",1
마이클,"자파잭슨의 연기.. 특히 후반부 연기가 좋았구요, 무엇보다 마이클의 음악은 위대합니다 Long live the King!!!!",1
마이클,"오랜 팬으로서 보는 영화인 부분으로 감안하겠습니다. 

MJ가 해온 것들, 가족 갈등만을 1편의 주된 내용으로 마무리 하기엔...이 영화가 크게 의미가 있는가에 고민이 되었습니다.

깊은 서사와 배경은 부족",0
마이클,솔직히 스토리가 뭐 필요합니까. 마잭형 노래 들으러 가는거지,1
마이클,배우 연기와 공감대 형성이 좋았음,1
마이클,"아들이 꼭 봐야한다고해서 심야영화로 보고왔는데 
전혀 졸리지않고 몰입도 되고 생각보다 잼있게 봤어요~~^^",1
마이클,가기전에 연출은 별로고 노래만 좋았다고해서 좀그런가했는데 전 좋았습니다. 한편으로 끝나지 않은것이 좀 아쉽기는 했습니다.,1
마이클,보헤미안 랩소디는 극장에서 4번 봤어요..같은 감독 맞는지 의심스러울 정도로 지루함..그냥 마이클 잭슨 영상 찾아보는게 나음..,0
마이클,연출력없는 감독이 마이클잭슨을 망쳤다. 2편은 못 나올듯,0
마이클,아주 멋진 장면들과 아주 구린 장면들이 뒤섞였다. 근데 안타깝게도 구린 장면들이 조금 더 많다.,1
마이클,"귀가 호강^^
자연스럽게 재미있게 봤어요 ^^~",1
마이클,끝나는게 아쉬웠어요. 갑자기 뚝 끊긴 마무리.,1
마이클,드러나지않은 진실이 있다는 유투브 영상을보고는 좋게 볼수는 없는 영화..,0
마이클,재밌게 잘 봤습니다 평점 8점입니다.,1
마이클,배우 고생 많이했네,1
마이클,어떤 수식어도 초라하게 만들어버리는 The king of pop,1
마이클,"팝의 황제 마이클 잭슨 팬으로서 너무나 그리움 
영화를 통해 다시 접하니 그때 그시대 뮤직비디오 
콘서트 방송으로 많이 봤는데, 기억 추억 떠오른다
N차 관람 해야겠다 ~ ^",1
마이클,"인류 역사상 가장 위대한 아티스트
인간들이 신이 보내준 천사를 죽음에 이르게 하였다.마음 아플뿐이다.",1
마이클,마이클잭슨에 대해 잘 알게되어서 좋은 영화였습니다!,1
마이클,Gtreatest of al!!! Miss u Mj,1
마이클,마이클은 최고의 아티스트 이전에 착한 사람이였다!,1
마이클,"갼만에 귀호강하면서 영화를 봤습니다.
노래도 좋고 영원한 영웅의 춤도 멋지네요.",1
마이클,"항상 보고싶은 mj
스크린으로라도 반가운 그이름",1
마이클,"일단 노래가 진짜 너무 몰입감 있게 좋았고 대부분의 공연씬들은 나도 모르게 박수를 치려 할 정도
하지만 그 외 편집 부분에서 좀 질질 끄는 느낌이 있었지만 노래 하나만으로 이영화를 봐도 볼 가치가 있음",1
마이클,마이클잭슨 세대는 아니지만 지금 보아도 전혀 촌스럽지 않은 점은 역시 그는 팝의 황제였다는 사실!,1
마이클,"세계 최고의 팝 가수 마이클 잭슨♡
노래가 너무 좋다!!!",1
마이클,그저 그런 잭슨팔이,0
마이클,춤과 노래 완벽하네요 귀호강했어요,1
마이클,잭슨의 모든것이 감동적이네요 모라고 표현할수없네요 최고입니다,1
마이클,팬들을 위한 헌정영화이다..다만 완성도는 떨어지지만..그의 음악을 imax관에서 듣고 봤다는것에 의의를 둔다..너무 진정한 리스펙 뮤지션이라 어쩔 수 없었다 ㅠㅠ,1
마이클,"잘 만든 상업영화. 마이클 잭슨 뽕에 차올라서 2박3일 동안 그의 노래만 들었다. 전생애의 이야기 다 1,2,3으로 만들어주지… 엔딩크레딧이 올라가는 걸 보며 ’이렇게 끝난다고??안돼 더줘!!!‘ 하고 울부짖을 뻔.",1
마이클,마이클 잭슨을 경험 해보지 못한 세대들에게 간접적으로나마 황제라 불리우는 이유를 알게해준 영화 입니다.꼭 한번씩들 보세요. 콘서트에 온 기분 ㅎㅎ,1
마이클,영화의 서사나 스토리 다 필요없고 그의 음악으로 채워도 충분하다. 이제 A면을 다 들었의니 B면이 남았다. 얼른 들어아겠지? 그러니까 2편을 얼른 내놓아라.,1
마이클,그리운 마이클잭슨. 아버지 역은 정말 때려주고 싶게 잘하네.,1
마이클,"너무 좋고 재미있었지만 , 마이클잭슨의 삶에 있어서 여러방면으로 담아졌기를 바랬는데 조금은 아쉽습니다.",1
마이클,"최악의아버지
최고의어머니

근데 2편만들라고 편집을 너무 질질질 끌었다",1
마이클,"마이클 잭슨의 좋은 노래들을 들을 수 있어서 좋았어요
끝나고도 여운이 남아 자리를 못 뜨고 노래를 들었어요",1
마이클,두번을 없을 아티스트,1
마이클,"마이클잭슨에게 열광하던 학창시절로 돌아간듯했어요
공연장면등 몰입감이 최고입니다",1
마이클,마이클잭슨 일대기의 1부를 잘 봤어요,1
마이클,역시 아이맥스로 보길 잘했다. 사운드 빵빵하고 마치 현장에 있는 느낌. 진짜 마이클이 마이클했다,1
마이클,"전기 영화라고 하기엔 흐름이 끊겨서 알아봤더니,
2부작까지 예정된 작품이였네요.

퀸 영화 대비 아쉬운 부분들이 다소 느껴지지만 2편을 위한 빌드업이란걸 감안하면 괜찮다고 생각됩니다.",1
마이클,영화가 찗다...진짜 마이클잭슨이 살아있었다면...하는마음으로 상영시간내내 좋았고 마지막 잭슨투어 공연부터 배드 공연까지는 자파잭슨이 아니라 마이클잭슨이었다. 속편이 나와주길 기대해본다. 킹오브 팝,1
마이클,보헤미안랩소디 이후로 또 다른 명작. 동시대를 살았지만 그땐 내가 너무 어렸기에 그를 잘 몰랐지만 영화를 본 후 그시절 마이클을 그리워하게 해준 영화가 될 것 같다.,1
마이클,"마이클 잭슨 세대도 아니고 아는 노래도 몇개 없지만 왜 그렇게 열광을 했는지 단번에 이해됐고, 싱크로율도 신경 쓴게 보여서 자파 잭슨도 대단하다했음!",1
마이클,알고있는사실이지만 넘재미있게 잘봤습니다.,1
마이클,"시사회 당첨으로 한 번 보고 두 번째 관람.
이번에도 즐거웠습니다 :)",1
마이클,마잭 헌정영상 !!! 영상미 대박입니다 😃😃😃😃😃😃😃😃,1
마이클,초4 아들이 너무 좋아해서 보았다가 저도 감동적이였어요,1
마이클,마이클 정말 멋지다!!!,1
마이클,마이클의 인생은 행복했을지 묻고 싶어져요,1
마이클,"잭슨의 여운이 아직까지 느껴집니다
잠들기전 명곡들을 플레이 리스트에 추가하여 들으며 잠들어야겠습니다",1
마이클,2번째 보는데 너무 좋았어요!! 역사적인 순간을 보게 되어 너무 감사했어요,1
마이클,즐거운 시간이었습니다.,1
마이클,역시 큰 관에서 바야죠..,1
마이클,You are really bad!,1
마이클,"와!!!! 눈매, 턱 라인, 음색까지 진짜 마이클을 보는 느낌. 눈물이 나더라고요. 음악 듣느라 두 시간이 훌쩍 갔네요!!!!",1
마이클,다시 마이클잭슨 노래를 찾아 들어봐야겠네요 ^^,1
마이클,예상보다 마잭 느낌을 더 잘 살려서 좋았음.,1
마이클,"그의 세대가 아님에도 불구하고 보는 내내 즐거웠다. 왜 팝의 황제라고 불리는지 알 수 있을 정도로.. 
 다만 영화가 그의 이야기에 집중했다고는 보기 어려운 느낌. 원가족 미화가 심한느낌? 3.5/5.0",1
마이클,마이클잭슨 그자체 에요 완전 너무재밌어서 2번째관람 햇어요 강추!!!,1
마이클,마이클잭슨과 매우 흡사한 배우,1
마이클,Remembering Michael Jackson 🙏,1
마이클,"넘 감명깊게 봤어요.
강추입니다!",1
마이클,"너무 산업영화의 그것이 느껴짐
그치만 노래는 좋음...",1
마이클,너무 좋아요!! 여운이 계속 남아요,1
마이클,각본은 필요가 없는 공연 재현 영상이지만 그래도 마이클 잭슨의 노래를 듣는 것만으로 귀와 눈이 호강,1
마이클,팝의 황제. 그는 영원히 살아있다,1
마이클,"마이클의 조카가 연기한 마이클 너무 잘 봤습니다! 
음악도 여전히 너무 좋음 ^^",1
마이클,"생각보다 훨씬 재밌네요
이왕이면 IMAX로 보길 권장합니다
봐보니까 그렇게 느껴지네요",1
마이클,음악 최고최고 영혼이 맑아지는 느낌,1
마이클,감동적입니다 감동적입니다,1
마이클,마이클잭슨의 명곡들 너무 감동적이었습니다,1
마이클,마지막 공연 장면 하나로 나의 이만원의 가치는 충분했다!!!! 미쳤다 !!!,1
마이클,재미있게 봤어요.배우님 연기도 엄청 노력을 많이 한것 같아요.,1
마이클,아이맥스서 보고 리클라이너로 한번 더 볼 예정 입니다,1
마이클,배우분이 연기를 너무 잘해요 분장도 실제 마이클잭슨이랑 너무 닮음 노래도 신나고 스토리도 지루하지 않고 잘 봤습니다,1
마이클,마이클잭슨을 볼수있어서 너무 좋았습니다,1
마이클,"이건 끝났다 올해 최고의 작품이라 생각한다 
두말하면 잔소리다 진짜 재밌다",1
마이클,보헤미안 랩소디에 비하면 서사가 너무 약함. 다이애나 로스 엘리자벳 테일러 태이텀 오닐 자넷 잭슨 등등 마이클 인생에 중요한 인물들이 하나도 안 나온 것도 실망,1
마이클,"노래와 스토리 너무 좋았어요
오랜만에 신나는 영화였어요

평택역 16일 4D K7,8 커플 아주 애정행각을...영화는 안보고.. 방을 잡고 넷플릭스나 보지
왜 남에게 피해를 주는지 창피한줄 아세요
싸움날까봐 참았음",1
마이클,"어릴때 모습이 너무 가슴아팠어요
즐거운 관람이었습니다",1
마이클,"영화 보고 집갈때 문워크로 가버렸다
모든것이 완벽한 영화 ㄷㄷ",1
마이클,역시 MJ 음악은 언제 들어도 전설 그 자체이다... 그치만 영화 전개는 그닥..,1
마이클,무대연출과 노래감상만으로도 충분히 값어치를 낸 영화,1
마이클,ip는 최고! 마이클 잭슨 이즈 킹오브 팝!👑🫅,1
마이클,MJ의 팬으로써 다른 사람들의 평이 어쨌던 난 좋았다..,1
마이클,짜릿하네요~ 찌릿찌릿,1
마이클,"음악만으로도 별세개는 기본. 스토리와, 배우 연기 합쳐 별 다섯개",1
마이클,OST가 진짜 대박이에요,1
마이클,개인사를 몰랐는데 슈퍼스타임에도 힘든 과거가 있었다는게 짠내 포인트. 아역과 어린 배우 모두 접신한 듯한 열연에 박수를. 명불허전 보헤미안 랩소디 제작진도 수고 짝짝,1
마이클,너무 일찍 세상을 등진 천재 아티스트가 최고 위치에 서기까지의 희노애락~ 세상의 선한 의지를 지키고자 애쓴 그의 음악은 영원하다! 1988년 영국 'BAD'의 무대는 인상적~ 주옥같은 그의 곡들을 찾아 듣게 될 듯!!,1
마이클,그냥 큰 화면으로 마이클의 노래를 함께 즐길 수 있다는게 너무 좋았다,1
마이클,그의 생애와 주변인물과의 내용을 알고 나니 안타까움과 씁쓸함만 가득해진다,1
마이클,화려한 포퍼먼스와 천재성 있는 팝의황제 일대기,1
마이클,너무 재밌게 봤습니다! 보고싶어요 마이클잭슨 ㅠㅜ,1
마이클,"내용보다는 그시절의 음악이 주는 향수가 있어서 
좋았어요",1
마이클,눈물났어요 소녀시절에 마이클에 열광하던 그시절로 잠시 여행 다녀온 감동이 이루 말할수없습니다,1
마이클,"조카라더니 연기는 좋았어요.
다만 마이클의 여러 서사가 빠져서 아쉽.",1
마이클,fgjjfcjgdgjufh,1
마이클,마음 따뜻한 아티스트,1
마이클,중간에 끊긴것같은 느낌이지만 음악영화로 낫뱃,1
마이클,보헤미안랩소디랑 너무비교되 ㅠ,1
마이클,화려하지만 그타만이 가지는 외로움과 고뇌를 잘 표현 하였다. 관객과 팬들의 그리움도 많이 생겼을 듯.,1
마이클,마이클을 보며 자라온 세대로 공감됩니다,1
마이클,"마이클 역할을 참 잘한것 같네요
열심히 연습한 티가 보여요",1
마이클,자파잭슨한테 마잭이 잠시 다녀가셨나.. 너무잘함,1
마이클,인생영화 두두둥장 마잭을 기억하는 세대의 사람이면 꼭 봐야한다,1
마이클,시대를 초월하는 마이클의 힘!!,1
마이클,"약간 기승승승전......같기도 하고 좀 끊기는 느낌이라
후속이 있다면 후속편이 기대됨",1
마이클,마이클잭슨 팝의 황제 다워요~최고입니다 👍,1
마이클,"상당히 몰입해서 보았네요. 명곡들을 다시 듣는 감동, 처음 듣는 곡들에서 느낀 그의 음악세계, 참 좋았습니다. 인생서사도 이쯤이면 괜찮았지 않았나 생각합니다. 후반부의 강렬한 사운드 역시 인상적.",1
마이클,"화려했지만 외로웠고 외로웠지만 따뜻하고 용감했던
영원한 아티스트 마이클. 2탄도 기대할게요 :)
시간이 순삭 이였네요.",1
마이클,마이클보다은 잭슨 5으로 이름 바꾸고 잭슨 5레 더 집중하고 마이클 영화를 따로 만드는게 좋았을듯 보면서 언제 끝내려고하지? 생각하다 너무 만드다 말아버린 영화같이 끝나서 읭? 끝이라고? 싶었음,1
마이클,"I`ll be there with a love that`s strong
I`ll be your strength
I`ll keep holding on. oh oh oh
Yes I will (holding on), yes I will",1
마이클,"큰 기대를 하고 봤는데 조금 실망했어요
그냥 다큐멘터리에 불과핸 영화
사실 공연 영상을 기대했는데
그건 2편에나 기대해야 할 듯",0
마이클,"마이클 잭슨을 다시 볼 수 있어서 좋얐어요..
추억 소환~ 마이클2 나오겠죠?",1
마이클,"평면적인 캐릭터, 축소된 티가 나는 불안정한 전개, 그걸 압도하는 마이클 잭슨의 음악과 무난한 재미",1
마이클,마이클잭슨에 현시대의 아이콘!!,1
마이클,생전 마이클이 가정폭력 가정에서 성장 했다는 사실을 몰랐는데 영화를 보고 충격이었다. 그런 환경에서도 찬란한 빛이 났던 마이클을 보고 자식을 키우는 부모로써 많은 생각을하게하는 명작이었다.,1
마이클,"영화는 너무너무 좋았지만, 그의 외로운 인생이 영화내내 떠올라 마음이 복잡했다.",1
마이클,"명곡을 영화 한 편에 담기에는 아쉬움
후속작 기대",1
마이클,후속편 기대하겠습니다 재밌게 잘 봤어요!!,1
마이클,그냥 보세요.다른 말 필요없습니다.그냥 보세요,1
마이클,"오랜만에 좋아하는가수 공연본 느낌
노래도 춤도 너무 좋았어요
함께 즐기는 느낌",1
마이클,개봉 전 예고편 보고 마이클 잭슨이 환생한 줄 알았는데 마치 실제 뮤직비디오와 콘서트를 본 듯 갓벽하고 가창력과 퍼포먼스 다 찢어버린 영화,1
마이클,옛추억고마워요 잘보았습니다 재미있게,1
마이클,옛추억고마워요 잘보았습니다 재미있게,1
마이클,자파르 잭슨은 훌륭하게 이야기를 이어가고 연출의 디테일은 흠 잡을수 없다,1
마이클,기대 했던 영화. 흡족은 아니지만~~잘보았아요 N차관람 합니다. 꼬마 마이클잭슨~~귀엽네요,1
마이클,"무난한 전기영화
확실히 잘따라하긴했는데, 실제 공연이랑 비교되는건 어쩔수없음",1
마이클,"아버지와 갈등파트 비중이 넘 많지만
재밌었습니다.",1
마이클,스크린엑스로 즐겁게 감상했습니다.,1
마이클,재미있네요 후속 기대할께요,1
마이클,"마이클잭슨의 어린시절부터 성공하기까지의 스토리와, 천재적인 음악성, 스타성을 잘 표현해서 재밌었습니다.
후속작도 기대됩니다.",1
마이클,아이맥스로 보았는데 시간가는 줄 몰랐어요,1
마이클,마이클 재미있게 보았습니다,1
마이클,"이야기는 계속된다!!! 하셨으니~~~ 2편 나오는 거쥬??!!
화려한 무대 뒤 인간 마이클의 인생을 잘 들여다 볼수 있는 시간이었어요~~아는 음악에 둠칫둠칫! 싱어롱 상영도 강추강추합니다~^^",1
마이클,음악 신나게 듣고 왔네요~~~,1
마이클,2편이 기대됩니다,1
마이클,"여러 평론가들의 평을 듣고서 조금 걱정을 했는데
저는 너무 잼있게 봤습니다~~
춤은 당연히 마이클잭슨과는 비교불가지만
그래도 전반적으로 좋았어요~~
이건 다음편이 또 나올 것 같네요",1
마이클,마이클의 따뜻하고 깊은 인간적인 면을 보게 되어 감동입니다. 친구도 없이 얼마나 외로웠을까 싶고~~~ 하늘이 내린 빛과 같은 마이클~~~♡ 2편이 기대됩니다.,1
마이클,자파잭슨의 연기 최고였어요...거의 마지막부분에 스토리가 약간 아쉬운점이 있지만 그래도 마이클잭슨의 일대기영화를 볼수있어서 좋았어요...시간날때 또 관람하려고 합니다...,1
마이클,큰 기대는 하지 않았는데 나름 볼만했어요,1
마이클,오랜만에 진짜 엄청나게 몰입하면서 본 영화였다,1
마이클,즐겁게 음악감상 했네요,1
마이클,마이클잭슨의 춤과 노래를 듣고 싶었는데 나의 기대를 총족시켜줬다.,1
마이클,마이클잭슨의 춤과 노래를 듣고 싶었는데 나의 기대를 총족시켜줬다.,1
마이클,조카가 보여주는 전설의 귀환,1
마이클,배우 연기도 좋고 노래들 다 좋네요,1
마이클,"음악은 좋았어요
영화적 만든새는 다소 평면적인 느낌이어서
좀 아쉽네요",1
마이클,무조건 사운드 빵빵한 곳에서 보세요,1
마이클,정말 재미가 있었다12.,1
마이클,"마이클의 주옥같은 명곡들과 이야기를 다 담기엔 넘 짧은 시간이지만, 빵빵한 사운드로 음악을 듣는 것 만으로도 가치가 있다.
자파르 잭슨의 혼을 갈아넣은 연기와 퍼포먼스도 찬사를 받아 마땅함.",1
마이클,콘서트를 본 듯한 영화,1
마이클,명곡들을 집중해서 감상할수 있어 좋았습니다,1
마이클,2시간이 시간가는줄모르고 노래들으면서 보냈다 진실이 어쨌든 전반적인 스토리에서 다른길로 빠지는듯한 느낌이없어서 쭈욱 즐겼다!,1
마이클,"여러 문제로 영화의 전체 그림이 달라진 건 아쉽지만
마이클 잭슨의 음악을 극장에서 들을 수 있어 행복",1
마이클,"뭔가 아쉽다...공연을 본듯한 여운은 남는데
더 스토리가 탄탄한 연출이였음..
그래도 시간 순삭ㅡN차 관람 할꺼임",1
마이클,그냥 그저 그랬음. 주인공 역할 배우가 많이 아쉬웠음.,1
마이클,역시 아이이어도 퀄리티는 다닙니다,1
마이클,마이클 잭슨이 노래하고 자파르 잭슨이 춤추는 듯한 두사람의 콜라보느낌. 마잭과 비슷하지만 섬세하고 유연했던 마이클과 또 다르게 자파르는 꽤 춤선이 남성적이고 색시한 느낌임. 상당히 퍼포먼스가 좋음,1
마이클,Vibe so good,1
마이클,마이클 콘서트에 온 느낌 최고 앨범인 플랙 오어 화이트가 기다려집니다,1
마이클,전설이 스크린으로 다시 살아났다!,1
마이클,"마이클잭슨을 좋아하지 않았지만 과거, 현재, 미래에도 그 같은 뮤지션은 없을거임. 그의 일대기 전체를 다룬게 아니라 내용면에서 짧게 느껴지긴 하지만 잭슨파이브의 몰랐던 곡들을 들어서 좋았음.",1
마이클,불우한 환경 속에서도 꽃은 핀다,1
마이클,내가 잘몰랐던 마이클잭슨의 삶에 대해서 알게 되어서 좋았다.남주가 마치 마이클처럼 춤을 달 추었다.,1
마이클,"콘서트를 보는 듯 한 영화
완전 강추",1
마이클,"재능.열정.영혼 모든 걸 타고나고 노력했지만 외로운..,아름답지만 슬픈 마이클잭슨 .,, 하늘나라에선 좋아하는 음악 춤만 추길",1
마이클,djdjdkfndkdiejrndnfjfkfm,1
마이클,역사상 최고의 팝스타!!!,1
마이클,"지루하지 않고 좋았어요 속편또한 빨리 보고싶어질 정도로 
잘 봤어요",1
마이클,이전에도 없었고 앞으로도 없을 슈퍼스타에 대해 조금더 알아가는 계기가 되었습니다,1
마이클,감사합니다 수고하세요,1
마이클,마이클잭슨의 일대기를 본후 감동받았고 그가보고 싶어졌습니다~노래도 좋고,1
마이클,마이클잭슨영환데 노래말곤 이야기가없네요. 마이클잭슨의 일대기인줄알았는데... 보헤미안처럼 그사람을 알게될줄알았는데 전혀 그런게 없네요. 큰이슈를 영상화 한게 다인 영화. 큰기대만큼 큰실망,0
마이클,"마이클잭슨의 음악과 춤을 다시 보고 듣는것만으로도!!
많은부분이 생략되어 음악만은 찐이었다!!",1
마이클,지루하지 않고 잘봤어요. 스크린X에서 보니깐 좋긴 좋은데 좀 어지럽네요.,1
마이클,그저 빛..✨️신이라고 밖에 할 말이 없다. 콘서트장에 간것처럼 즐거웠다,1
마이클,"쿠키없음. 엔딩 크레딧에 노래만 나옴.
네버랜드. 맘 아프네요.",1
마이클,자파르 잭슨은 호연이고 음악도 대단했지만 그건 마이클 잭슨의 일이지 영화로서는 그 마이클 잭슨이 누구였는지 아무 관심도 존중도 없었네요,0
마이클,내가 기억하는 마이클잭슨 무대위의 그가 다시 살아온 듯 좋았다,1
마이클,한시도 눈을 뗄 수가 없었어요..넘 잼있고 감동적이고 계속 보고싶네요..넘 멋있어요..,1
마이클,마이클 잭슨의 느낌을 최대한 잘 구현하면서 마이클의 시직을 알리는 모습이 인상적이였습니다. OST도 스토리 전개에 따라 의미를 전달하는 느낌을 받아서 감동적이였네요.,1
마이클,"우와~~~하는 영화 2편도 나오겠지? 하는 영화
시간이 금방 가는것 같았고 노래 나올 땐 몰입 👍",1
마이클,개인적으론 보헤미안 랩소디보다 재밌게 봤고 힘든 과거에서 전설적인 사람이 성장하게 되는 과정이 나와서 재밌게 관람했습니다^^,1
마이클,마이클 잭슨 오랜만에 너무 좋네요~,1
마이클,"중2 아들래미가 먼저 보고싶대서 보러다녀왔어요^^
너무 잼있게 잘봤습니다.
2편 꼭 나왔으면 좋겠습니다♡",1
마이클,꽤나 흥미로웠던 이야기와 음악은 생명,1
마이클,재미있게봤어오ㅡ~~~♡♡♡♡,1
마이클,잘 봤어요. 아이맥스관에서 보니 사운드가 좋아요,1
마이클,"솔직히 기대이상 입니다
한번쯤 볼만한 영화 입니다",1
마이클,어린시절이야기..음악..너무감동..옛날사람으로서 보는내내 음악으로 추억돋고 싱크로율높은 연기 노래 춤을 보며 두번세번감동...그립습니다~~끝날때..뭐야끝난거야???!!!라며 아쉬움..ㅜㅜ마이클2나오길기대!!,1
마이클,멋진 콘서트를 보는 듯한 몰입감과 전율,1
마이클,"너무 좋았습니다~
중학생인 아들과 함께 봤어요~
마이클의 일대기를 이렇게 나마 볼수있고 느낄수 있어서 감동과 함께 즐거웠네요~ 뒷 이야기도 언능 보고 싶네요~^^",1
마이클,대박입니다.. 보면서 영화에 참여한 모든사람들이 얼마나 마이클잭슨 인물이나 촬영기법을 분석하고 연출을 연습했을지 가늠이 안되더라구요ㄷ,1
마이클,천마님 영화 나오신다,1
마이클,"역시 세계적인 스타, '팝의 황제' 마이클잭슨 
그의 갑작스런 죽음이 너무 슬프네요 ㅠ ㅠ 
마이클잭슨의 음악과 춤은 우리 곁에 영원히
빛으로 남으리라",1
마이클,눈물흘렸죠..나도 모르게 빌리진 나올때는 따라부고..다시한번 더볼려구요,1
마이클,당혹스러울 정도로 이야기라고 할게 없다. 오로지 음악만이 남는 듣도 보도 못한 신종 전기영화.,1
마이클,노래 나올때마다 몸이 들썩 거려서 죽는줄ㅋㅋㅋㅋ,1
마이클,슈퍼스타라는 말이 딱 어울리는 마이클잭슨을 소환한 것만으로도 이 영화는 성공이다. 주옥같은 노래를 들으면 그것으로 오케이.,1
마이클,마이클 잭슨이 그립다면 보세요.,1
마이클,감동이되... 너무 신나...,1
마이클,다큐가 아닌 영화로써 매우 재밌게 잘 봤습니다,1
마이클,모든게 좋았다..마이클2도 나왔으면 좋겠네요~~~,1
마이클,기대감을 가지고 본영화. 기대 만족 이었음요,1
마이클,감독 연출력 좋았음,1
마이클,"제목을 바꿔야겠네. '세인트 마이클' 로. 내용도 반 뿐이지만 다른 의미에서도 반쪽짜리 양화.
하지만 아역은 불만없다.",0
마이클,일대기 측면에서 아쉬우나 음악적 측면만으로도 즐거움을 주는 영화. 마이클 잭슨이라 가능한 듯,1
마이클,"끝나자마자 아이맥스관으로 재예매.
가슴 아프도록 아름다운.",1
마이클,지금 마이클잭슨 노래 다시 듣고 있는데..그 시대를 살아온 사람으로 재밌게 봤습니다,1
마이클,지금들어도 그의 음악은 진짜 👍 👍 👍,1
마이클,춤 노래 너무 좋은 영화,1
마이클,"엔딩크레딧이 다 올라갈때까지 일어설수 없었습니다!!!
함께 영화를 보신 모든분들이 그랬다는ㅜㅠ
영화적 연출은 어땠는지 모르겠으나...
그냥 어릴적 마이클잭슨 노래를 살짝 좋아했을뿐인데...
이젠왕팬!!",1
마이클,특별한 재능을 꽃피우기 위해 수많은 팬들의 환호로도 결코 채울 수 없는 거대한 공허를 마음속에 뚫어놓는 가혹한 훈육은 반드시 필요한 것일까...,1
마이클,"자막 다 올라갈 때까지 음악 감상하세요 ^^
댄져러스까지 나올 줄 알았는데...
초반 좀 지루해도 재미나요 ㅎㅎ",1
마이클,한때 마직팬이였던 엄마와 함께~~~,1
마이클,"추억의 마이클 잭슨 노래 빼고 지루한 플롯, 지루한 전개, 지루한 연출. 브로드웨이 뮤지컬 마이클 오리지널 팀이 한국에서 공연 좀 해줬으면 좋겠다.",0
마이클,"고딩인 아들이 마이클 잭슨을 너무 좋아해서 
보여줬는데 넘 재미있었다고 하네요~~
보는 내내 의자가 들썩일정도로 ㅋㅋㅋ 
2시간짜리 콘서트를 본 느낌이었데요😄😄",1
마이클,요즘 퍽하면 레전드가수 하는데 진짜 레전드가 뭔지 보여준 가수의 영화네요. 후편 기대합니다,1
마이클,"아이들을 키우는 엄마 입장에서 마이클잭슨의 어린시절에 마음이 아팠어요 그럼에도 불구하고 너무나도 
따뜻하고 순수한 영혼의 소유자인 그
그곳에선 당신과 같은 사람들과 함께 하길",1
마이클,보면 볼수록 고화질 AI가 의심될 정도로 디테일이 엄청나게 연기도 잘했고 섭외도 잘했어요 ^^ 영화내내 감정하면서 봤어요,1
마이클,"마이클 잭슨이랑 똑같은 조카라니!!!
원하는 음악이 다 나온건 아니라 조금 아쉬운데
2편도 나온다니 기대됩니다.
마이클 잭슨 콘서트 보고 온 느낌이네요",1
마이클,"나의 어릴적 영웅 ㅜ 내용은 기대만큼은 아니었지만
충분히 볼만!",1
마이클,옛날생각이나는영화역시마이클잭슨,1
마이클,너무재미나게보고 마이클이너무그립네요ㅜㅜ,1
마이클,좋다!! 실제 마이클의 인터뷰도 있었으면 했다. 빌리진 배경도 삭제된 것들이 너무 아쉽다. 인간적인 면에서 네버랜드를 추구한 마이클의 인간적 면이 덜 부각된듯하여 아쉬웠다.,1
마이클,역시 마이클잭슨 입니다~,1
마이클,콘서트 보는 것 같아요 재밌습니다,1
마이클,"마이클잭슨에 대해 새로운 것을 많이 알게 됐어요
노래들 덕분ㅇㅔ 귀호강",1
마이클,조금만 스토리있게 만들었으면 좋았을텐데…,1
마이클,너무 재밌게 보았어요~,1
마이클,공연을 본거같은 그런 느낌,1
마이클,음악은 좋았으나 몰입이 어려운 주인공의 연기력,1
마이클,자식은 부모의 꼭두각시가 아니다,1
마이클,"생각보다 재현을 잘했고 반가웠다.
아쉬운점도 많지만 그냥 마이클을 추억하며 보기에는 괜찮았다",1
마이클,끝마무리가 후속편이 나올수밖에 없게 했네. 2편도 빨리 나와서 보고깊네요~ 잘 알지못했던 음악도 듣게되서 너무 신나고 잼있었음!!! 마이클~~~,1
마이클,"자파잭슨의 노력이 돋보였고
연출도 좋고 무대재현도 넘 좋았다
다음 마이클의 이야기가 기다려진다",1
마이클,천상의 가수 마이클이 다시 보고싶네요.,1
마이클,"마이클잭슨 무대연출스토리와 유년기시절의 내용 
큰스크린으로 짜릿하게 무대를 보고 노래를 듣고 너무 좋았어요.다소 미흡한 인물관계가 있지만 재미나게 봤어요",1
마이클,"마이클의 어린시절이 가슴 아파요!
그 모든것을 극복하고 인성도 아름답고
천재적인 그의 음악성이 놀랍습니다!!",1
마이클,"기대 믾이했는데 좀 아쉽
기대한것에 비해서는 스케일이 적네여",1
마이클,"팝의 황제~ 마이클 잭슨
보는 동안 슬퍼네요
마이클 잭슨 노래를 다 아는건 아닌데
익숙한 노래들이 나와서~너무 좋네요
좋은 영화 잘 봤습니다",1
마이클,너무너무 재미있습니다👏👏👏 '마이클 잭슨' 그 이름만으로도 이미 넘쳐나는 최고의 영화입니다. 빨리 다음 편도 나왔으면 좋겠습니다 ㅎㅎㅎ,1
마이클,"비트 잇, 빌리 진 등 팝의 황제! 문워크 마이클",1
마이클,콘서트에 온 느낌 그대로!,1
마이클,2026/5/16 관람,1
마이클,무대 재현을 정말 말했네요! 시간 가는 줄 모르고 재밌게 봤네요! 갑자기 끝나는 것 같아당황스러웠는데 당연히!!! 후속편 기대해도 되겠죠!! 2편 기대!!!,1
마이클,좋았어요 그시절에 내가 좋아 했던 마이클 잭슨에 노래와 춤 다시보니 최고,1
마이클,마잭의 이야기는계속된다 겁나재밌게 봤습니다,1
마이클,마이클젝슨 이 정말 살아돌아온거 같다 음악들이 다 좋았다,1
마이클,조금 아쉬운감이 있지만 잘 보았습니다. 또보고 싶네요.,1
마이클,공연 보는 즐거움 스토리는 이거저거 다뺀 안전빵,1
마이클,재밋게 봤는데 확실히 아쉽긴 하네요..,1
마이클,좋아요 😀 예전에 마이클 한국 무주리조트 방문 시 KFC치킨 내가 만들어 주었는데 ^^ KFC치킨 나올줄 알았는데~~병원 씬에서 나오네요 ㅋㅋㅋ 검정 정장 착용한 서너명이 방문 해서 치킨 가져간 것이 생각나네요,1
마이클,재밌게잘봤어요 감동입니당,1
마이클,"너무 재미있게 봤어요 
마이클잭슨 노래를 들으니 옛날 생각도 나고 즐거운 시간 이였습니다",1
마이클,"사실 큰 감동은 없었네요
그래도 오랜만에 마이클 잭슨을 보는 것 같아서 좋았습니다
그리고 지서전의 아버지는 완전 쓰레기였는데, 영화에서는 그래도 너무 착하네요",1
마이클,조금은 아쉬움 스토리 전개가 그저그래요,1
마이클,최고에영 역시 마이클!!,1
마이클,무조건 영화관에서 봐야할 영화. MJ 콘서트 갔다 온 기분.,1
마이클,"배우 섭의를 잘했다. 실제 인물들하고 배우들이 매우 닮았어 좋았다. 노래도 좋아서 공연에 있는거 같았다

단점은 영화가 좀 지루했다.",1
마이클,재밌게 잘 봤어요.,1
마이클,현대 인류사에 큰 영향을 끼친 MJ,1
마이클,너무 잼나게 봤어요,1
마이클,생전에 한국을 방문해줘서 감사해요~ㅜㅜ 당신을 영원히 기억할꺼에요~♡,1
마이클,"마이클 잭슨 노래를 다 아는건 아니었는데
익숙한 노래들이 많이 나와서 엇 이 노래도 마이클 잭슨 노래였구나 했어요~

마이클 역할 하신 분이 춤도 잘추고 연기도 잘하셔서 더 맛깔나게 보았습니다~!",1
마이클,"MJ의 88년도까지 활동을 보여주는 제작진의 탁월한 선택.! 굿!
음악좋고...근데
2편 나오면 넘 찡해서 안볼거 라네...
슬픈 MJ,
58년 같은 동년배로서 그의 삶 respect!",1
마이클,마이클의 오해들은 짧게 풀어내고 음악에 집중한 것이 좋았는데 Beat it 공연씬이 없이 스릴러로 넘어간 것이 아쉬웠지만 마지막 BAD가 그 아쉬움을 풀어주었다,1
마이클,영화가 중간에 끝나버린 느낌이예요. 2편이 나와야 할거 같아요. 공연 장면이 너무 멋져서 2편 꼭 나오기를 바랍니다.,1
마이클,노래가 너무 좋아요!!,1
마이클,"잼있게 봤습니다
후속편이 나오는건가요?",1
마이클,큰 기대 없이 예매했는데 보는 내내 몰입되고 너무 좋았어요!! IMAX로 보니 마치 콘서트 현장에 있는 느낌이어서 더 좋았습니다~ 마이클 잭슨 연기한 자파 잭슨.. 정말 얼마나 준비하고 노력했을까 싶게 멋졌습니다,1
마이클,독보적인 아티스트로서 순탄하지만은 않았던 성장기를 무난하게 풀어냈다! 화려한 스포트라이트와 대비되는 애처로운 감성~ 훌륭한 음악!,1
마이클,"김빠진 콜라를 마시는 듯한, 코카콜라라는 팹시를 마시는 듯한.",1
마이클,"마이클은 언론에 당한 피해자이다
그의 명예를 찾아줘야",1
마이클,"공연 보는것 같았어요
2편도 빨리보고 싶어요",1
마이클,"잭슨 좋아하는데 너무 좋았습니다
역시 아이맥스… 

그런데 뒤에 미친 아줌마 계속 수근수근 거림 미xx이
집중 산통 다 깸 쌰갈!!!!
아줌마 잭슨파이브 모르죠??? 

제발 극장에선 남들한테 피해 좀 주지맙시다",1
마이클,BAD IN LONDON,1
마이클,마이클의 노래와 공연 영상이 쉴세 없이 이어져 잠시도 긴장을풀수 없이 몰입헸습니다. 다만 뭔가 스토리의 아어짐이 조금 아쉬운 부븐 입니다.,1
마이클,너무 재밌게 잘 봤습니다. 어린 시절 들었던 마이클 잭슨의 노래까지^^ 다음편도 기대 되네요~,1
마이클,팝의 황제~ 마이클 잭슨을 기리며~~~♡♡,1
마이클,음악만 둘어도 흥미진진합니다.,1
마이클,보길 너무 잘했어요 추천합니다,1
마이클,인류 역사상 최고의 크리에이터가 그노무 아버지를 넘어서는 순간까지의 이야기.,1
마이클,말이 많지만 나는 너무 너무 좋았고 엔딩크레딧이 끝나고 영화관에 불이 켜질때까지 노래를 다 듣고 나왔다 마이클 역을 한 배우의 노력에 박수를 보낸다 청춘과 함께한 노래들을 들으며 눈물이 나기도 했다,1
마이클,마치 마잭이 살아돌아온것만 같다 . 그의 음악은 영원할 것이다,1
마이클,"역시 마이클잭슨 음악은 명불허전
생각보다 짧았다?",1
마이클,마이클잭슨은 신이다,1
마이클,열심히 보고있는데 컨티뉴?,1
마이클,아는 노래들이 계속 나와서 즐겁게 보고왔어요 일대기 느낌보다는 뮤지컬 느낌이예요,1
마이클,"We miss you, Michael. 마이클은 한때 유명한 가수가 아니고 그냥 그 시대 자체였음을 다시 한번 느끼게 해주는 영화. 스토리가 좀 아쉬워도, 마이클의 콘서트를 보고 온 것 같아서 행복 가득함~~",1
마이클,기대안했는데 너무 감동이었습니다. 또 보고싶네요,1
마이클,"역시 팝황제 마이클 !! 
믿고 보는 영화였어요 
제가 아는 마이클 보다 순수하고 아이같고… 
왜이렇게 빨리 떠났는지 ㅠㅠ 
여운이 많이 남는 대명작입니다!!",1
마이클,"마이클 잭슨이 정말 그립네요. 고1 딸과 함께 영화를 봤는데, 저도 우리 딸도 완전히 몰입해서 봤어요. 다시 한번 느끼지만, 정말 대단한 사람이란 생각이 듭니다. 추천합니다. 👍",1
마이클,마이클잭슨의 일대기를 볼수있어서 영광이었습니다,1
마이클,우리가 아는 다른 사실??? 묻혀버린 진실???,1
마이클,"천재적인 뮤지션에서 시대를 초월한 아이콘이 되기까지,
그의 무대를 극장에서 확인하라!",1
마이클,마이클 잭슨의 음악적 천채성과 인간적고뇌를 알수 있었고 동물에 대한 사랑으로 고독함을 극복 한 것 같네요.,1
마이클,"재민게 봤습니다ㅅㄷㅅㄷ

ㄷㅅㄷ

ㄷ",1
마이클,최고에요~~ 아이맥스 영화관에서 보세요~,1
마이클,와 진짜 노래 거를게 없다,1
마이클,"반가운 마이클잭슨..
이렇게러도 볼 수 있어서 다행입니다",1
마이클,"도데체 누가 좋아할 영화인가.
그래도 그의 노래로 위로받았으니 되었다",0
마이클,"지금은 별이되어안계시지만, 영화를 보는내내 그분이 다시 살아있다는 착각에 빠질정도로 몰입해서 잘봤어요~다시한번 영화관으로 마이클 또 보러갑니다^^",1
마이클,귀가 즐거운 영화였습니다,1
마이클,"보는 내내 감동적이였어요.
또 보러 올거예요.",1
마이클,돈 시간 다 아까운 영화. 쓰릴러의 배경을 다 죽여놨네. 소니 배급사가 무슨 짓거리를 했는지 다 밝히긴 어려웠겠지 ㅇㅇ,0
마이클,"중간에 끊어버리는게 너무 어이없음
2편낼려고
그리고 배우가 마잭이랑 차이가너무..",0
마이클,너무재밌있어요 굿굿,1
마이클,인생 최고의 영화. 이게 바로 인생 영화 라고 하는것같다. 스릴러 뮤비 찍는 장면에서 왜 울컥했는지 모르겠지만 어릴적 마이클잭슨을 참 좋아했던 시절이 떠올라 울컥했다 최고의영화,1
마이클,"듣는 즐거움은 있었고 보는 내내 즐거웠으나 특별히 임
팩트있거나 감동이 있진 않음",1
마이클,"잭슨을 넘어 마이클이 되기 위한 과정.
You're not alone.",1
마이클,"마이클 잭슨 세대는 아니지만, OST가 넘나 감동적!!",1
마이클,"그리운 마이클, 그에 이야기가 감동이고, 음악이 이 순간을 행복하게한다. 또 춤바람이 나겠군^^",1
마이클,그냥 미쳤다 마이클잭슨이 살아돌아온것같음..,1
마이클,"팝의 황제였고, 인류와 모든 생명체를 사랑했던 마이클이 다시 돌아온 느낌:) 집에 오는 길에 빌리진을 듣고 또 들었네여 :)",1
마이클,"다 아는 우리때의 스타 🌟😎
팝의 황제 그리고 전설이됀 별
소름돋는 주연배우 연기에 
극장에서 오랜만에 발춤추며 감상햇네요
기대이상이였슴니다 감사합니다 ❤️",1
마이클,영화재미있게 잘봤어요,1
마이클,감동적으로 재밌게 봤습니다,1
마이클,"재미있게 잘봤네요. 잘 모르는 노래, 마이클의 어린시절
그리고 유명한 좋은노래 사운드가 크니 더 좋네요!",1
마이클,재능많고 특출난 가수로만 알았던 그가 존재감을 드러내고 싶은 아버지의 이기심으로 아팠을 시간들이 생생히 느껴짐,1
마이클,스토리보다 노래 감상. 절반의 성공.,1
마이클,둠칫둠칫 신나서 어깨 들썩이는거 참느라 힘들었네,1
마이클,재밌게 봤는데 약간 재연드라마같은 느낌이 있었어요. 마이클잭슨과 너무 똑같다 생각하고 네이버를 찾아보니 하나도 안닮았네요. 역시 원조를 따라갈수 없어요,1
마이클,역시 마이클잭슨은 우리시대에 최고였었듯합니다~~,1
마이클,간만에 감동적인 영화를 봤네요^^,1
마이클,마이클2 를 기다리겠습니다~!,1
마이클,"잭슨파이브 시절 이야기까지 하다보니 마이클의 후기 이야기를 못다룬 부분이 아쉽지만 애초에 파트2를 생각하고 만들었단 느낌이 크다.

노래 너무 좋음",1
마이클,"다 좋았는데 너무 좋은 것만 보여줘서 아쉽네요
그래도 재밌었습니다bb",1
마이클,재밌게 잘봤습니다...,1
마이클,맨 마지막쯤 플레쉬땜에 광과민성 발작 올거 같은 부분에서 잠깐이나마 그분의 강림을 느낄수 있습니다.,1
마이클,정말 2시간동안 귀호강했네요!,1
마이클,내일 흰양말신어야지,1
마이클,좋은 영화 잘 봤습니다,1
마이클,우리는 왜 스타를 사랑하는가,1
마이클,"마이클잭스춤잘추고,잘합니다,재미있었습니다",1
마이클,마이클 잭슨 세대는 아니지만 이 영화를 통해서 참으로 많은 아쉬움을 느껴봅니다.,1
마이클,마이클 잭슨이 환생한듯 너무 가슴이 뭉클하고 웅장해져서 재미있게 봤어요. 영화 보면서 따라 부르게 싱어롱 상영회도 열렸으면 좋겠다는 생각이 들었어요. 후속편이 나올거 같던데 하루빨리 보고 싶어요.,1
마이클,마이클역 배우가 연기도 잘하고 싱크로율이 높아 보는내내 몰입되더라고요. 그도 한 아이였고 사람이었는데 그 끝을 알기에 어린시절부터 스타의 삶까지도 맘 한구석이 애잔했어요. 영원히 기억되길 바랍니다.,1
마이클,한 편으로는 끝날 수 없는 마이클 잭슨의 인생 이야기라서 이 영화로만은 좀 진행도 느리고 스토리의 포커스도 좀 아쉬웠다 하지만제대로 처음 보는 그의 인생 초반과 히트곡들이 새삼 좋았다. 3편은 필요하겠다.,1
마이클,재미있게 잘보았어요^^86,1
마이클,시간 가는줄 모르고 재미있게 봤습니다.,1
마이클,각본이 별로고 영상도 별로입니다.,0
마이클,"괜찮네요...
근데... 왜... continue가...",1
마이클,"동시대 최고의 뮤디션을 다시 보게 되어 행복했습니다.
마이클 잭슨 💛",1
마이클,마이클 잭슨이 환생한 듯 몰입해서 2시간 즐겼습니다.한번 더 보구 싶으네요!!!,1
마이클,너무나 잼있어요 마이클의진심이 모두에게 다 전달되길 빨리 2도 보고싶네요,1
마이클,훌륭한 소재 부실한 각본,0
마이클,추억으로의 여행이었어요. 감동 쭉쭉. 2편이 기대됩니다,1
마이클,추억을 소환하는 콘서트 영화 ~,1
마이클,"보는 내내 짠함과 대단함이 공존하는 영화
보다가 끝나서 읭? 했어요
다음편 언제 나오나요!!",1
마이클,"결핍이 재능으로 꽃 피운 슈퍼스타
한 편의 콘서트",1
마이클,약간은 아쉽지만 볼만한 영화네요,1
마이클,찜찜한 결말을 해명하라!,1
마이클,"마이클잭슨 노래 들으며 성장기를 보낸 저로서는
스토리 상관없이 좋았어요.
어느 영화던 악역이 존재하네요.",1
마이클,절로 발이 움직이게 하는 영화. 진짜 흥겹고 재미있습니다,1
마이클,"마이클의 죽음과 인생을 조금이라도 알고 있는 팬으로써, 왠지 시작부터 슬픈 느낌이 나는 영화! 
차분하게 감상했습니다",1
마이클,음악은 좋았지만 드라마가 약하다.,0
마이클,역시 세월이 흘러도 MJ의 노래는 정말 좋습니다. 내한공연 때 기억 나는군요,1
마이클,마잭인데 뭘더 설명해 ㅎㅎ,1
마이클,엔딩크레딧 음악 다 듣고 나온 건 이번이 처음…아직도 맴돈다,1
마이클,잘봤습니다 황제에 귀환 최고요 !!!,1
마이클,그저 즐기기만 한다면 최상,1
마이클,"진짜처럼감동적이었어요
영상미도 노래도
마무리가 좀 아쉽네요",1
마이클,이 영화는 말이 필요없음 마이클 그 자체임,1
마이클,"마이클책슨 영화스토리잘 봤습니다 
근데 아쉬운점 끝무리가 실망입니다",0
마이클,전설의 음악을 듣는 영화입니다~ 잘몰랐던 마이클 어린시절 마냥 스타인줄 알았는데ㅠㅠ,1
마이클,영화 마이클 관람완료..!!,1
마이클,말이 필요한가요?마이클 잭슨인데요~~,1
마이클,"너무 감동적이고 멋진 영화라고 느꼈어요
마이클잭슨에 대해 다시 한 번 생각하게 되는 영화에여",1
마이클,배우의 연기가 실제 무대와 많이 닮아있어 좋았고 노래 재현 퀄리티도 좋았음! 두시간 후딱감,1
마이클,n차 관람 하고 싶어요. 순삭. 음악으로 힐링. 눈 호강. 마이클은 세기의 음악가임이 틀림없었다.,1
마이클,진짜 너무 재미있고 감동적이었어요 노래에 집중하다가 울컥할 뻔했네요 마이클 잭슨의 주요 히트곡들을 들으면서 뭔가 마음까지 정화된 느낌이 들었고 힐링이 되었어요 또 보고 싶어요,1
마이클,"솔직히 초반은 조금 졸렸지만 다 보고 나서는 만족했어요.
마이클 잭슨 영원한 팝의 왕 노래 정말 좋아요!
주인공 배우분 연기도 최고였어요 ㅎㅎ",1
마이클,슈슈퍼스타 마이클 잭슨 그의 노래를 스크린속에서 들을 수 있는 것만으로 몸이 들썩거리며 감동!,1
마이클,천마의 늠악을 들을 수 있어 행복합니다,1
마이클,남자친구가 콘서트인줄알았대요. 같이 보면서 10점주고싶다고한거 처음이에요. 올해영화라며 극찬을 하네요 ㅋㅋㅋㅋ,1
마이클,재미있게 잘봤습니다 감사합니다,1
마이클,마이클이 환생한듯~~ 최고였어요,1
마이클,너무너무 재밌고 감명깊게 봤어요!,1
마이클,"마이클, 거기 평안히 잘 계시나요? 당신이 만들어 준 위대한 음악으로 우리 모두 위로와 기쁨을 누리고 있습니다. 영원히 잊지 않겠습니다. 빛나는 팝의 황제여~♡",1
마이클,배우 연기가 살아있는 마이클 잭슨을 보는것 같음,1
마이클,"팝의 황제 마이클 잭슨의 인생을 영화로 보게 될 줄이야
모르게 된 부분도 알게되어서 재밌고 무엇보다 노래가 좋아서 몰입감이 좋았습니다 hee hee",1
마이클,아버지와의 관계를 기본으로 에피소드와 음악을 적당히 배치한... 전기영화라기엔 너무 쉬운 길을 택한 듯... ★★☆,1
마이클,마이클 영화 신선하고 좋네요,1
마이클,지구상 우주스타의 시작이 담긴 영화 주옥같은 명곡 잔치를 영화관에서 즐기는 행복,1
마이클,춤만 봐도 신이 납니다.,1
마이클,보헤미안 랩소디 제작진이라 믿고 봄요,1
마이클,춤과 음익은 뛰어나지만 서사가 부실히다.,1
마이클,볼만하네요.good,1
마이클,너무 재밌고 또 보고싶어요,1
마이클,알고보면 불쌍한 마이클... 다시보니 역시 감동,1
마이클,같은 시대를 지나 온 가수로 옛 추억을 더듬으며 감동으로 다가 온 시간이 되었습니다,1
마이클,너무 재밌고 또 보고싶어요,1
마이클,마이클이 살아돌아온 느낌. 그의 성장과 변화와 가장 인기있던 시절의 이야기였어요. 마음 아픈 이야기는 다음에 또 나오려나봐요.,1
마이클,마이클 잭슨 콘서트에 가보고 싶...ㅠㅠ,1
마이클,한편의 콘서트를 본거 같아요 잼있어요,1
마이클,노래만 들어도 설레는 영화에요.,1
마이클,보헤미안 랩소디를 뛰어넘는 최고의 영화,1
마이클,"인기.
위대함.
삶.
고민.
아무것도 
담지못한 영화 ㅡㅡ
마이클 팔이 ㅠㅠ",0
마이클,잘 봤습니다 ~ 후속편도 얼른 나오길~,1
마이클,"슬프다.. 마이클의 인생을 보면서 긴장감 감동It's sad.. Watching Michael's life, I was nervous and touched.",1
마이클,"퀸보다는 구성이 좀 아쉽네요, 이걸 또 중간에 끊어버리다니 다소 아쉬운 구성입니다. 그래도 마이클 잭슨의 스토리를 알게된 영화라 추천합니다.",1
마이클,"마이클잭슨의 슬픈 생에서 벗어나
음악으로만. 승부를 건 영화",1
마이클,2시간짜리 뮤직비디오!,1
마이클,무대재현력에 박수를,1
마이클,황홀한 콘서트 이면에 고독과 아버지의 그림자.,1
마이클,엄마가 너무 좋아하셨어요,1
마이클,"팝의 황제 마이클 잭슨 환생인 줄 TT
40년전으로 시간여행 했네요 ♡♡",1
마이클,"말이필요없는 마잭형아
이편 빨리나와라잉",1
마이클,콘서트 한편 보고 온 느낌이에요. 한번 더 보라고 해도 귀가 즐거워서 한번 더 볼수 있을거 같아요.,1
마이클,걸리는 부분이 너무 많지만 오늘날에 그를 다시 얘기할 기회가 된 것은 부정할수 없다. 편히 쉬소서 그대여,1
마이클,마이클이 토실해요^^♡,1
마이클,마이클잭슨의 일대기를 볼 수 있어서 좋아요,1
마이클,좋았습니더. 마이클,1
마이클,다시는 나오지 않을 아티스트,1
마이클,마이클 잭슨 공연 장면이 좋았어요,1
마이클,"와...2시간이 무슨.. 보던 영화중 제일 시간 순삭.
나오고나니 배우한테도 빠져버림요!!! 아 역시!!! 제작진 대박이예요",1
마이클,"영화는 전설을 보여줬지만, 인간 마이클의 고뇌는 끝내 다 담아내지 못했다. OST는 그 빈자리를 채운다.
2편이 제작하고 재평가해보자",1
마이클,마이클잭슨 영화라 봤다.그립다.일찍 떠나 아까운 스타. 마이클 인생에 비해 스토리는 기승밖에 없다. 영화 크레딧 동안 음악감상을 해서 좋았다. 크레딧 끝까지 보고 오는 것을 강력 추천합니다.,0
마이클,눈 귀 호강 눈 귀 호강 눈 귀 호강,1
마이클,마이클잭슨 잘 몰랐는데 찐 아티스트 였네요..!!,1
마이클,재능의 영역은 노력만으로 감히 도전할 수 없다는 걸 느낄 수 있는 영화. 재능과 노력의 합은 최강조합.,1
마이클,명불허전 몰입감 최고..!,1
마이클,진짜로 마이클 콘서트 온 느낌. 진짜 영화관에서 봐야 하는 영화,1
마이클,마이클 잭슨이 살아 돌아온 느낌^^♡,1
마이클,초반 밴드 생활할때 보컬이 왼쪽으로 쏠리는건 의도한건가 모르겠지만 솔로 활동은 콘서트 기분이 났다. 음향 좋은 시스템에서 관람 추천,1
마이클,엄마가 좋아하셨어요,1
마이클,자파르 잭슨의 마이클 잭슨 역은 너무 좋았는데 스토리 너무 아쉬워요. 하지만 무대 연출은 좋아요.,0
마이클,빌리진~~마이클잭슨아이맥스,1
마이클,"잘만들었지만 실존인물과의 차이는 어쩔수 없네요
노래만좋았음",1
마이클,최고의 음악영화였다. 전설의 아티스트가 살아 돌아온듯 했다. 조카도 훌륭하게 뒀네 ㅎㅎ,1
마이클,"#마이클 잭슨#자파잭슨#아맥봐야 굿굿
그의 삶이 곧 음악이였고 화려한 삶뒤에 감춰진 마이클 잭슨의 음악이야기.언제나 들어도 좋은음악.음애이 더해져서 좋았어요👍",1
마이클,"자파르 잭슨의 재현만 빛날 뿐, 이 영화는 마이클의 삶이 아닌 평면적인 '브랜드 홍보물'이다. 고독과 내면은 외면한 채 성공 신화만 나열한다.

가장 분노스러운 건 의도적인 '삭제'다. 성추행 의혹, 소니 갈등 등",0
마이클,"무대에서 너무 행복해 보이네요
짠하기도 하고..
공연 장면은 좋았습니다.",1
마이클,현장감 넘치는 영상,1
마이클,마이클 잭슨의 흥겨운 춤과 노래를 즐길 수 있는 영화입니다. 다만 마무리가 아쉬웠습니다.,1
마이클,과거 나의 스타를 마나서 반갑고 설레고 행복했어요,1
마이클,스토리 연결이 매끄럽지 않다. ost는 당연히 좋지만,0
마이클,MJ는 레전드죠. 영화 만들어줘서 고마워요 음악만 들어도 넘 좋았어여,1
마이클,"쓰레기같은 서사 -10점
신같은 공연 17점
합해서 7점 드립니다",1
마이클,뭔 앞뒤 중요부분 다 잘라낸.. MJ 이용해서 한탕하려는 영화,0
마이클,ㅢㅡㅢㄱㄴㄱㄴㅂㄷㅂㄷㄱㄷㄱㄴㄱㄷㅂㄴ,1
마이클,"마이클 잭슨에 대한 기억이 선명한 나로서는 마이클의 춤, 무대에서의 그의 모습등이 조금 아쉬웠고 아동학대하는 아버지와의 대결구도가 주를 이룬 연출은 많이 아쉬웠다.",1
마이클,"너무 좋았고요
영화관에서 꼭 봐야하는 영화",1
마이클,"다 떠나서 자파 잭슨 대단하다~~~~ 
추천. 추천. 추천. 추천",1
마이클,재밌게 잘 봤답니다 추천합니다,1
마이클,너무재밌게봤어요 보헤미안급입니다,1
마이클,"재미있게 잘 보았어요. 마이클의 어린 시절.
가족들과의 관계~~ 멋져요..",1
마이클,아쉽지만 그래도 그시절을 조금이나마 추억 할수있는 시간? 잘봤습니다.,1
마이클,마이클 보고 싶어요.ㅎㅎ,1
마이클,ㄹㅇ 배우 타임머신타고 마잭 데려온 줄,1
마이클,"영화를 보고 깨달았다

나는 마이클 잭슨이 보고 싶은거였지, 마이클 흉내내는 오마주연기를 보고싶지않았다는걸...

연출이 진짜....하...",0
마이클,실제로 마이클잭슨의 공연을 보는 느낌이었습니다. 추천합니다.,1
마이클,실제로 마이클잭슨의 공연을 보는 느낌이었습니다. 추천합니다.,1
마이클,"마이클잭슨 음악은 원래 좋아했어서 영화에서 나온 음악과 무대 모두 만족했고, 스토리도 생각했던 것보다 괜찮아서 좋았어요.",1
마이클,서사를 바라고 봤지만 서사는 별로없어서 좀실망했다.,1
마이클,"재미있게 본 영화
기대이상",1
마이클,마이클잭슨은 역시나 황제였고 지금도 앞으로도 팝의 황제임이 분명하다,1
마이클,마이클 콘시트보는듯한 느낌입니다 현란한춤 노래 너무좋았어요. 아까운 천재입니다.,1
마이클,그냥 마이클 잭슨 콘서트를 실황을 틀었으면 더 나았을 것,0
마이클,"노래와 퍼포먼스가 좀 더 있었으면 더 좋았겠지만, 참 착한 아들이었고 순순한 사람이었네요...^^",1
마이클,"다른건~ 제쳐두고~!!
마이클 잭슨을~~ 좋아하신다면~추천합니다!!!",1
마이클,"내 마음 속 영원한 슈퍼스타 마이클잭슨
재밌게 보다가 갑자기 엔딩크레딧 떠서 당황함",1
마이클,"중학생딸과가서 저의중학교시절좋아했던마이클잭슨아저씨이야기하며ᆢ흥분하며봤어요ᆢ간만에신이났어요ᆢ
그냥좋은거만기억하면좋겠어요ᆢ좋은저녁시간이였어요",1
마이클,다시 없을 슈슈슈퍼스타 마이클🧡,1
마이클,"Cgv 어이없다
포스터 가지고 장난치고

앞으로는 메가박스 간다

대기업이 동네 구멍가게도 아니고
장난치지마라",1
마이클,오랜만에 볼만한 영화네,1
마이클,생각보다 재밋었다. 마이클 음악 좋아하면 보면 좋을 영화,1
마이클,땨오! 히ㅣㅣ히ㅣㅣ 쉬키치키ㅣ 호우! 정말 신나는 영화였다!,1
마이클,"Wow, just wow. What an amazing movie!",1
마이클,팝의 황제이기 이전에 마이클 잭슨이라는 한 인간의 모습을 볼 수 있어서 좋았습니다. :),1
마이클,이야기가 사라진 다큐에서 흘러나오는 뮤직박스의 노래를 씁쓸하게 들은 기분이랄까…,1
마이클,잘봤습니다 역시 노래는 좋아요,1
마이클,"재밌게 보긴 했는데 연출이 살짝 아쉽기도 하더라고요.
그래도 명곡들 넘 좋았어요.
싱어롱 하면 좋을듯요.",1
마이클,사정때문에 바뀐부분이 있다고 했는데 그래도 재밌었네요.원래대로 나왔으면 더 좋았을거 같아요.,1
마이클,마이클이라 좋앗어요,1
마이클,볼만합니다 멋지네요 마이클,1
마이클,음악으로 물들다. 올해 최고의 감동!,1
마이클,역시 음악이 좋아요 사운드 좋은곳에서 보시길,1
마이클,그 시절 그 음악이 더 그립네요 .. 후속편이 나올까요?,1
마이클,음악이 너무 좋아서 시간가는줄 몰랐네요,1
마이클,마이클을 좋아하는 사람이라면 꼭 보세요...,1
마이클,마이클 인생을 소설로 쓰라해도 못쓰겠다,1
마이클,"127분 뮤직비디오
음악만 있고, 영화는 없다",1
마이클,"오랜만에 마이클의 모습을 보고, 음악을 들었더니 감회가 새롭네요.",1
마이클,오랜만에 옛날 추억의 가수를 만날수 있어 좋았어요 단 마무리가 좀 아쉬웠지만 2편을 기대할게요,1
마이클,"시작부터 감정이입이 되어 시간 가는 줄 모르고 봤어요.
떠오르는 많은 생각과 감정을 짧은 글로 표현하기 힘드네요.
다시 보고 싶어요.",1
마이클,이히피히히이히호히헤히,1
마이클,황제의귀한 마이클잭슨!! 넘 그리워요ㅠㅠㅠ 스릴러랑 빌리진 나올때 온몸의 전율이 흘렀다!!!!,1
마이클,뮤지컬을 극장에서 즐길 수 있던 작품,1
마이클,감동이었음..꼭 아이맥스에서 보시기를 추천드립니다! 다음이 기다려지네요~,1
마이클,마이클잭슨이 그리워지는 영화네요,1
마이클,마이클~ 일대기 정말 착한천재,1
마이클,빅팬인 아빠와 어릴때 함께 듣던 마이클의 스릴러와 빌리진... 듣는 순간 추억이 오버랩 되면서 눈물이 났어요... 그리운 마이클 ㅠㅠ,1
마이클,마이클잭슨의 팬이라는게 자랑스럽다!,1
마이클,"우리가 기억하는 마이클의 노래들
1부인듯해서 아쉽지만 2부를 기대하게 됩니다.",1
마이클,스토리도 좋았고 무대가 너무 멋졌습니다.,1
마이클,"너무 행복했어요 마이클 99 진짜 마이클이어요 한 번 더 보고 싶네요 
신이 내렸네요 음악신이",1
마이클,"마이클 잭슨, 전설은 살아있다",1
마이클,"마이클잭슨의 모든 일생이 다루어지기 바란건 아니지만
영화 마지막에서 더 많은 공연과 노래가 다루졌으면 더 좋은 작품이 되었을 것 같다

후속작이 나왔으면 한다",1
마이클,잭슨 그는 영원히 최고야,1
마이클,마이클 잭슨 팝의 황제,1
마이클,마이클잭슨과 너무 비슷하네요 보헤미안랩소디를 기대했는데 거기 미치진 못했지만 음악은 내내 좋았어요,1
마이클,아주 감동적으로 몰입감있게 보느라 시간이 완전 순삭이며 아이맥스로 보는걸 추천합니다.,1
마이클,인상적인소재 볼만합니다.,1
마이클,"보해미안랩소디 처럼 만든 영화인줄 알았는데
 마이클잭슨이랑 너무 똑같아서 소름이었어요!",1
마이클,마이클 멋있는 사람이 세상을 떠났네요...,1
마이클,"MJ의 삶 반만 나옴
그래도 꼭 봐야함
봐야만 함",1
마이클,영화를 보고나면 제목이 왜 마이클인지 알게된다.,1
마이클,재미있게 잘 봤어요. 마이클잭슨하고 너무 똑같아서 소름,1
마이클,그의 인생을 보기에는 아쉬웠지만 음악을 느끼기에는 충분했다.,1
마이클,즐거운 관람이었습니다.,1
마이클,즐겁게 감상 했네요 추천합니다,1
마이클,마이클 잭슨 너무 멋있고 감동이예요,1
마이클,진짜 마이클잭슨이 살아서 찍은 것처럼 몰입감 최고예요^&!!,1
마이클,잘봤습니다 잘뵜ㅂ니다,1
마이클,재밌게 봤어요 시간가는줄 몰랐어요,1
마이클,"뭔가 보헤미안 랩소디를 생각하며 보기에는 2% 3%..부족하다는 느낌이었는데 2편이 있군요..
그래도.. 영화를 보면서 뭔가 부족한 느낌은 충족이 안되긴해요..",1
마이클,영화적으로는 꽝이지만 마잭 노래가 달걀을 살렸다,1
마이클,마이클 잘 봤습니다,1
마이클,"마이클의 오랜 팬인 저로서는. 좀 아쉬웠어요..
메가히트곡이 넘 짧게 지나가고 어차피 인간적인 고통이나 주변 이권다툼에 학대당한 스토리를 빼려면 음악적 즐거움이라도 흠뻑 누릴수있게 해줬음 했는데 ..",0
마이클,마이클이 어릴때 아버지의 돈 욕심으로 학대를 잘 조명. 마이클의 억울한 누명을 후속편에서 기대한다.,1
마이클,속편이 나올거라는 전제하에 최고의 영화,1
마이클,"기부와 열정 좋았어요.
하지만 마무리가 조금 아쉬움을 많이 남기네요~",1
마이클,마이클잭슨 노래만 있고 서사가 없어요,1
마이클,마이클 잭슨이 너무 그리웠어요~좋은 음악 남겨주셔서 감사합니다,1
마이클,너무 감동이예요 다시 보고 싶어요 영원한 마이클,1
마이클,"학창시절에 짹슨형 너무좋아했었는데
조카가 연기 정말 연기잘하네요
아버지와의 독립이라 몰랐네요
지루하지않고 암튼 즐겁네요",1
마이클,아마도 2번은 더 볼듯,1
마이클,"콘서트를 보고 온 기분입니다
감동적인 영화에요",1
마이클,"보고싶따..마이클.. 
음악도 좋고",1
마이클,너무 재밌게 봤어용 뒤에 콘서트 부분이 더 길었으면 즐거움이 배가 되었겠다....!!!!🫰,1
마이클,나의 추억소환 영화. 근데 많이 아쉽네요. 억울한 면도 많은데 안다루네요,1
마이클,"마이클을 좋아하는데
더 좋아하게 만드는 너무나 인간적인 영화
음악과 스토리 그리고 슬픈 인생사
보는 내내 가슴이 저리고 힘들게 만들었어요
조금이라도 마이클을 아는 사람이라연 꼭 보았으면 ..",1
마이클,"벌써 2회차 관람중인데 
볼때 마다 새롭고 다른 디테일들이 보이기 시작하네요
너무 재밌어요! 
다음 2탄도 기대 됩니다ㅏ",1
마이클,시간가는줄 모르게 재밌게 잘 봤어요,1
마이클,"모처럼 신나게 관람했네요!
나이도 잊고 몸이 리듬을 탔네요.",1
마이클,너무 재미 있었어요,1
마이클,"끝에 내용이 끊겨서 아쉽긴했지만
너무 재밌게봤습니다",1
마이클,"추억이 되어버린 마이클잭슨의 공연~~~
중간에 아쉽게 끝난것 같은 영화의 마무리!!!
다음편이 있을것 같은 여운으로~~",1
마이클,재미있게 잘봤습니다 ~~,1
마이클,너무 좋은 영화입니다.,1
마이클,좋아요 마이클잭슨 짱,1
마이클,완전 신납니다!! 추천입니다!! 마이클 잭슨 팬이면 무조건 관람 필수!!,1
마이클,"사운드 연기 다 미쳤다!!
콘서트를 본 느낌!!
무조건 IMAX 추천합니다",1
마이클,마이클 잭슨의 음악이 눈과 귀를 즐겁게 해준다,1
마이클,답답할 정도로 천사같은 인성의 소유자.. 좀더 살아 계셨더라면..,1
마이클,"솔직히 마이클잭슨 잘 몰랐는데 그냥 멋있고 좋네요ㅠㅠ 
2도 나왔으면 좋겠어요ㅋㅋ",1
마이클,마무리가 조금 아쉽긴 했지만 몰입감이 좋았어요.,1
마이클,다시 한번 보고 싶을정도로 재밌게 봤어요,1
마이클,마이클 마이클 마이클 마이클,1
마이클,스토리.배우들 영상음악. 기대이상. 재미있게잘보았네요,1
마이클,전설의 부활을 온전히 담기엔...,1
마이클,관객이 영화에서 보고싶은 것을 보여주지 않는 것도 제작진의 능력이다,0
마이클,"왜 평론가들 평이 안좋았고 관람객들 사이에서도 호불호가 명확히 갈리는지 알것같네요
그래도 '마이클 잭슨' 이거 하나만으로도 볼만한 가치는 있습니다",1
마이클,"너무너무 좋았어요~
다시한번. 더 큰데서 보려합니다~^^",1
마이클,스토리 배우들 연기 모두 조아요^^,1
마이클,전설을 다시 볼 수 있는것만으로 충분했다.,1
마이클,"역시 마이클 잭슨, 의자까지 울리는 사운드도 너무 좋았습니다.",1
마이클,그의 업적은 단편으론 힘들겠죠 다음편도 기대하겠습니다,1
마이클,실제 마이클 잭슨의 무대를 기대하지 마시길…,0
마이클,죽기전에 꼭봐야하는 영화,1
마이클,영화 자체의 짜임새가 별로 좋지 않아서 마이클 잭슨을 좋아하는 마음이 어느정도 있어야 재밌게 볼 수 있을 것 같네요,1
마이클,예전 생각하며 제밌게 잘 봤습니다. 강추~~,1
마이클,우당탕탕 천마의 탄생기,1
마이클,여리지만 결단력있고 외로워보이지만 따뜻한 그의 인생 전반부. 보는 내내 눈물이 나네요,1
마이클,완전 감성에 똑같을 정도의 연출 너무 좋아요,1
마이클,"오랫만에 마이클 화면으로나마
보니 반갑네요",1
마이클,마이클 당신은 정말 존경받아야할 사람!!,1
마이클,마이클 잭슨 콘서트 보는 느낌이라 너무 좋았어요.,1
마이클,마이클잭슨~정말 최고네요 ~~,1
마이클,감사합니다 감사합니다 감사합니다 감사합니다,1
마이클,"어린 아이같은 마이클, 그의 춤과 노래로 우리를 그의 네버랜드로 초대하다",1
마이클,'전설'을 잘 따라한 영화.,1
마이클,마이클 잭슨의 음악을 보고 듣는 것만으로 내내 소름! 추억의 힘이란 대단하구나!,1
마이클,"마이클잭슨영화.재밌게봤어요.
최고의스타마이클.
잊지않겠습니다.
👍 👍 👍",1
마이클,전작인 보헤미안랩소디보다 훨씬 재밌네요.,1
마이클,영화 제작자들을 생각하면 만감이 교차하지만 지금 들어도 촌스럽지않은 명곡들,1
마이클,마이클 잭슨의 가수 성공 이야기..,1
마이클,"마이클잭슨이라는 슈퍼스타와 동시대에 같이살아가면서 초등학교,증학교때 들었던 노래에대한 향수와 마이클의 가족사랑및 아버지와의 갈등그리고동물과교감및선함을가지고있는 착한본섵.2편을 기대합니다.",1
마이클,기대한 만큼 마이클 잭슨의 음악을 함께 할 수 있어 좋았어요.,1
마이클,"어릴때부터 가수가되어가는 성장과정을 잘 보았다
반면에 아빠는 상상외로 너무했다
오랜만에 마이클 노래를 들어서 좋았다",1
마이클,댄서없이도 무대를 꽉 채우는 그의 존재감,1
마이클,마이클. 마이클 잭슨!!!,1
마이클,"원래 기획의도와는 넘 달라져 스토리가 산으로

간 느낌이 크게 느껴짐.

대표 음악들도 넘 적게 나와서 아쉬움.",0
마이클,노래 무대가 다했다 그게 너무 크다 재밌다,1
마이클,너무 너무 재미있고 감동적으로 봤습니다,1
마이클,마이클 잭슨의 무대를 실제로 보지 못한 것에 대한 아쉬움이 밀려온다,1
마이클,역시 팝의 황제 마이클 잭슨~~~좋았어요~~^^*,1
마이클,"마이클 잭슨을 너무나 그립게 만드는 영화~
앞으로도 영원히 나올 수 없는 최고의 뮤지션",1
마이클,"마이클잭슨의 어린시절과, 성장 과정, 성숙한 인간의 모습과 그 뒤의 고민을 공감할수 있는 순간이었습니다. 가장 좋았던 점은 마이클 잭슨의 노래를 시간순으로 들을 수 있어서 좋았어요! 재관람 필수요!",1
마이클,팝의 황제의 끝나지 않는 꿈,1
마이클,이십대 마이클잭슨의 빌리진 스릴러를 부모님 잔소리 보다 더 자주 들었던 세대라 쾌감을 느끼며 봤네요. 개인 내면의 고해성사는 아니고 음악 장르로 즐기시길,1
마이클,"전개가 굉장히 빠르다.
스토리는 빠르게 스킵하고 끊임없이 새로운 노래가 흐르는 뮤지컬 느낌.
노래가 중요하니 영화관 적극 추천 영화.",1
마이클,마이클잭슨 이야기 재밌었어요,1
마이클,마이클잭슨 추억할 수 있는 좋은 영화,1
마이클,음악이 좋아요 감사합니다,1
마이클,내용이 조금 아쉽기는 하지만 마이클잭슨의 노래를 실컷 들을수 있어서 좋았어요,1
마이클,마이클잭슨 그에 노래와 인생 몸이 들석들석 집에가서 들어야겠네요^^😄,1
마이클,마이클잭슨음악의 전부를 볼수있는영화이다,1
마이클,마이클잭슨 사랑해요,1
마이클,너무 좋았다 무조건 보세요,1
마이클,"기대하지 않고 봤는데..엄청 몰입해서 봤어요.
노래도 너무좋고 주인공 배우 진짜 대단하네요.",1
마이클,"마이클 잭슨이 음악을 시작한 것으로 시작하여 자신만의 길을 걸어가는 여정을 그려냄.
마이클역 배우가 마이클 조카라서 그런지라 보면 볼 수록 
진짜 마이클 잭슨을 보고 있는 것 같았음.
연출도 괜찮았고 굿굿",1
마이클,"시간 가는 줄 모르고 즐긴 상영 시간이었습니다.
음악 영활 좋아한다면,
보헤미안 랩소디를 좋아했다면,
더없는 즐거움을 느낄 수 있는 영화라고 생각합니다.
절정이었을 때 영화가 끝나서 아쉬웠어요",1
마이클,"그의 어린시절과 그시절의 노래중 아는게 빌리진 밖에 없는게 참 충격적으로 다가온다, 난 아마 그를 별로 좋아 하지 않은 모양이다.-.-a그래서 영화도 참 아쉽지만 마지막 공연 영상이 마음에 들어 나를 달래본다",1
마이클,"마이클 4dx로 보니까 실감나고 음악도 최고입니다

정말 재미있게봤네요 또보고싶어지네요",1
마이클,"이제껏 없던 사운드, 목소리, 댄스, 무대로 시대를 만든 재능. 피터팬의 모습이 오버래핑되게 연출되었다",1
마이클,음악관련 영화는 항상 귀가 즐겁네요.,1
마이클,재미있게 잘봤습니다 ~~^,1
마이클,공연장을 그대로 옮겨온 듯한 에너지,1
마이클,초반에 살짝 지루… 음악나올때는 신나요^^,1
마이클,"너무 그립네요 
마이클~ 가슴속에 영원하리",1
마이클,군더더기 없이 깔끔한 전개와 멋진 무대연출!,1
마이클,영화 재미있게 봤어요 말이 필요 없어요,1
마이클,디스코그라피를 보러 왔다가 그레이티스트 히츠를 듣고 간다.,1
마이클,"다시 살아온 듯한 착각, 생생한 그날의 음악들까지. 그리운 피터팬, 마이클~",1
마이클,"긴 말이 필요없는 영화
마이클에 대해 모르는 사람도
그에 대해서 많은 것을 잘 느낄 수 있는 순간 (By SC)
—
마이클 잭슨 말이 필요없는 천재인것 같고 어렸을때가 너무 슬퍼서 눈물이 났습니다…ㅠㅠ (By JK)",1
마이클,울컥했습니다 옛생각에,1
마이클,너무 잘만들었다!!!,1
마이클,흥미롭게 관람하였습니다,1
마이클,"재밌게 잘 봤어요
다만 마이클 잭슨의 속 얘기가 없어서 아쉬웠음 그는 인종차별에 대한 힘듦이 없었나요? 위기 없이 좋은 장면들 뿐ㅠ 
그리고 보다가 걍 끝남.. 2편은 마이클 잭슨의 리얼 스토리로 만들어오세요",1
마이클,"실제 마이클 잭슨의 조카분이 리얼하게 춤과 연기를 해서 더욱 몰입감 있게 볼 수 있었어요! 무대 위주가 많이 나와서 잭슨 개인적 이야기가 짧아서 아쉬운 면도 있었지만 명곡들과 댄스, 퍼포먼스 너무좋았어요",1
마이클,음악만으로도 너무 감동적인 영화 시대의 아이콘,1
마이클,기대 만큼 또 보고싶어요~,1
마이클,"기대이상으로 너무 재미있게봤어요
내용면에서 조금 부족한부분이 있긴했지만 노래. 배우연기력들 좋았습니다.",1
마이클,스토리는 배드 근데 주연배우의 춤은 굳,1
마이클,한세기를 풍미했던 한 인간의 고뇌 공감!,1
마이클,한세기를 풍미했던 한 인간의 고뇌 공감!,1
마이클,그냥그래요 그냥그래요,1
마이클,마이클 마이클 마이클,1
마이클,"음악과 영상 너무좋아요..2편도 나올거같아요.
IMX 영상.음향 완전 강추",1
마이클,"마이클 역이 정말 감동적이었고, 연출이 굉장히 좋았음.",1
마이클,"시간가는줄 모르게 봤어요.
결말은 살짝 아쉬워요.",1
마이클,"역할을 잘 소화해서 몰입해서 잘 봤어요
역시 노래가 좋아요",1
마이클,"'잭슨5' 부터 '마이클 잭슨' 까지의 노래를 잘 아는 사람들에게는 즐겁겠지만,
영화가 원래 방향과 다르게 수정되고 변형되고 잘려나가서 전체적으로 매우 평면적이고 단순해진 느낌이 많이 아쉬움.",1
마이클,콘서트를 보는 듯한 느낌.. 짠한 마이클 인생.. 재밌게 잘 봤어요,1
마이클,듣는 재미가 있어요!!,1
마이클,무대 보는 맛은 있는데 전기영화로서는 모르겠다 다른 깊이있는 마이클 영화가 나오길..,0
마이클,주연배우가 마이클 잭슨의 조카라던데 엄청 똑같아서 몰입이 잘됐습니다. 재밌게 봤어요 굿 👍,1
마이클,"그동안 잘 알지 못했던 마이클잭슨의 다른 모습을 알게되었고
팝의 황제가 되기까지의 성장기를 알수있게되어 흥미롭게 관람하였습니다
잘 짜여진 스토리와 연기력 무엇보다 ost가 좋았어요",1
마이클,"마이클잭슨의 일대기
전체는 아니었지만
즐겁게 잘봤습니다",1
마이클,감동적입니다.2편이 있는건가요?,1
마이클,시간이 지났어도 최고의 명곡 . 너무재밌네요,1
마이클,반쪽짜리 스토리지만 그래도 재미있었어요 마이클잭슨의 생애가 안타깝기도 했고요,1
마이클,마이클과함께 무대에있는듯했다,1
마이클,시간이 순삭이네요~마이클 그립네요~강추!!!,1
마이클,시간 가는 줄 모르고 봤어요!!,1
마이클,시간가는줄 모르고 콘서트처럼 너무 신나게 봤어요♡♡다시 마이클의 노래를 듣고싶어요,1
마이클,마이클 잭슨 노래로 채워진 뮤지컬을 느끼는 기분.,1
마이클,재미있게 봤어요.,1
마이클,"마이클 공연을 실제로 본 사람들은 너무 좋았겠다
이 영화도 안 보면 후회",1
마이클,그저 짱! 노래에 압도된다!!다시 살아돌아와요 마잭,1
마이클,그리움은 점점 모여서 기억들은 너를 만들고,1
마이클,진짜 제 인생영화에요 또 보고싶을 정도였어요!!!,1
마이클,저는 감동적이었고 인상적으로 봤습니다.,1
마이클,좋아요 재밋어요 또보고싶어요,1
마이클,평이 은근 안 좋아서 걱정을 했는데 도대체 어디가 안 좋은거임 노래 나올때마다 진짜 너무 좋았음 그리고 배우님 엄청 준비 많이 했구나 느껴짐 모든 캐스팅 굿굿,1
마이클,음악이 곧 서사. 빌리진 전주 나오는데 소름이..,1
마이클,진짜 마이클잭슨이 나온줄 알았어요 ㅎ,1
마이클,마이클잭슨 플리를 영화한편으로 뚝딱 즐길수있는 즐거운 시간. 이유는 모르겠지만 그의 명곡들을 듣고 보며 울컥 차오르는 순간이 잦았다.,1
마이클,여기서 끝났어야 했나?,1
마이클,마이클 안좋아해도 음악만 좋아해도 그어떤 누구라도 재밌을듯합니다.,1
마이클,즐겁게 음악감상하고 왔습니다🎶🎤,1
마이클,"나무 너무 좋았습니다.
왜 팝의 황제인지 증명하고도 남았습니다.
팝의 황제 vs 한 명의 인간으로서의 서사가 공감을 이끌어 냅니다.",1
마이클,잼있게 잘 봤습니다!!!,1
마이클,"연기한 배우가 마이클 잭슨 친조카라고 하던데..
많이 닮아서 몰입이 잘됐어요.",1
마이클,재밌어요그런데실제마이클은 빌리진 부를때 검정중절모를 쓰고나와 얼굴을가리고 시작하면서 모자를던지며시작했어요그리고 인간적인 고뇌와 갈등이연출되었다면보헤미안랩소디보다더감동을주었을거예요,1
마이클,정말 완벽한 재연 스토리였다.. 정말 그를 기념한 영화..,1
마이클,"보는 내내 과거로 돌아가 맘껏 즐겼습니다
영화가 끝나고 나서도 여운이 오랫동안 남아
마이클잭슨의 영상을 찾아 보았습니다",1
마이클,너무 재밌게 봐서 N차할 예정입니다,1
마이클,"즐기다가 두시간이 훌쩍지나갔네요
좋은영화 감사합니다",1
마이클,"왜 이제서야 나왔는지, 다음 편 너무 기대됩니다!",1
마이클,진짜 미쳤어요....ㅠㅠㅠㅠ 자파잭슨 너무 열심히 해줘서 고마울 따름입니당,1
마이클,"불쌍한 마이클
2,3편도 할듯",1
마이클,"영화는 재밌게 잘 봤어요~그런데 의자에서 쉰내가 너무나서 등을 붙일 수가 없었어요..쉰내나는 걸레로 닦으신건지..다른원인이..영화보는내내 쉰내와 사투를..ㅡ.ㅡ""
관리를 좀 더 많이 잘해주시면 좋겠어요",1
마이클,"진짜 마이클잭슨이네요
음악및춤이 끝네주네요
볼만합니다",1
마이클,"보헤미안 랩소디 기대하고 마이클의 화려한 무대 이면에 가진 인간의로서의 모습과 감정들을 기대했는데 
짝퉁 마이클잭슨의 무대만 주구장창보다 온 느낌이예요. 마지막에 끝나는 것도 당황스러웠어요.",1
마이클,"그리운 음악의 황제🎵👑 마이클 잭슨, 싸랑해요♥️😎 다시 재관람 해야지",1
마이클,마이클잭슨은 역시 슈퍼스타다.,1
마이클,노래는 좋았으나 스토리는 별로...,1
마이클,"마치 2시간 동안 콘서트장에 있었던 것 같았습니다 
즐겁게 관람했어요",1
마이클,마이클 잭슨에 대한 존경심은 없고 그냥 상업적으로 가볍게 만들었다는 이야기를 봤는데 노래와 무대는 신나지만 씁쓸한 영화네요,1
마이클,노래와 춤 모든 것이 완벽했다.,1
마이클,같이 보러 간 일행이 좋아했어요.,1
마이클,잭슨의 천재적인 음악을 다시 한번 더 느낄 수 있는 영화였습니다. 강력 추천합니다. 잔잔한 감동도 있어요.~~^^ 🎶🎶🎶🎵,1
마이클,노래가ㅜ좋았음 스토리 무난,1
마이클,마이클은 시대의 아이콘인데. 일찍 세상을 떠난 것이 아쉽네요,1
마이클,스토리 연결이 매끄럽게 이어지지 않는듯해서 몰입감이 다소 중간중간 끊기는 듯 했으나 워낙에 명곡을 신나게 듣느라 귀호강은 잘했어요~마이클의 심도있는 개인적인 감정 표현도 기대했으나 그건 패쓰ㅠ,1
마이클,진짜 영화관에서 꼭 봐야 하는 영화입니다 .. 또 보고 싶을 정도로 너무 좋았어요,1
마이클,마이클 마이클 마이클~~,1
마이클,"마이클잭슨이 왜 그렇게 허망하게 가버렸는지를 알수 있었던 영화입니다.
늘 혼자 외로웠던 천재 마이클....
너무 재밌게 봤습니다.",1
마이클,"더 히트곡이 안나와서 아쉬움;;;
후속편이 있을까 궁금하네요.
영화를 조금 보고 나온느낌???",1
마이클,마이클잭슨의 공연을 큰화면으로 볼수 있는 기회가 있음 좋겠다,1
마이클,마이클과 같은 시대에 살았다는 것에 감사합니다,1
마이클,마이클 2편이 기다려진다,1
마이클,재미있게 잘 봤어요,1
마이클,"킹오브더팝, 너무 재밌게 잘 봤어요 ^^",1
마이클,마이클 잭슨을 잘 모르는사람이 보면 흠잡을게 없는듯,1
마이클,기대했던 만큼 실망시키지 않습니다,1
마이클,nostalgia ㅠ.ㅠ,1
마이클,마이클 선한 영향력은 언제나 좋다,1
마이클,제가 생각한 마이클잭슨 영화가 아니였네요.. ㅜㅜ,0
마이클,개봉날 기다려서 보고왔어요. 화려한 볼거리보다 마이클잭슨을 추억하는 좋은 저녁시간을 보냈어요,1
마이클,"어떻게 이렇게 캐스팅을 찰떡으로 했나 신기했음 춤도 잘 추고 싱크로율이 높아서 몰입이 잘 됨
영상미도 좋고 난 마이클 잭슨 팬이 아닌데도 재밌게 봤음",1
마이클,엄마가 너무 좋아하시네요~두번보세요..세번도 볼듯~♡,1
마이클,"재밌어요!
아직 할이야기가 더 많네요!",1
마이클,진짜 소름…마이클 최고였습니다.,1
마이클,영화는 애매하지만 마이클잭슨의 무대 재현만으로 볼 맛은 난다,1
마이클,"연기, 노래 모두 압권이네요. 2편은 언제 나올까요?",1
마이클,"한편의 영화로선 아쉬움이 많은 영화지만
잘 모르던 마이클 잭슨의 이야기가 몰입감을 주네요
하지만 영화에서 그의 노래에 대한 취급이 아쉽네요.
들어보고 싶은 히트곡들이 지나가듯 흘러가는게 아쉽네요",1
마이클,"오랜만에 즐거운 음악과함께 잘보았습니다
마이클그는 시대의아이콘 !!!",1
마이클,마이클 잭슨 음악을 즐겼던 분들이라면 그의 인간적인 면모와 퍼포먼스를 즐겁게 볼 만 합니다. 조카가 생각보다 싱크로율이 높아요. 한 편으로 완결이 아니라 속편이 나옵니다.,1
마이클,그 당시에 현장에 없었다는 아쉬움을 이렇게라도 달램,1
마이클,"영화 끝난지도 모르고 즐겼음
심장 뛰게 하는 노래 무대연출",1
마이클,슈퍼스타 마이클 사랑합니다,1
마이클,아들이 먼저 보겠다해서 예매해줌. 나도 봐야지,1
마이클,정말 시간가는 줄 모르고 봤어요,1
마이클,이영화 마이클잭슨 일대기 영화인데 재미있게 봤네요 내용 자체가 괜찮네요 영화보면서 느낌점인데 마이클잭슨 어린시절에는 사회복지사 같았아요 영화는 후속작이 남아있어서 기대합니다,1
마이클,보헤미안 랩소디를 보고 기대를 많이 해서인지 이 영환 그닥.. 싱크로율 높다고 하던데 개인적으론 주인공이 오히려 마이클과 다른 느낌으로 몰입도 방해. 이번편은 ost도 좀 아쉬움..,0
마이클,2시간 동안 시간 가는줄 몰랐어요 영원한 마이클잭슨 넘 그립네요,1
마이클,연기도 좋구 춤과 무대연출 모두 좋습니다,1
마이클,"숨겨진 가족사, 진실한 사랑의 소유자였던 그의 샌을 돌아봅니다. 가족얘기가 길게 나와서 후속편이 있을꺼라 여겼더니 역시 한편짜리가 아니었네요.",1
마이클,"재밌게 봤어요.
2편 나오나요??",1
마이클,전설의 마이클 잘봤습니다,1
마이클,"아역과 어른역 둘다 춤 노래 너무 잘한다.
절도있는 안무가 얼마나 많은 노력을 했을까 느껴짐",1
마이클,명곡을 들을 수 있어서 좋았어요,1
마이클,"가족이 가족에게 향하는 폭력...
낳은 것으로 해도 되는 일은 
그것이 상대에게 도움이 되는 것으로 한정해야지 
나나 다른 가족을 위한 일은 각자 해결해야...

아무래도 노래가 좋다 보니 
뫃입감 좋아요 😀",1
마이클,"나는 이건 아니라고 본다 영화 마이클은 더 표현이
필요했다",1
마이클,재밌습니다 만족합니다,1
마이클,아이맥스에서 보니 콘서트 같았어요,1
마이클,"마이클잭슨 아역 연기잘한다
잭슨파이브 예기가 중심이라 
마이클잭슨 중심 일줄알았는데",1
마이클,"생각보다 지루 했어요.
보헤미아냅소디완 너무 달라요.
보헤미안랩소디는5번 봤어요.",0
마이클,To be continued.가 너무 아쉬운데..?,1
마이클,2편이 기대됩니다~~,1
마이클,"마이클 잭슨의 음악을 듣고자란 세대로서 다시한번 위대한 음악가였다는걸 실감했고
아무리 세계적인 성공을 이루어도 어릴적 결핍은 채워지지 않는다는걸 깨달았다
지금은 그만의 세계에서 행복하길 빌며...",1
마이클,"화려함 뒤에 슬픈 가족사.
반가운 마이클 얼굴에서 눈물이 납니다.
다음엔 IMAX로 한번더 만나렵니다.",1
마이클,"오랜만에 재밌게 본 영화입니다!
영화보고 마이클잭슨노래만 계속듣게되네요ㅋㅋ",1
마이클,"어린시절위주로된영화네요
제목도마이클이아니라잭슨5로해야하는거아닌가하네요
그래도음악만보고좋았어요
스릴러앨범만나와아쉬웠어요~~",1
마이클,마이클잭슨에 대해 잘 모르지만 너무 즐겁게 봤어요,1
마이클,진따 마이클의 이야기는 없고 겉핥기로 즐기는 음악영화였다. 재미없다고 할 수는 없지만 너무 아쉽다. 마이클 잭슨은 너무 일찍 꺼났다. ㅠㅠ,1
마이클,"마이클잭슨의팬이라면중간중간눈물이날수밖에없다
전세계가사랑했던우리의별⭐️",1
마이클,불우했던 어린시절부터 남다른 재능과 훌륭한 성품과 인텔리적인 음악적 감성속 아이디어뱅크였던 그의 삶을 127분에 담기엔 역부족이다보니 전체적 서사구조의 연출이 다소미읍하게 담은것이 옥의 티 ^^;,1
마이클,노래 하나는 이거이거,1
마이클,Bad 때 미쳐버리는줄 알았어요,1
마이클,음악좋고 재미있어요 관람후 마이클잭슨 무한검색중이요,1
마이클,배우는 진짜 실감나긴했는데 영화가 마이클이 아니라 잭슨가 이야기 같고 어린시절이 너무 길어서 정작 더 명곡들은 나오지도 않았어요,0
마이클,Thank you 마이클 잭슨 ❤️,1
마이클,마이클... 당신은 가족을 위해 할만큼 했어요. 다시 봐도 당신은 최고에요!,1
마이클,보다만 느낌이에요. 얘기하다 만 느낌!,1
마이클,콘서트장에 온 기분이었습니다! 문워크 장몈마다 소름이 돋았네요!!,1
마이클,무조건 보세요 자파르잭슨 완전 마이클 싱크로율1000% 사운드 대박. 마이클 팬이어서 그런지 들썩이면서 관람함,1
마이클,가슴속에서 뭐 자꾸 올라옴,1
마이클,역시 마이클 잭슨~,1
마이클,"마이클의 생애가 넘 멋쪄욤~^♡^~
또 한번 보구 시플 만큼 조았어요~",1
마이클,눈과 귀가 즐거운 영화,1
마이클,"황제의 재림...부활... 

#황제#재림#부활",1
마이클,파란만장했네요 마이클잭슨도 잭슨 아버지. 부모자격이영..,1
마이클,내가좋아했던 마이클 너무 일찍 갑자기 떠난마이클 자기자신 으로살지못하고 가기전까지도 형제를 먼저 생각했던 착하고여린 마이클 처음에 그냥그렇게 보다가 마지막에 가슴이먹먹하고 눈물이 ᆢ,1
마이클,"잘봤습니다
마이클잭슨 영화로보니 반갑네요
내용 음악
모두 만족했습니다
꼭 보세요",1
마이클,무대 영상 자체가 감동입니다,1
마이클,마이클잭슨 인생이 진짜 영화 같네요. 재미있게 봤어요.,1
마이클,마이클 잭슨의 이야기가 아니라 잭슨 5의 이야기인가요?,0
마이클,배우가조카라그런지 몰입감굿,1
마이클,MJ 팬들에겐 최고의 선물,1
마이클,"마이클잭슨 👍
재미있게 잘 봤습니다",1
마이클,"마이클잭슨 👍
재미있게 잘 봤습니다",1
마이클,참 인간적으로 좋은 사람입니다 너무 보고싶어요 감동입니다,1
마이클,참 인간적으로 좋은 사람입니다 너무 보고싶어요 감동입니다,1
마이클,한번 더 보고 싶은 영화에요. 콘서트 장면 보면서 저 자리에 너무 가보고싶다는 생각에 가슴이 먹먹해졌네요.,1
마이클,엄마가 재밌으셨대요,1
마이클,세계적인 가수의 감동이 그대로 느껴지는 감동이 있는 영화입니다. 내내 영화를 보면서 잭슨(음악)의 영향력과 감동이 그대로 느껴지는 시간이었네요. 참 멋진 영화입니다. ^.^,1
마이클,마이클 잭슨의 환생을 보는 듯한 공연 장면 만으로도 충분히 커다란 감동을 주는 영화.. 곧 제작이 예정된 2편에서는 더 화려한 음악과 영상이 기대되나 마이클 잭슨의 아픈 인생이 그려지는 슬픈 영화가 될 듯,1
마이클,재미있게 잘보고 나왔습니다,1
마이클,마이클에 감정이입해서 울컥하네요,1
마이클,"왕과 사는 남자에 이어 오랜만에 감상하기 좋은 영화입니다.
즐기며 감상했습니다.
마이클을 찬양합니다.",1
마이클,"멋진 무대 , 콘서트를 보는 느낌!!",1
마이클,거의 잭슨파이브와 아버지와 관련된 얘기나오고 80년대 딱 전성기 음악 공연 볼수있어서 좋았네요.,1
마이클,또 해?! 보헤미안의 전율은 없었다..,0
마이클,공연 장면 멋지지만 아버지와의 갈등 외엔 마이클 잭슨의 인간적 고뇌가 거의 그려지지 않아 아쉽다.,1
마이클,추억이 새록새록 마이클 잭슨이 그립습니다,1
마이클,음악과 춤이 주는 몰입감이 최고입니다!,1
마이클,딱 12세 관람가 스토리로 만들었습니다. 뮤지션의 성장 과정..주로 아버지 갈등에 포커스를 맞추고 영화는 가볍게 흘러가버립니다.,1
마이클,저작권때문에 그랬나? 노래가 생각보다 많이 안나옴,1
마이클,수박 겉핥기식으로 보여주는 것 같아 좀 안타까워요,1
마이클,추억 돋는...너무 재밌게 잘봄,1
마이클,"2시간은 잠시였다~.
마이클의 노래와 춤은 모든 옥의 티를 감춰버렸다~^^",1
마이클,재밌게 잘 봤어요,1
마이클,잘된 한편의 공연을 보았네요,1
마이클,재 미 있 게 잘 봤 습 니 다,1
마이클,너무 재밌었던 마이클! 노래도 좋고 다시 보려고 예매했을정도! :),1
마이클,엄만 왜 피했을까? 적극직으로 말렸으면 어땠을까?,1
마이클,ㅗ 나 지금 집에 왔어 ㅋㅋ ㅋㅋㅋ,1
마이클,마이클 잭슨의 잇었던 일을 잘 표현하였고 아바로 부터 벗어나며 끝나는 것이 감동적이었다.,1
마이클,뭉클함과 그리움과 아쉬움이 진하게 남는 영화입니다,1
마이클,어후 ㅠㅠ 존잼 ㅠㅠㅠ,1
마이클,"최고의영화…
꼭보세요",1
마이클,"배우의 춤 연기와 연출등이 어우러져 재미있습니다
스토리는 마이클의 이야기가 모두 담기진 않아 아쉬웟지만 재밋게 봤습니다",1
마이클,전기영화론 최악 퍼포먼스 영화론 최상,1
마이클,즐겁게 잘 관람했습니다!! 마지막 노래 흥겨워서 같이 들썩였네요ㅋㅋㅋ,1
마이클,영원한 팝의 황제-~~넘 재미있어요,1
마이클,좋은영화 잘 봤어요,1
마이클,조아요저아여조아여오,1
마이클,그시절 우리의 학창시절 최고의 팝스타!,1
마이클,밤티 영화를 멱살 잡고 끌어올리는 갓곡들,1
마이클,내용을 마무리 짓는게 아니였군요 아쉽네요,1
마이클,마이클 잭슨의 이면을 조명했다는 점에서 흥미롭고 배우 연기가 좋았습니다.,1
마이클,"음악,춤,노래 너무 좋았어요~최고의 영화였습니다~👍👍너무 잘 봤습니다~",1
마이클,마이클 재미있었습니다,1
마이클,내가 본 영화 중에 최고입니다.👍,1
마이클,"#마이클잭슨 자체가 역사
#1편은 #마이클 / 87년도 Bad앨범까지 보여줌
#2편은 #잭슨 예상 / 91년도 Dangerous앨범에 Black or White, Heal the World 보여줄 것 같음",1
마이클,"이야기는 소박하지만 무대만큼은 성대한, 황제의 대관식.",1
마이클,대단히 감동적입니다.,1
마이클,마이클 살아계셨으면..,1
마이클,굿... 추천합니다.,1
마이클,라이브 공연을 보는 듯한 느낌,1
마이클,MJ의 이야기 라는 것 만으로도 볼 만한 작품 입니다,1
마이클,"화질좋은 업스케일한 뮤직비디오를 본 느낌...
영화는 아니었다.. 마이클의 서사는 없었음..",1
마이클,찬사를 보냅니다. 감사합니다.,1
마이클,"마이클 잭슨 팬이라 몰입해서 봤어요.
한번 더 보고 싶네요.
2편도 나왔으면 좋겠어요.",1
마이클,"스토리빠진내용이많지만 노래듣는만큼은 너무좋았습니다
뒷모습,옆모습은 진짜마이클잭슨이라고 착각한적도몇번있었음
재밋게잘봤습니다",1
마이클,그냥 노래 들으러가는.. 딱히 재미있지는 않다,1
마이클,"마이클잭슨 팬입니다
잠시나마 그시대로 잠시 돌아간거 같았습니다
명곡들과 그의 멋진춤선을 다시 보게되어 너무 즐거웠습니다",1
마이클,"마이클 어땠나요?
좋았어요",1
마이클,"아쉬운 것도 있었지만, 재밌게 봤어요 ♡",1
마이클,"마이클 어땠나요?
좋았어요",1
마이클,끝날때 엥?이렇게 끝나? 할 정도로 아쉬웠던.. 기대보단 알차지않은 내용들 음악나올땐 정말 좋았습니다!,0
마이클,잘 봤습니다~~^^,1
마이클,추억븨 마이클잭슨 과연 bts가 이 한명의 거장을 넘어설 수 있을까? 볼만합니다.,1
마이클,재미있게 잘 관람했습니다,1
마이클,엉성한 연출과 밤티호랑이로도 천만 했는데 이 정도면 선녀지.,1
마이클,고딩아들이 뜬금없이 보러가자고 해서 별 기대없이 봤는데 와우!!! 옛 추억도 떠오르고 아주 재미있게 봤습니다. 웬만한 영화 몇편 보는것보다 훨씬 좋아요 😀 😍 👍,1
마이클,즐겁게 재미나게 잘봤어요,1
마이클,자유를 향한 마이클에게 아버지의 욕심이란?,1
마이클,마직막하이라이트부분은 진짜 레전드였어요 2편도 기대할게요 레전드노래를 크게들으니 진짜 현장에있는느낌이였어오 스토리는 아쉬운부분이많았어요,1
마이클,"영화를 보고나서 마이클 잭슨이 넘 보고싶고 그립네요
이제 이야기가 시작되는줄 알았는데 끝났어요 ㅠ
넘 감동이였습니다.",1
마이클,노래며 음악 춤 정말 잘 하네요. 지금 들어도 명곡. 가족이라는 둥지이자 멍에가 되네요. 그의 개인적인 인생에 대해 알고나니 짠하네요. 피터팬 마이클은 영원하다!!,1
마이클,"음악이 즐거운 영화
보다만 느낌으로 생각보다 별로 였음",0
마이클,"이걸 영화라고?
MJ에게 미안해 진다.",0
마이클,최고^^ 시간순삭임 스토리 +연기 굿굿굿 미쳤다,1
마이클,마이클잭슨의 노래와 이야기를 담기엔 부족. 자파잭슨의 노력이 보인다. 어린 시절 마이클 배역 연기 좋네. 다만 너무 아버지 이야기에 매몰된 듯. 빌리진이나 스릴러의 뮤비삽입이였으면 더 좋았을 듯.,1
마이클,"기대가 너무 컷나?
보헤미안 랩소디 만큼의
감동은 없었음",1
마이클,"아름다운 아티스트
그의 이야기",1
마이클,재밌게 잘 관람했습니다,1
마이클,"마이클 잭슨의 일대기를 보는 것만으로도 충분히 즐거움. 
눈과 귀가 즐거운건 당연한거고 ㅎㅎ
강추합니다 ㅎㅎㅎ",1
마이클,마이클잭슨의 노래는 언제나 들어도 즐거워요,1
마이클,원래 의도대로의 버전도 궁금해진다.,1
마이클,재밌게 관람했습니다!!!,1
마이클,그냥 집에서 볼륨 높이고 MJ의 노래를 감상하라,0
마이클,👍🏻👍🏻👍🏻👍🏻👍🏻,1
마이클,연기도 잘하고 재밌어요,1
마이클,한 편으로 못 끝내다니! 보다 만 느낌. 마이클에 대한 오해를 풀어줄 줄 알았는데 그건 다음편인건가? 첨부터 1부라 하지.. 존 브랑카는 왜 좋은 이미지로 나오나? 제작자라서? 아직 풀리지않은 미스테리가 많은데.,1
마이클,마이클 당신은 최고의 뮤지션!,1
마이클,"마이클 잭슨의 음악이 주인공이다. 어린 마이클 노래도 좋고, 자파 잭슨 댄스도 잘했다. 그래도 마이클잭슨을 기억하니, 그에 못 미친다는건 다시금 깨닫는다. 오리지널이 더 그립게 만드는 영화다.",1
마이클,"기대했던 만큼 잘 보았습니다.
다음편까지
기다려야 할 것 같아요",1
마이클,"공연 장면이 멋있었습니다. 
마이클이 침팬지랑 기린이랑 라마키우는게 짠했습니다.",1
마이클,"1996년에 처음 만난 마이클 음악으로부터
2026년에 다시 만난 마이클 영화에 이르기까지
늘 함께 해주어 고마워요! (영화는 두말할 것 없이 굿굿 ❤️)",1
마이클,신이 내린 아티스트! 마이클! 속편 꼭 나오길 기대합니다.,1
마이클,"2편이 기대됩니다
위아더 월드",1
마이클,"영상미와 음악때문에 눈과 귀가 너무 행복했습니다!
후속작이 기대돼요!",1
마이클,"조카 자파르잭슨이 연기한 마이클잭슨 영화 런닝타임 내내 ost &!안무덕에 눈가 귀가 호강 했었다, 끝부분에 후속작 암시도 있어서 더윽 설레이게 하든 영화!",1
마이클,"참으로 닮았다 조카라지만 그렇게 닮을수잇나? 싶게 비슷하게 향수를 일으키게 해서 한참보는데...

끝.났.다. 뭔가 하닥 만 느낌 이랄까? ^^;;;",1
마이클,"""이 세상에는 승자와 패자 뿐이다.""
마이클 잭슨을 연기하기 위한 배우님의 노력이 얼마나 힘들었을지 고스란히 느껴지는 영화입니다. 콘서트장에 온듯한, 싱크로율 100%예요.^^",1
마이클,추억을 선물해줘서 감사,1
마이클,영화가 끝나도 쿠키가 없어도 관객들이 노래에 취해서 안 일어나드라 다 떠나서 사운드가 너무 좋았다 비트잇 뮤비는 꼭 오리지날 보시길!! 뒤에 백댄서 흰자켓흑형이랑 검죽자켓백형 진짜 까리하고 섹시했어,1
마이클,"빌런 또는 음악 둘중 하나에만 집중했으면 좋았을텐데 약간 아쉽네요
그래도 레전드 노래도 있으니 나름 잼나게 봤어요",1
마이클,음악이 너무 좋아요.옛날 추억이 생각나요.,1
마이클,순수한 잭슨 좋았습니다.,1
마이클,타임을 향한 음지의 사랑세레나데... 그의 보답으로 타임은 자신의 몸을 대주다...,1
마이클,"마이클을 촣아하면 보세요
가족 이야기",1
마이클,완전 재밌게 봐 ㅋㅋ ㅋㅋ ㅋㅋ ㅋㅋ,1
마이클,이정도면 충분히 그리워요 😢,1
마이클,기대하고 본만큼 감동입니다~,1
마이클,진짜 콘서트에 있는 것처럼 노래를 듣는 재미가 있네요,1
마이클,마이클 잭슨을 좋아하니 마이클 잭슨 노래만으로도 좋았고 슬프다,1
마이클,"최고의 스타는 그냥 되는것이 아니다, 극중 이세상에는 승자와 패자뿐이다. 가슴에 와 닿는 말이다.",1
마이클,아이맥스 예매해 놓고 2D로 먼저 봤어요. 시리즈로 나오는 거죠? 너무 짧아서 이후 스토리도 궁금합니다.,1
마이클,"레전드 마이클
재밌게 관람했습니다",1
마이클,"팬이라면 좋아할영화
노래는 역시나",1
마이클,귀가 즐거운 시간이었어요.,1
마이클,너무 그립네요...마이클 ㅜㅜ,1
마이클,재밌게 잘 봤습니다,1
마이클,그때 그시절의 마이클을다시 볼수있어행복했습니다,1
마이클,"콘서트장에 온듯한 사운드가 좋았고,잭슨 아역배우 너무 귀여워~~~^^",1
마이클,"마이클 생각나서 잠시 뜨건 심장이 요동치는 ...
영화 만들어주신 분들께 감사의 인사를
또 보고 싶어요 ㅠ.ㅠ",1
마이클,"마이클은 위대하다.
2편 기대♡♡♡",1
마이클,"반가운 추억 소환, 본격적인 이후 이야기는 계속되기를",1
마이클,연출적인 부분 좀 아쉬운 것도 있지만 노래가 너무 좋아요! 4D로 보기엔 너무 효과가 없어요,1
마이클,볼만해요 ~~~!!!,1
마이클,"다시 돌아온 마이클~~!!!

추억속으로 다시 돌아간 듯 한!!",1
마이클,"마이클이 다 한 영화 같습니다.
자퍼잭슨 배우분의 연기도 지난 3년간 노력하신게 보였구요. 욕심이지만 다음 편이 있으면 좋겠다는 생각이 들었습니다. 하지만 이번 영화에 많은 의견이 갈린만큼 조심스럽네요.",1
마이클,나의 삶속에 자리하던 친구 마이클잭슨. 보고싶다.,1
마이클,마이클의 고뇌가 있는듯 음악의 즐거움이 있는듯하다 뭔가 어중간하게 끝이 나는 영화 과연 이어지는 다음편에서는 걱정반 기대반,1
마이클,전설이 환생한것만 같은느낌,1
마이클,정말 최고!!!입니다,1
마이클,영상보면 실제 콘서트장에 온거 같은 느낌이 듬.. 이영화는 사운드에 따라 영화감상의 의미가 달라짐.. 반드시 사운드 좋은곳에서 감상 하시길 바람..,1
마이클,좋은영화네요 잘봤습니다,1
마이클,"감독 이제 그만 만드쇼 새로운게 없자나
마이클이 아깝다",0
마이클,마이클잭슨의 노래를 듣는것만으로도 이미 영화값은 다했다고 생각합니다 2편이 빨리 보고싶어요,1
마이클,"마이클잭슨 팬에게 헌사하는 영화, 또는 마이클잭슨 팬이 아니더라도 그 시대를 살았던 사람에게 좋은 추억을 선물하는 영화",1
마이클,아이는 아이답게 가정폭력 ㅉ ㅉ,1
마이클,"노래나 무대나 많이 보여주지..
끼워넣은듯한 가족사 이야기는..
항상 가족 빌런이 있다고하더라구요
행복하고 화목하게 자랐다고 하면 이야기꺼리가 없으니까 그렇다치고..
2편도 나오겠군요..",0
마이클,언젠가 나오길 기대했다. 잭슨영화 ~!!! 왜 그가 팝의 황제인지 전설인지 ~,1
마이클,"다른 것보다 잭슨파이브 시절부터 시작해서 마이클 잭슨의 명곡들을 영화관 사운드로 들을 수 있다는 점에서 충분했다.
아직 1편에서 나오지 않은 명곡과 마이클의 이야기가 많이 남았기에 2편이 더 기다려짐.",1
마이클,중간에 끊긴 느낌 아쉽네요,0
마이클,"2시간짜리 영화에 그의 인생을 다 담을 순 없었겠지만, 마이클 잭슨의 음악을 현장감 있게 들을 수 있다는 것만으로도 만족",1
마이클,"마이클의 모습을
마이클의 목소리로 마이클의 노래를 듣는거만으로 너무 행복했던 시간이었어요",1
마이클,진짜 마이클 잭슨은 없다,0
마이클,좋네요 좋아요 잘봤습니다,1
마이클,아이맥스 보다는 차라리 돌비로 보는 게 좋았을 듯,1
마이클,"특별한 스토리나 에피소드가없어도
마이클 잭슨의 공연을 보는것으로 충분하네요",1
마이클,팝의 황제 마이클 잭슨 .. 무슨 말이 더 필요한가?,1
마이클,"여전히 존경스러운 평생 존경할 나의 우상, 새삼스럽게 죽은 마이클이 너무나도 불쌍하고 안쓰러워졌다. 2탄 빨리! 부디 내가 살아있을 때! 콘서트 관람 + 눈 앞에서 최애 일상 보기 가능! 강력 추천! 용산IMAX",1
마이클,보헤미안랩소디 보다 별로임,0
마이클,네 안의 빛으로 세상을 밝혀라.,1
마이클,다섯 손기락안에 드는 못 만든 영상.,0
마이클,마이클의 어린시절의 불쌍함과 안타까움이 느껴지고 음악적으로 성공했던 옛날의 감동이 그대로 느껴지는 멋진 작품이네요. 1탄은 맛보기. 2탄이 더 기다려집니다.,1
마이클,"마이클젝슨 오랜만에 극장에서 느껴보는 음악들
좋았어요.",1
마이클,"마이클 잭슨이 잭슨 파이브를 떠나는 과정까지을 담은 영화인데, 명곡들을 다양히 들을 수 있어 좋았고, 그의 불우하지만 순수한 모습에 감정이입이 됨.",1
마이클,아이유애나 생카 실패하고 본 영화,1
마이클,마이클마이클마이클마이클,1
마이클,Sheoqoojdbbbwhhhvqcfqikjd,1
마이클,"배우의 노력의 결과가 고스란히 드러난 영화. 
마이클 잭슨이라고 계속 착각하면서 본 영화. 이건 싱크로율이라고 표현이 안된다.",1
마이클,"영화때문에 마이클의 이야기를 찾아봤는데...
마이클 너무 불쌍하다ㅠㅠ
영화는 soso",1
마이클,"몰입갑이 좋아요
노랠를 잘 살려써요",1
마이클,역시 마이클잭슨의 노래는 너무 좋아요,1
마이클,음악이 진짜너무 좋네요.마이클의 일대기라기보단 그래도 음악이 많이 들어가서 좋았어요.마이클의 개인적인 다큐서사를 원하신다면 안맞을것 같지만 음악즐기려 가려는분들은 아주 재미있게 즐길수있는 작품,1
마이클,"거의 다 아는 노래라서 놀랐고, 영화 후반부로 갈수록 점점 더 실제 마이클 잭슨과 닮아가서 또 놀랐습니다.",1
마이클,"다시 화면으로 그를 접할 수 있게 되어 너무 좋네요.
당시에는 매스컴을 통해 접하다보니 실제의 모습과는 다른 부분이 있던것 같은데 이번 기회를 통해 한 시대를 이끌었던 모습을 많은 이들이 함께 느끼길…",1
마이클,보헤미안랩소디의 형식을 따라 갔으나 노래의 임펙트가 못 미쳤건거 같고 영화를 보기전 유트브에서 마이클에 대한 비하인드 영상을 본것때문인지 마이클을 연기한 배우를 좋게볼수 없어 영화도 불만족 함.,1
마이클,"조금 실망스러운부분이 있어요
후속작으로 이어진다니..
끝이 너무 허망? 허무? 했다",1
마이클,노래 너무 신나서 좋아요!,1
마이클,재밌게 봤습니다. 음악이 너무 좋아요~,1
마이클,마이클을 잘 모르는 사람이 봐도 음악만으로 설득당하는 영화,1
마이클,제나이 50 아들과 같이 관람하였습니다. 천재가수잭슨형의 노래를 오랜만의 듣게되 너무감동이었으며 아들또한 너무 잘봤다고하여 뿌듯한 시간이었고 할인도받아서 더더욱 좋았답니다.2편나오면 꼭 볼겁니다.감,1
마이클,마이클 마이클 마이클,1
마이클,재미있게 잘 봤습니다! 파트원 영화인줄은 몰랐는데 속편이 있다니! 어쩐지! 스토리가 여유있다 싶었어요!,1
마이클,너무 재미있게 잘봤어요,1
마이클,"노래 굿, 나쁜거는 아버지, 살아있는 사람이 많아 객관적이지 않음.",1
마이클,마이클은 마이클이네요 빨리 2편 나오길 기대 합니다,1
마이클,팝의 전설을 다시 한 번 스크린으로,1
마이클,뭔가 충전되는 느낌을 받음.,1
마이클,마이클이 하늘에서 이 영화를 보고있다면 행복해할까?,1
마이클,"후기릍 보니 큰 관에서 보라고 해서
Imax관으로 ~
탁월한 선택이었네요
눈귀호강했어요",1
마이클,음악만 들어도 힐링이 됨. 영상미도 좋고 시간 가는줄 몰고 봄,1
마이클,"더 보고싶음
끝나지 않은 이야기를 본듯",1
마이클,마이클잭슨을 아는 모두에게는 그저 노래만으로도 충분히 스토리와 감동이 되는 영화,1
마이클,The movie was incredible for Michael Jackson fans who never got to experience an MJ concert. Lacks a storyline or plot but absolute cinema,1
마이클,특별한인물과그렇지못한영화,0
마이클,마이클 그 자체였음,1
마이클,"얼핏 보이는 그..
처음엔 어색했지만 박수를
훌륭했다",1
마이클,칙고ㅡ.ㅡㅡ....,1
마이클,글쎄 음악영화는 실패가 없는데 이건 잘하면 실패 일수도,1
마이클,끝나는줄 모르고 봤어요. 제발 끝이 아니길 바라고 봤어요. 감동과 재미 다 있어요. 가족이 보기좋아요.,1
마이클,그 때로 돌아간다면 나도 그의 광팬이 되었을 것,1
마이클,아니 여기서 갑자기 끝난다구요?,1
마이클,"용산 시사회
20260507",1
마이클,공연실황인줄. . .하지만 음악은 역쉬. . .위드패,1
마이클,힘든 상황에서도 마이클의 모든 모험하는 인생을 보았고 전율과 감격이 함께 존재할수밖에,1
마이클,"용산 시사회
20260507",1
마이클,"'정말 노래만 들어도 행복하다'..가 맞는듯.
 마이클이 그곳에서는 좀 더 평안하게 지내며 빛나고 있기를 기원합니다.",1
마이클,팝의황제 마이클잭슨👍,1
마이클,"21세기 가수들은 모두 당신에게 빚을 졌습니다.
만나뵙고 싶어집니다.
건강히 지내시길 바래봅니다.",1
마이클,공연이 끝나지 않기를 간절히 바라며,1
마이클,"스토리가 뭔가, 겉핥기 식 어설픈 느낌이 계속 들었다.",0
마이클,굳이 2부작으로 나눠야했는지,1
마이클,"깔맞춤 연기, 현란한 무대 영상 감탄스러움. 음악이야 원래 명곡들이니 말할 필요가 없고",1
마이클,잔잔한 스토리와 몰입감 있는 사운드로 잠시 과거로의 시간 여행을 즐겼어요^^,1
마이클,아는 노래가 많이 나와서 신나게 봤어요~ㅎㅎ 마이클 잭슨은 진짜 스타에요~!!,1
마이클,약간의 지루함도 있지만 그냥 그럭 저럭~~,1
마이클,월드 스타 타이틀 뒤에서 조용히 선행을 베풀었던 부분이 인상적이네요 MJ 너무 멋있습니다,1
마이클,팬으로서 착잡한 기분으로 보게되네요 마이클위주가아니라 아버지가메인캐릭터인듯한 큰 비중으로 그린것 불만이고 완벽을추구한 예술적노력이 별로 비중없게 지나가서 슬픕니다,1
마이클,마이클 다음에 또 보고 싶어요,1
마이클,마이클을 사랑하신다면 꼭 보세요. 속편도 기대되네요!,1
마이클,마이클 너무 재밌게 잘 봤어요,1
마이클,"팝을 마이클로 시작했던 세대
보는내내 눈물이...",1
마이클,마이클잭슨 사실 잘 몰랐는데 이번에 좋은 노래 많이 알게되었어요! 한동안 스릴러 들을 듯!!,1
마이클,너무 재미있게 잘봤습니다,1
마이클,초반에는 몰입도가 떨어지는데 뒷부분은 콘서트장면이 나와서 괜찮았습니다.,1
마이클,뭔가 2편을 생각하고 만든 영화 같지만 충분히 좋은 영화입니다^^,1
마이클,감동도 있고 몰랐던 노래도 들을 수 있어서 좋았어요.,1
마이클,완결이 아니라는걸 몰랐네..2편이 기다려짐,1
마이클,이런들 저런들 노래만 좋으면 됐다,1
마이클,생각보다 재미있었다.,1
마이클,기대하고 관람했어요 기대에 부흥하는 작품이 였어요,1
마이클,내용이 없을지언정 음악으로 충분했다,1
마이클,잘봤어요 또 보고싶어요,1
마이클,"영화는 좋았는데 너무 더웠어요. 집중도 떨어지고, 결국, 가지고 있던 핸드선풍기 투입. 
개인적으로 이러면 가고 싶지않습니다. 
집에서 에어콘틀고보지. PC방이나. (직원에게 이야기했음.)",1
마이클,"삼촌이 많이 자랑스러워 하실거예요 자파~ 
아직도 그가 곁에서 노래하고 춤추는것 같았어요. 너무 감동입니다",1
마이클,멋지다 마이클~~~,1
마이클,마이클 마이클 마이클 마이클,1
마이클,지리는 사운드. 꼭 영화관에서 봐야합니다,1
마이클,오직 그의 음악만이…,1
마이클,"우와 2편이 더 기대되네~♡
멋지다 마이클잭슨",1
마이클,영화를 보는 내내 가슴이 뭉클하고 콩닥콩닥 거린다.,1
마이클,개인사에 대한 논란보다 속편을 안배한 구성이 더 문제가 아니었을까? 어쨋든 전설적인 춤과 노래를 큰 화면에서 보는 호사는 비길 데가 없다.,1
마이클,마이클 잭슨 음악이 좋으면 👍,1
마이클,영화 한편으로 표현이 안되는 사람..,1
마이클,너무 재밋었어요 신나요,1
마이클,"킬링타임용으로 나쁘지 않았고, 마이클 잭슨의 음악이 좋았어요.
번아웃이 조금 왔었는데 어떤 태도로 삶을 대해야할 지 조금은 다시 돌아보는 기회가 된 것 같아요",1
마이클,"마이클 잭슨에 대해 굉장히 예의 있고 사고(accident)없이 풀어낸 영화. 근데 전기 영화면 뭐 이정도면 뭐… 그보다는 콘서트 영화에 더 가까운듯
이게 끝이야?할때 네 맞습니다. 끝입니다.",1
마이클,"오랜만에 정말 재밌게 잘봤습니다. 안쓰럽고 안타깝고 눈물나고 하긴했지만 노래도 다 좋고 선행도 많이한 마이클 잭슨...
이어진 뒷얘기도 빨리 나왔음 좋겠네여",1
마이클,"보면서 내내 전율이 올랐습니다.
마이클잭슨의 몰랐던 가족사와 개인적인 아픔을 알수 있어서 좋았습니다.
저시대에 저런 곡을 만들었다는 것에 놀랐습니다.
알고있던 노래들의 제작배경을 알게되어 너무 좋아.",1
마이클,무대 보는 즐거움은 있지만 마이클이 워낙 유명한 스타다 보니 영화에는 나오지 않은 생략된 내용이 문득문득 생각남. 주인공이 춤을 왜이렇게 잘추지 했더니 마이클 잭슨의 조카였군요. 킬링타임으로 볼만한듯,1
마이클,"노래는 진짜 좋은데
내용은 뭐가 있는지 모르겠네.
이런거면 그냥 음악만 들어도 될 것 같은데.",1
마이클,매우 즐겁게 보았습니다.,1
마이클,재밌게 감동적으로 보았네요,1
마이클,소름끼치는 존재감.,1
마이클,그의 음악은 영원하다,1
마이클,"보는 내내 눈을 뗄 수가 없네여! 눈과 귀가 호강했어여!
너무나 선한 사람인거 같아 안타깝기도 하고..
강추입니다!",1
마이클,예전에도 마잭 고증 영화 같은것들이 있었는데 이건 주연배우의 현실감은 더 있는것 같았어요. 스토리로는 저게 정말일까? 싶은 것들도 좀 있었지만 전체적으러 좋네요.,1
마이클,재미있게 잘 관람했어요,1
마이클,"보고 나면 처음엔 아쉽다는 생각이 들어요
맛있게 밥 먹고 있는데 밥상을 통째로 뺏어 가는 느낌…
전기 영화 라고 생각하면 아쉬운데
팬들을 위한 헌정영화라고 생각하면 완벽합니다",1
마이클,영화 한편에 다 담기 어려운 위대한 아티스트,1
마이클,화려한 무대 뒤 가족들과의 갈등 스토리가 안타까웠다,1
마이클,다시 들어도 명곡은 명곡이네요.,1
마이클,마이클이 진짜 마이클이 되기 전까지의 이야기. 어린시절의 마이클을 연기한 아역배우도 싱크로율 대단함. 마이클 아빠도 정말 똑같음.,1
마이클,그래서 2편 나온다는거야? 어쩐자는 거야?,1
마이클,마이클잭슨 일대기로 성장과정에서,1
마이클,마무리가 살짝 아쉽긴 했지만 그래도 잼나게 봄,1
마이클,오랜만에 만나는 마이클잭슨.... 진짜 최고의 아티스트였음을 다시한번 느꼈습니다. 마이클 잭슨을만나게해주셔서 감사합니다~~,1
마이클,정말 오랜만에 너무 재밌는 영화를 찾아서 정말 기쁜 것 같습니다!! 또또 보고싶은 영화이며 마이클 잭슨의 일생을 정말 잘 담고 무대 압도감이 미쳤습니다..,1
마이클,"1편은 2편 초대박을 위한 전초전..
2편 스토리가 예상되어 벌써 안타까움 ㅜㅜ",1
마이클,"전기영화를 좋아하는 나를 발견했다.
보헤미안 랩소디처럼,,
마이클잭슨이 아이들과 동물을 사랑하게 된 배경도 알게되었고 일과 가족의 사랑이 적절한 균형이 중요함을 알게되었다!!
2시간이 순삭,
또 보고싶다",1
마이클,"세기의인물이라고생각해요...
죽음이안타까운..
생존해있다면음악계가또어떻게되었을지아무도모르는..
좋은영화보면서눈시울이붉어지면서
잊고있었던리듬을느껴보았어요...",1
마이클,시간 가는 줄 모르고 봤다. 마이클 잭슨의 유년기 때 부터 히트곡들을 차례대로 들으니 너무 흥겹고 몰입해서 봤다. 진짜 콘서트장에 온 기분이었다. 조카가 삼촌을 많이 연구하고 노력한 흔적이 느껴졌다.,1
마이클,"영화라기보단 팬무비
찐팬보단 라이트팬이나 머글이 더 좋아할 영화
좋아씁니다 2편 나와라",1
마이클,IMAX 관람 추천 사운드가 넘사벽,1
마이클,"영화는재미있게봤습니다
그러나 보헤미안랩소디처럼 노래좀 들을까 했던기대에는 약간 못미치는거 같네요 같은 제작진이라기대했었는데🥲 뭐 2탄을 기대해봐야겠죠?",1
마이클,"오랜만에 영화다운 영화본듯
영화보는 내내 발을 가만히 두질 못함...",1
마이클,영화티켓 값으로 마이클 콘서트를 본다? 이건 못참지~,1
마이클,10번 보려고 합니다. 콘서트 온 것 같아요,1
마이클,재미있게 잘보았습니다,1
마이클,"음...
보헤미안랩소디 >>>> 마이클

스토리는 조금 지루하고 노래는 좋고
2편이 나온다면 노래비중 좀 늘기를",1
마이클,스토리는 아쉽지만 마이클잭슨 노래와 배우의 연기로만으로도 너무 좋아서 영화 크레딧까지 듣고 왔어요,1
마이클,"정말 재밌게 봤어요
마이클잭슨의 음악이 심장을 뛰게 만드네요^^
2편도 빨리 보고 싶어요",1
마이클,그냥 정말 대단한 사람.,1
마이클,"너무너무 잼있었어요
다른 친구와 한번더 봐야겠어요
사건 리얼리티는 좀 아쉽지만
공연이!!넘 멋져요~~
마이클잭슨의 부재에 대한 그리움이
잠시 쉬어가는거 같아요",1
마이클,"시간이 어떻게 가는지 몰랐어요
왜 이 영화를 보고 나니 보헤미안 랩소디 영화가 보고 싶은지?",1
마이클,마잭을 소재로 만든 평면적이고 기괴한 뮤직비디오.,0
마이클,마이클 잭슨의 노래들을 아이맥스로 보고 듣는 것만으로도 충분한 의의가 있는 영화.,1
마이클,오랜만에 다시 듣는 명곡들 너무 좋았습니다,1
마이클,황제 알현에 감격.,1
마이클,마이클 잭슨 이름만으로도 너무 좋네요,1
마이클,영화 좋았습니다. 추천해요,1
마이클,"이런 가수가 또 나올 수 있을까?
노래 작곡 춤
모든 게 완벽한 천재",1
마이클,"몰랐던 개인사를 알게됐고 나의 청춘시절 우상의 노래가 압권...

특히 주연배우가 친조카라니...",1
마이클,이걸 싱어롱으로 안낸다면 배급사는 바보다! 근데 왜 영화가 30분만에 끝나나요????,1
마이클,마이클! 마이클! 마이쿨!,1
마이클,영화 자체는 재밌고 서사영화라 노래도 좋고 잘 보다가 뭔가 절정에 오르고 마무리해야하는데 갑자기 영화가 끝난 느낌이 있긴해도 재밌네요,1
마이클,진정한 천재 아티스트 마이클,1
마이클,재미있게 봤음 이 영화는 꼭 영화관에서 보는것을 추천,1
마이클,아티스트가 자신의 소명을 찾기까지의 과정이 잘 담긴 영화,1
마이클,"마이클 잭슨 다시보기 엔딩 부분이 뜬금없이 끝나 아쉽다
꼭 지나간 후에 다시돌아보게되는 사람이있다
괴롭힌 사람들이 수혜받는 아이러니",1
마이클,"마이클잭슨은 전설이다
노래 영상 모든게 좋았다",1
마이클,리듬타면서퇴장가능함 진짜로,1
마이클,재미납니다 재미납니다,1
마이클,옛날의 마이클 잭슨이 떠오르고 배우가 정말 마이클 많이 닮았네요. 콘서트 씬은 관객들을 그 옛날로 타임슬립해준듯 합니다. 끝마무리가...좀...2편이 나오려나?,1
마이클,마이콜 두근두근 좋아요,1
마이클,사운드 좋고 재미있게 봤어요!,1
마이클,마이클 잭슨 이란 뮤지션을 제대로 알기엔 너무 미흡하고 시작하다가 그만둔 느낌이었지만 음악에 담긴 그의 마음이 느껴졌고 안타까움이 느껴졌던 영화.,1
마이클,"딱 재미 용으로 보는 영화이다
가려운 부분을 긁어주진 않는다
마이클 잭슨의 모든 부분을 다루지 못한 것에는 저작권 문제도 있다고 하나
이 영화의 제작자도 함께 살펴봐야한다
너무그립다ㅜㅜ",1
마이클,"오감이 즐거운
사운드 영상 러닝타임 모든것이 적절했다",1
마이클,오 신나게 잘 봤어요,1
마이클,히트곡들을 보는 즐거움은 있지만 그 것에서 멈춰버린 어정쩡한....,0
마이클,기대안하고 봤는데 후반부로 갈수록 더 재밌었어요 ! 재밌게 봤습니다,1
마이클,"콘서트장 온것처럼 음악의 몰입감이 좋았습니다
2편도 기대됩니다",1
마이클,마이클의 인생과 음악에 감동입니다. 2편 기대되네요,1
마이클,마이클 연기하신분 잘 어울렸어요,1
마이클,완전히 몰입해서 관람했어요~,1
마이클,너무 대단하다!까진 아니지만 영화관에서 안 보면 재미가 반감될 영화,1
마이클,최고의 뮤지션을 다시 만날 기회를 주셔서 감사드립니다,1
마이클,"마이클을 연기가 실감나고 거의 실물과 유사하게 연기하며 감동적입니다
강추합니다",1
마이클,마이클잭슨 어린시절 가족과의 관계를 잘보여주네요!~,1
마이클,"엄마랑 같이 보면서 콘서트장 온 것처럼 
두둠칫!!",1
마이클,"시간 가는줄 모르고 재밌게 봤습니다.
너무 일찍 떠난 마이클의 어린 시절이 너무 가엾어서 눈물이 나더라구요.
2편도 기대됩니다",1
마이클,마이클 닮은 배우의 연기가 좋았다.,1
마이클,MJ와 즐거운 음악파티,1
마이클,스토리는 예상과 다른 부분을 다뤘지만 노래는 역시 최고,1
마이클,진짜 어디서 마이클잭슨하고 똑같은 사람 구해서 연기 시켰나 봤는데 조카구나 !!,1
마이클,마이클의 찐스토리를 알게된 영화라 다음 2편이 기대됩니다 추천!,1
마이클,"예전에도 한 번 봤지만 뭐 기대는 안하고갔는데
마이클 연기 애들말로 쩐다게최근 
너무 재밌게 신나게 잘봤어요
말로 표현하기 힘드네요
빌리진을 40여 년 전 시골살 때
4살 꼬마 덕분에 알았어요 ㅎ",1
마이클,어렸을때 마이클의 신곡과 mtv틀면 나왔던 뮤직비디오들이 새록새록 ~마지막음악이 끝날때까지 앉아서 듣다 제일 마지막으로 나왔네요.,1
마이클,"아맥에서 봤는데 콘서트장 온 줄 알았어요... 심장 터질뻔함
자파 잭슨은 진짜 Beat it쯤부터 마이클 잭슨 씹어삼킨 듯...
너무 좋아서 끝나자마자 LP 샀습니다.2편도 꼭 볼 겁니다! 마잭 콘서트 가본 사람들 부럽다...",1
마이클,굿굿 나 이제 집에서도 많이 먹고 잘 안,1
마이클,팝의 황제를 스크린에 다시 구현되어 재밌게 봤어요! 일부분에 집중한 면이 없지 않았지만 무대만으로 충분한 값어치를 한 영화라고 생각해요!,1
마이클,"재...미...없다. 구성, 연출 다 별로. 마이클 잭슨에 대해 이렇게 밖에 영화를 못만든다고? 영화 보는 동안 마이클 잭슨의 삶을 떠올리며 마음 아팠을 뿐",0
마이클,뮤직비디오같아 더 좋았어요,1
마이클,꼭 보세요 꼭. 진짜 너무 재미있어요,1
마이클,2편이 기다려져요!!,1
마이클,"잭슨파이브가 있는지 처음 알았어여
마이클 노래를 잘 몰라서 ㅠㅠ",1
마이클,마이클은 전설이죠. 익히 알고 있던 노래가 또 다르게 들렸어요,1
마이클,이렇게 황당한 앤딩은 처음.. 2부가 있나보다 ㅠㅠ,1
마이클,"시간가는줄 몰랐어요🎶🎶🎶🎶
콘서트를 보는듯한😆✨️
또 보고싶에요!!",1
마이클,마이클 잭슨이 남기고 간 위대한 유산을 느끼는 두시간,1
마이클,재미있게 봤습니다,1
마이클,논란과 완성도를 떠나 마이클을 거대한 스크린에서 다시 만나는 느낌을 주는 것만으로도 평가할 값어치가 있다. 엄청난 사운드와 함께 시대상과 추억들이 몰려온다. 반드시 극장에서 들어야할 영화!,1
마이클,마이클 잭슨 음악만으로 가치가 있는 영화입니다^^,1
마이클,배우들의 연기가 좋았다,1
마이클,겉핥기 마이클 그래도 그리운 그의 노래,1
마이클,아무생각없이 보는 영 화입니다,1
마이클,너무 재밌어요 빌리진 낫 마이러브,1
마이클,정말 마이클이 살아있는듯한 느낌,1
마이클,마이클잭슨에 대해 몰랐던 이야기들이 흥미로웠고 음악에 몸이 반응하는 걸 자제해야했음. 조카라더니 마이클잭슨과 싱크로율이 매우 좋아서 몰입이 잘됐고 아이맥스의 압도적인 음향이 마치 콘서트장 같았음,1
마이클,"네버랜드에서 온 천사같은 그를 기억합니다.
RIP 마이클...
신이 주신 길로 가던 그를 질투한 사람들을 용서하소서",1
마이클,너무 재밌고 마이클이 너무 그립고 마음이 아프네요,1
마이클,2부가 너무나 기다려집니다,1
마이클,마이클 마이클 마이클 마이클,1
마이클,"감동감동..두번 보았는데 내일은 손자
보여주려고 또 예매했어요.",1
마이클,One And Only 마이클의 음악으로 완성된 무대 시퀀스만으로도 이 영화는 만점을 받아야 한다. 세상 모든 갈등에 Beat It 을 외치던 한 편의 Thriller 같았던 그의 일생이 남긴 유산과 업적은 영원하리. You're Bad ! You're Best !,1
마이클,노래가 예술입니다 마이클 잭슨,1
마이클,진짜 공연장에 있는 것 같았어요.,1
마이클,포디엑스 영화관에서 보기에는 별로 였으나 음악은 좋았습니다,1
마이클,재밌게 잘보았습니다,1
마이클,마이클 전반. 후반이 기대됨.,1
마이클,별은 위대하다. 스크린x로 관람하니까 실황 느낌~,1
마이클,마이클 잭슨의 인생에 대해 세세한 내용이 담겨있지는 않지만.. 사운드와 몰입감 하나 만큼은 영화관에서 보는걸 아쉽다고 느끼지 않게한다..,1
마이클,"전기 영화로서는 어딘가 김 빠진 펩시처럼 아쉬움이 남고, 보다 만 듯 중간에 툭 끊긴 느낌도 들지만 음악 영화로서는 무슨 말이 더 필요할까? 그는 영원히 기억될 전무후무한 팝의 황제였다.👑😎✨",1
마이클,애매한데 팬심으로 보는정도에요,1
마이클,훑기만 바쁜 메들리 속에 정작 마이클은 없었다.,1
마이클,"전기영화치고 깊이가 아쉬웠지만, 음악은 좋았음",1
마이클,천재는 외롭고 슬프다,1
마이클,"마이클 이름에 걸맞지않은 조악한 컷오프, 중요한 것은 전혀 다루지않은 아무것도 아닌 영화. 존브랑카, HERE THIS 👁",0
마이클,무척 슬프고 짠하고 아름답다!☆,1
마이클,여러모로 아쉬운 영화지만 2부를 기약하며 볼 가치는 있다,1
마이클,"한 시대를 즐거움과 기쁨으로 보내준 마이클 잭슨 의 노력과 열정이 넘치는 모습과 고뇌를 보니 보길
잘 한거 같아요~~ 멋진 무대에서 노래하는 모습을
보니 그때가 많이 생각나서 흥분도 되고 감동이었어요.",1
마이클,진짜 개재밌음 진심 또보규싶다,1
마이클,연기는 좋았지만 전체적으로 아쉬움이 너무 많은 영화였습니다. 오로지 노래 하나만 들려주기 위해 만든 영화라고 느껴짐 무거운 주제 다 덜어내고 예쁜 영화 한 편 만든 기분… 더 좋게 만들 수 있었을텐데…,0
마이클,"마이클잭슨의 인생을 그린 영화 감동!!
노래가 좋아서 리듬을 타게됩니다.",1
마이클,명곡들을 통으로 감상할 수 있어서 좋았어요.,1
마이클,"무거운 주제를 덜어내고 엔터테인먼트적 요소로 꾸려 남녀노소, 서대, 성별, 인종을 불문하고 부담 없이 보기 좋다.",1
마이클,빌 아저씨랑 잘 만나고 있나요?,1
마이클,"2부가 기다려 지는 영화
2부 만들고 있겠조?
위아 더 월드
린댄스 등등",1
마이클,너무 재미있게 봤어요. 마이클책슨의 모습과 노래를 스크린에서 보는게 너무 좋았어요. 또 보고싶네요.,1
마이클,만족스러운 영화입니다,1
마이클,"너무 좋았지만
보기 불편한 점도 있었어요",1
마이클,1958년 美國 인디애나주의 작은 도시 게리에서 태어난 마이클 천부적 美聱[ 아름다운 목소리 ]의 재능을 타고난 그는 혹독한 아버지의 가르침에 대한 아픈 추억을 딛고 자신만의 팝의 황제의 길을 묵묵히 걸어간다,1
마이클,만족스러운 영화입니다,1
마이클,"마이클잭슨이 병원에있는 아픈 애기들 방문해서 같이 대화하고 시간을보낼정도로 순수하고 마음이 착한 사람이었는데 그때 당시에, 그리고 지금까지 종종 페도필리아엿다는 루머가 돈다는게너무마음이아파요",1
마이클,마이클 잭슨 연대기의 핵심 이슈는 많이 다뤄지지 않은 것으로 보아 아쉬운 면이 있지만 노래가 좋아서 즐거웠어요,1
마이클,춤과 함께한 음악은 좋았지만 잭슨스의 관점에서 해석된 부분이라는점. 그리고 저작권때문인지 춤을 더 중요하게 해석해서인지는 모르겠지만 유명한 곡들은 제대로 다뤄주지 않아 고구마먹은듯한 느낌.,0
마이클,"그시대의 진짜 황제
근데 뭔가 기승전에서 끝난..?",1
마이클,"그립다. 많이 그립다.
미안하다. 그 힘든 시절의 고통을 몰라준 게.",1
마이클,역시 마이클 ! 넘 일찍 가서 슬프네요,1
마이클,재밌게 봤네요. 그러나 마이클이라 성공한 영화인듯,1
마이클,팝의 황제를 그리워하며,1
마이클,마이클 잭슨은 전설임,1
마이클,몰입감있고 재밌게 봄. 돌비에서 사운드 느끼면서 보는거 추천이요!!,1
마이클,너무 아까워서 눈물이 다나네,1
마이클,정말 최고였음~ 마이클이 살아돌아온줄~ 연기 춤 다 완벽했다!,1
마이클,"다수의 평론가 말 대로 전기영화중 최고가 될 것 같다.
모든 배우들의 연기가 훌륭하다.",1
마이클,좋아했던 마이클잭슨 노래가 많이 나와서 너무 좋았어요~,1
마이클,임팩트없는 드라마형 전기 영화..보헤미안랩소디 못따라감,1
마이클,콘서트 현장에 있는 듯한 생생한 즐거움!,1
마이클,감동적이고 노래들이 좋아요~,1
마이클,마이클 실황공연 같아서 좋았습니다.,1
마이클,삶의 조명이 아쉽지만 무대로는 꽤 아름다운 영화,1
마이클,"서사 부분이 좀 부족하긴 한데, <마이클 2>에서 기대해 봐야겠습니다. 그래도 가족 간의 갈등 서사는 잘 보여줬고, 음악과 댄스는 콘서트 수준이었습니다. 영화 한 편으로 생애를 담기엔 부족하여 2편도 나올 예정.",1
마이클,영화가 아니라 공연같았다,1
마이클,영화 처음부분에 마이클이 콘서트무대 나가기전 콩콩 뛰는데.. 왜 울컥 눈물이 나는지.. 보는 내내 재미있었지만 슬펐다..,1
마이클,다시 느끼는 이 시대 최고 아티스트의 위대함,1
마이클,몰입과 감동을 그대에게 바칩니다,1
마이클,"용산역 외벽에 마이클 광고물이 설치되는 날 밤에 이 영화를 봐야겠다고 생각했는데, 오늘 마이클을 만났다.",1
마이클,꼭 한번 보십시오. 이게 다입니다,1
마이클,"이렇게 성공했어 라는 이야기가 아니라
이런 사람으로 성장했어 라는 이야기라 감동이 있었어요.",1
마이클,지루할거라는 예상외로 시간가는줄 몰랐어요.,1
마이클,사운드가 끝내줘요. 재관람 추천!!,1
마이클,동화처럼 단순하게 각색된 이야기지만. 고증이니 뭐니 다큐가 아니라 동화속 이야기로 만들어준 게 고맙다. 잠깐동안 그저 마이클의 피터팬 동화속으로 떠날수 있게 해줘서.... 고마운 영화. 웃고울었다,1
마이클,"마이클의 순수함과 그럴수 밖에 없었던 성장과정
그 당시에는 몰랐던 모습들을 볼수 있어서 좋았어요
또 명곡들이 계속 나와서 너무 좋았습니다~",1
마이클,마이클 잭슨이 그리워서 봤고 좋았지만 이 영화의 뒷이야기를 생각하면 씁쓸해,1
마이클,2가 있을 것 같은데^^,1
마이클,산해진미로 만든 잡탕밥..?,0
마이클,음악도 좋고 재미있게 봤어요.,1
마이클,"마이클잭슨 이야기가 있는 콘서트보는 느낌
힐링하고 왔어요",1
마이클,퀸 이후 재대로 된 음악영화,1
마이클,재밌어요오오오 굿굿,1
마이클,Such a good movie,1
마이클,마이클잭슨의서사에 빠져서 시간 가는줄 몰랐습니다 영화 너무 좋습니다. 다만 아저씨들 추임새좀 그만좀 하시고 서로 배려하면서 영화봤으면 좋겠습니다.,1
마이클,마이클 잘 보았습니다.,1
마이클,"한시대를 풍미했던 마이클 잭슨 ~
앞전의 퀸의 영화 보다 더 좋았습니다..
그냥 노래 잘 부르고 춤 잘췄던 가수가 아니라
문화였고 선세이션 그자체 였습니다
어릴적 추억을 고스란히 되새김 할수 있어서 
뭉클~^^",1
마이클,음악 넘 좋았어요 보는 내내 몸이 들썩걸렸습니다,1
마이클,추억을 소환해준 마이클잭슨! 보는 내내 가슴이 아렸고 마지막 공연 장면에서는 그가 다시 살아 돌아온 것 같아 눈물이 났다,1
마이클,"또다른 마이클을 봤어요~~천재적인 음악인
본인보다 남을 사랑할줄아는사람",1
마이클,완전최고에요 마이클잭슨이 이세상에없다는게 믿겨지지않네요,1
마이클,그냥 콘서트 그 자체다 최고다,1
마이클,"마이클잭슨의 재발견, 
얼마나 대단한 가수였는지 잊고 
또는 모르고 살았네요",1
마이클,"잘봤어요 영화가 중간에 끝난느낌
다음편 나오면 이어서 다시봐야할듯",1
마이클,"재미있게 봤어요
몰입감 장난아니네요",1
마이클,마이클 잭슨의 음악적 유산이 모든 요소를 끌고간다,1
마이클,너무 좋아요 진짜 콘서트 보고 온 느낌. 노래 계속 돌려듣게 됨,1
마이클,"역시 마이클잭슨 명곡이 많구나
난 마이클잭슨 팬이 아닌데도 노래를 다 알아서 신기핸ㅅㄴ음
초반에는 마이클 비슷하네 하다가 막판으로갈수록 마이클이 온듯 했음
마이클이 영화로 온 듯... 잘봤어요",1
마이클,감동적인 영화 잘봤습니다,1
마이클,음악도 좋고 춤도 너무 잘 추고 볼만해요,1
마이클,"마이클 보고싶다 
조카의 연기 씽크로율 멋지다",1
마이클,만족스러운 마이클 잭슨 전기영화,1
마이클,"미소가 예쁜사람이었네요
영화보고 
마이클에 대해 다른 매체를 찾아보게 되었어요",1
마이클,"재미있어요~! 
다음편도 꼭 보려구요^^",1
마이클,내 나이 60을 바라보지만 영화 상영 내내 다시 그시절 고2로 돌아간듯 노래를 속으로 따라부르며 콘서트에 온듯한 느낌 스토리가 조금만 더 탄탄했으면 하는 아쉬움 집에 가서 문 워크 한번해볼까?,1
마이클,감동을 주는 영화네요 꼭 보세요~,1
마이클,결말이 아쉽지만 충분히 즐거웠다,1
마이클,영원불멸 시대의 아이콘,1
마이클,"마젝을 좋아하는 사람들이라면 볼만한 영화다
사운드 좋은 상영관에서 봐서 귀가 호강함
보헤미안랩소디만큼은 아니지만,
다 알고 있는 스토리라인이라서인지,
전체적인 제작은 아주 큰 감동은 아니었다",1
마이클,주구장창 음악만 흐른다.,1
마이클,"기대반 설래임 반으로 봤는데 좋았어요.
음악이 어떻게 만들어졌나 그런 시나리오를 기대를 했는데
생각한거랑 다르긴했는데 오랜만에 가슴이 뭉클해져서 좋았어요.",1
마이클,"마이클잭슨의 인기가 넘 많아서 애써 외면했던 그 시절.
절정의 잭슨을 즐기지 못한 아쉬움과 잭슨에게 미안함이 영화보는 내내 겹쳤다… 춤과 노래, 열정만큼 커진 그의 외로움까지 잘 버무려진 흥미로운 영화.",1
마이클,와우~ 마이클~~ 잭슨!!! 멋져요 투도 기대됩니다~!!!,1
마이클,디즈니영화인줄? 한마디로 마이클의 성장드라마. 마이클이 가족으로부터 독립하는 과정까지 그리고 있는데 서사가 과도하게 단순하고 공연은 산만하다. 거기에 주연배우는 실제 마이클의 카리스마를 반도 담아,1
마이클,좋았어요. 추천합니다.,1
마이클,모든 재능과 운이 음악에 몰빵된 슬픈 동화같은 이야기,1
마이클,아쉬운 부분도 있지만 즐기기엔 좋아요,1
마이클,"마지막 웅장한 사운드가 너무 좋았어요.
역시 마이클잭슨",1
마이클,아추아우타우아나아으타,1
마이클,영화와 현실의 이면을 생각하면 씁쓸하지만 그 이후 세대의 사람들이 단순히 관람하기엔 좋았다는 느낌. 오롯이 그만의 퍼포먼스만을 생각하고...,1
마이클,재미있게 잘 봤어요 좋아요 ㅎㅎ,1
마이클,몰랐던 마이클 잭슨이 잭슨 5 탈츌기,1
마이클,스크린 세개로 몰입감 있게 봤어요. 잘 봤습니다,1
마이클,음악은 좋은데 너무나도 평이함,1
마이클,멋진 마이클젝슨콘서트를 보구 온 느낌이고 살아온 삶이 참 힘들었다는걸 새삼 느끼게되네요.,1
마이클,"상영관에서 꼭 봐야하는 작품!
그의 삶의 여정을 엿볼수있는....
가슴에 담아 두고 올것!!",1
마이클,2시간의 즐거운 시간이었습니다,1
마이클,영화는 마이클을 이해하도록 여러 장치를 마련한 듯 보이고 스토리는 매끄럽지 않았지만 마이클의 노래와 춤을 대형화면으로 볼 수 있어서 좋았다. 물론 그의 조카였지만.,1
마이클,Music is a universal language♪,1
마이클,오촌 관계의 친척으로 아는데 본인이 와서 찍은 줄,1
마이클,"천재이지만 불운인 잊지못할 가수~~
노래도 좋고 메들리가 나와서 더욱 좋았다",1
마이클,"마이클의 팬이라면 다 아는 스토리지만 그래도 재밌게 봤다. 
근데 처음부터 끝까지 우느라 자막을 순간순간 놓쳤다. ㅠ.ㅠ
하…..마이클 진짜 너무너무 보고싶다. 
제발 2편도 제작해주세요. 제발요~😢😢",1
마이클,2시간이 공연 보듯이 재밌게 지나갔어요,1
마이클,너무 감동적이소 천재네요 꼭2탄 나오길 바래요,1
마이클,최고 였어요 별 다섯개~!!!,1
마이클,"눈물이 났습니다!
최고입니다!!",1
마이클,전설을 기억하는 방법,1
마이클,한번 더 보겠음~^^,1
마이클,보석 같은 아들에 거지 같은 아버지네요. 자파 잭슨 춤 솜씨가 훌륭해요. 오랜만에 듣는 Ben 과 I'll be there. 좋네요.,1
마이클,볼만은한데 수박 겉핥기라는 느낌은 지울수가 없네요,1
마이클,"클라이막스전에 끝난느낌?
아쉬움이 많이남아요!
마이클의 일대기 초반부만 그려진듯",1
마이클,정말재밌음!!!!.,1
마이클,"마이클의 몰랐던 어린시절 잘봤어요
영화가 중간에 잘린 느낌 좀 아쉬워요",1
마이클,역시는 역시인가 . . . 최고의 찬사밖에,1
마이클,마이클 잭슨 콘서트 장면은 둠짓둠짓~,1
마이클,재밌네 추천함 다들 보시길,1
마이클,연출은 별로였는데 공연장면이 좋았어요,1
마이클,이 영화를 통해 마이클잭슨이 어떤인물인지 알 수 있게 되어 감사함,1
마이클,"사람은 죽어서 이름을 남기고, 그가 남긴 명곡들은 끊임없이 회자되며, 이야기를 이어갑니다
 이름이 전설적인 아이콘이 되어 버린 사람의 콘서트",1
마이클,중간중간 마이클 잭슨의 얼굴이 보일정도로 느낌이 좋았고 노래며 춤이며 많이 느낌이 좋았다.,1
마이클,인생영화에요ㅠㅠ 다른 말이 필요 없어요!,1
마이클,보헤미안 랩소디 생각하면 실망합니다. 연출이 많이 아쉽고 서사가 부족해요. 얘기를 하다만 느낌.,0
마이클,음악과 춤이 정말 좋았어요,1
마이클,빨리 2편이 나왔으면 좋겠네요,1
마이클,노래가 더 길게 나왔으면 좋겠다,1
마이클,"마이클의 성장과정을 보니 마음이 아팠지만,
모든 음악과 영상 흠잡을 곳 없이 좋았어요
다시 보고 싶은 영화입니다",1
마이클,알면서 보는데도 문워크에서 소름,1
마이클,좋아하는 아티스트의 지 면목을 볼수잇어서 너무 좋았어요,1
마이클,영화에서 흘러나오는 음악 전체가 명곡이어서 영화를 보는 내내 전주만 들어도 소름이 돋았고 배우 또한 너무 닮아 몰입이 잘됐다.,1
마이클,👍👍👍👍👍👍👍👍👍,1
마이클,아이맥스로 보는데 진짜 관객이 된 것 같은 느낌이었습니다. 좋았어요.,1
마이클,가수 마이클이 아닌 인간 마이클에 대해 알게 되어 좋았어요~노래도 좋았고 마이클의 노래가 워낙 많아서 다 다루지 못한것에 대한 아쉬움은 있었지만 좋았어요~너무 일찍 세상을 떠난 것 같아 슬프네요.,1
마이클,아름다운 천상의 악기 같은 목소리…나의 전설의 아이돌! 그곳에선 늘 행복하길 바래요.,1
마이클,공연 위주로 볼거리 제공,1
마이클,팝의 황제. 마이클을 추억하며~ 오늘은 그의 노래를 계속 듣고 싶네요.,1
마이클,너무 좋아요 가슴이 뭉클합니다 마이클잭슨 너무 보고싶어요 😭,1
마이클,"역시 기대이상으로 보헤미안 랩소디 퀸 이후 최고인
음악영화! N차관람예약",1
마이클,영화가 끝나는 시점이 너무 허무했음. 30분은 더 갈 줄 알고 넋놓고 있었다능… 나온 노래도 너무 적어서… 그래도 40년전 한 때 열광했던 스타의 이야기를 영화로 본다는 건 감동이다.,1
마이클,즐겁게 영화 관람 했습니다.,1
마이클,두번세번 봐도 감동일것같은 레전드 영화입니다. 마이클잭슨을 완벽히 탄생시킨것 같아서 보는내내 감탄 했어요. 마이클잭슨의 콘서트를 본것같단 후기가 100% 공감되는 영화였어요.,1
마이클,팝의 황제 마이클잭슨의 일대기를 이렇게 영화로 보게되다니...정말 좋네요^^,1
마이클,잭슨5 I want you back이 마이클 잭슨이 부른 노래였다니....!!! 띠용 ... 마잭하면 그저 빌리진만 떠올렸었는데. 재밌게 봤어!! 따아봉,1
마이클,정말 재밌었어요 좋아요,1
마이클,"그들만의 리그.
안타까움",0
마이클,마이클 잭슨의 좋은 음악,1
마이클,실제 마이클젝슨이 직접 공연한듯 정말 멎졌습니다,1
마이클,이히~ 빌리진 낫마 러버 이히~ 두둥탁 댄저러스~ 이히 스습하,1
마이클,엄청 기대한 영화는 아니었는데 정말 재밌게 잘 봤습니다..!!,1
마이클,마이클의 빛나는 모습을 잘 담은 영화,1
마이클,전기 영화가 아니라 공연 실황 영화,1
마이클,진짜 너무너무 재밌네요 왕추천합니다,1
마이클,마이클잭슨역 노래 잘 하고 아버지역할 연기 너무 잘 하심 팬들이 좋아할 영화,1
마이클,와 진짜 시간이 어떻게 갔는지~ 배우들 춤과 노래에 빠져서 시간이 금방 갔네요~ n차관람 갑니다,1
마이클,일단 마이클잭슨역의 배우 연기가 너무나도 압도적이네요 싱크로율 대박입니다👍,1
마이클,신발 속 발꼬락이 지맘대로 리듬타서 힘들었지만 시간 가는줄 모르고 봤어요~너무 재밌어요,1
마이클,감동 전율 소오름 마이클은 위대하다,1
마이클,마이클잭슨을 만나는 시간~~,1
마이클,"남편이 제일 좋아하던 가수입니다.
16년만에 같이 본 영화라서 그런지
더 감동적이고, 재미있게 봤어요!!
남편이 아들도 보고 같이 이야기하면
좋겠다고해서
예매 또 하러갑니다!!",1
마이클,"마이클 잭슨 모르는 세대는 왜 이렇게 대단한 인물인지 너무 표현을 못 해준거같아 아쉽네요
2는 기대해볼께요",0
마이클,마이클잭슨을 보고 자란 세대는 아니지만 인상깊었네요. 인성 실력 모두 최고였던 스타의 인생을 느껴봐서 좋았습니다,1
마이클,꼭 후속작까지 개봉하길,1
마이클,마이클. 마이클. 마이클!!!,1
마이클,마이클 잭슨 마이클,1
마이클,"영화관에서 꼭 보세요
기대안하고 봤는데 사운드 배우연기에 이르기까지 몰입감 장난아니에요. 2시간 후딱 지나감!!",1
마이클,마이클 노래가 다한 영화 노래 비하인드 가 재미있었어요,1
마이클,실 관 람 평 1 0 자,1
마이클,노래가 신나는 영화,1
마이클,팬이 아직 많다는거 기억 해두길.이제 평온히 쉬길..,1
마이클,아무리 그래도 이게 30점대 받을 영화는 아닌듯,1
마이클,"(5/15 20시 40분 신촌) 영화 상영 했는 데 불을 안꺼줘서 직원 찾아다니다 앞부분 놓침
영화로서는 많은 부분이 잘려 있어서 영화적인 완성도는 떨어짐, 콘서트 실황 중계 같음
다만, 음악들으며 킬링타임으론 딱",1
마이클,너무 많은 기대를 했나 봐요.. 근데 좀 재밌어 지려고 하니 끝나네요. 보헤미안 랩소디는 기대를 안 하는게..,1
마이클,마이클을 다시 보게 되었어요.,1
마이클,돌비로 보세요 콘서트 보는 기분 굿,1
마이클,워낙 레전드인 가수라 노래 듣는 재미만으로 티켓값 충족함,1
마이클,"마이클잭슨의 유년시절과 잭슨즈 시절을 이해하는데 도움이 되었네요
마이클잭슨을 보는듯한 완벽한 연기와 모습에 감탄했습니다",1
마이클,중딩아이가 보고싶다고해서 같이보러갔다가 감동에감동에 감동을 ㅎ 노래따라부르고싶어 참고또참고 ㅎ 박수치고싶은거 참고 ㅎ 엉덩이도 들썩 ㅎ 스트레스 풀리네요 ㅎ,1
마이클,"기대했던 영화
콘서트 온것같이 좋았어요^^",1
마이클,그냥 마이클 잭슨 자체가 사기다.,1
마이클,마이클잭슨을 알고 봤으면 더 감동적일거같다,1
마이클,"초등학생때 사촌형이 보여줬었던 스릴러뮤직비디오가
기억나네요.
70년생들은 모두 좋았했던 최고의 스타~
영화로 다시 볼 수 있어서 좋았고,
후속편 기다리고 있겠습니다~",1
마이클,생각보다 지겨워요 그냥저냥,1
마이클,재밌게 보긴했는데 뭔가 끝이 좀 아쉽,1
마이클,팝의황제 마이클잭슨이 다시 영화로 돌아온것만으로도 만족합니다 너무 장대한 일대기을 지닌 가수인데 성장과정을 잘풀어 냈어요 극장에서 박력있는 사운드로 다시 그의 무대을 음악을 느껴서 행복했어요!,1
마이클,마이틀잭슨 세대는 아니지만 마이클잭슨을 좋아해서 봤는데 만족합니다^^,1
마이클,극장이 있어야 하는 이유 극장을 찾아야 하는 이유,1
마이클,주인공에 몰입 돼서 시간 가는 줄 모르고 봤네요...,1
마이클,"마이클
다시볼수있어서 넘 좋았어요
내용이 넘 작아요
2가 나왔으면 좋겧어요",1
마이클,오늘 엄청피곤한날이었는데 몰입하여 스트레스가 해소되었어요 마이클잭슨 노래 다 좋았는데 다시 생동감있게 듣게 되어서 더 더 더 좋았어요,1
마이클,'명예로운 죽음' 당한 영상.,0
마이클,"감히 말하건데 SCREEN X 로서 느낄 수 있는 모든 걸 느낄 수 있었어요 
그의 내한 공연과 같았어요 물론 굉장히 짧은!! 
두 시간이 짧게 느껴졌어요",1
마이클,대부분이 잘 아는 마이클이 되기까지의 과정인듯 ㅎㅎ,1
마이클,"그 시대에 좀 더 많이 좋아해 줄 걸 그리고 많이 들어줄 걸.
너무 보고싶다 나의 마이클~",1
마이클,"음악 사운드가 너무 좋고
자라난 환경으로 인해 
성격이 형성되고 
아버지의 강압과 학대로 인한
마이클의 슬픔과 
끝없는 창작욕구. 남다른 천재성이
돋보이는 스토리구성이었습니다.
다음편이 기대됩니다",1
마이클,"마이클잭슨에 대해서 잘 모르는 사람이 보면 마치 못 본 전편이 있었던마냥 엉성한 영화지만, 그를 그리워하거나 부채의식 있는 팬이라면 감읍할 영화",1
마이클,상영관 개더움. 졸림.,0
마이클,20세기 최고의 슈퍼스타! 전설을 보았다.,1
마이클,뭐 이따구로 만들었지 하다가 노래듣고 조금 마음이 풀림,0
마이클,마이클 마이클 마이클 마이클 마이클,1
마이클,마이클의 어린시절 너무 가여워서 마음이찡하다.,1
마이클,이야기를 과장하지않은 것 같아서 보기 좋았습니다~,1
마이클,이야기를 과장하지않은 것 같아서 보기 좋았습니다~,1
마이클,전설로 소비됐으나 끝내 한 사람으로 이해받길 바랐던,1
마이클,"8090의 시대를 산게 얼마나 영광인지
마이클젝슨 환생한거같았다",1
마이클,절대 늙지 않을 소년 어느 세대를 지나도 늙지 않을 아우라 그는 ’마이클‘ 잭슨,1
마이클,조금 더 길다란 그의 뮤비란 생각으로 보면 그나마...,1
마이클,뮤직 댄스 마이클 잭슨 음악 좋아요,1
마이클,"음악 전문가도 아니고 영화 평론가도 아니지만 8,90년대를 함께한 마이클의 노래를 영화관에서 보고 듣고 하는 것만으로 충분했습니다. MTV가 떠오르며 몇차례 눈물도 훔쳤네요. 배우 피는 못 속이는듯 합니다.",1
마이클,좋았어요 좋았어요 좋았어요 좋았어요,1
마이클,시간 가는 줄 모르고 몰입해서 봤어요,1
마이클,하아.. 토요일건 줄 알고 예매하고 기다리고 있었는데 지금 확인해보니 목요일 티켓이여서 보지도 못하고 그냥 날려 버렸음... 보고싶었는데 아깝 ㅠㅠ,1
마이클,"재밌게 잘 관람했습니다. 마이클 잭슨 엄청 좋아하는 데, 극장에서 들을 수 있어서 너무 행복했습니다.",1
마이클,"신은 그에게 재능과 기회를 주었다 그 끝내 그는 자신을 
받아들였고 그는 우리를 영원한 땅으로 이끌었다",1
마이클,그의 유명 곡들을 보여주려다보니 이야기가 뚝뚝 끊어지긴한데 음악과 춤을 보기 위해 관람했기에 만족합니다. 정말 세기에 한명 나올까말끼한 대단한 인물은 맞는것 같아요. 마이클잭슨.... 아이 미스 유~,1
마이클,시간가는줄모르고봤어요,1
마이클,콘서트장에서 마이클 잭슨을 보면 이런느낌이겠구나....,1
마이클,"배우에 놀랐고, 귀 호강하며 감동였네요~ 영화가 짧았네요
다음편을 기대하머",1
마이클,화려함 이면의 아버지와의 갈등과 발전해 가는 모습 홀로서기까지 너무나 재미있게 감상하였습니다. 주옥 같은 그의 명곡들을 실제 라이브 공연을 보는듯한 영상과 음향으로 감상할 수 있어서 넘 좋았습니다,1
마이클,어떤 깊이감도 없이 평면적으로 그린 무성의한 작품. 보고 느끼려고 영화를 보는거지 노래 들으러 영화보러 가는건 아니잖아!,0
마이클,음악이 넘 좋았어요 ~,1
마이클,정말 최고의 영화에요! 강추합니다,1
마이클,시간가는줄 모르고 너무 재미있게 봤어요,1
마이클,2시간이 짧았고 다음편도 나올수 있을듯,1
마이클,진짜 잼있음 2편 나오기 바래봅니다,1
마이클,재미있었어요 노래도 좋고,1
마이클,청춘과 함께한 마이클을 다시 소환해 준 영화,1
마이클,"이영화를 계기로 마이클잭슨을 찾아보게 되었는데
어릴 적 모습이 너무 슬펐고 어린이들에게 기부도 많이
하고 좋은 일도 많이 하셨던데 좋은 사람을
너무나 안타까운 삶을 살다가 돌아가셔서 너무 슬펐습니다.",0
마이클,팝의 황제가 돌아왔다.,1
마이클,"오랜만에 정말 재밌게 봤습니다
어렸을 때 부모님 차에서 듣던 그 노래들을 다 기억나고 
아는 노래들도 많이 나와서 잠시나마 현생을 잊고 영화에 푹 빠져 함께 즐겼네요 후속편도 너무 기대되네요",1
마이클,정말 마이클잭슨 팬으로서 그때의 그 감동을 떠올릴 수 있어서 너무 행복한 시간이었습니다!!,1
마이클,그때 그시절에 내가 느꼈던 그대로..,1
마이클,진짜 마이클 잭슨이 돌아온 줄 알았어! 무대는 much more 감동,1
마이클,노벨 음악상 왜 안줬냐,1
마이클,그의 음악은 담아냈지만 그의 인생은 담아내지 못했다,0
마이클,"말이 필요없다.

자파 잭슨이 얼마나 많은 노력을 하고 애써서 삼촌 연기를 하였는지 감히 입에 담을 수도 없다. 

마이클 잭슨과 동시대에 살지 못한 나의 젊음을 탓한다.",1
마이클,마이클 최고에용-♡♡♡♡,1
마이클,스토리가 밋밋한거 말곤 영화로 다시 마이클을 보게되서 좋은 시간이었다,1
마이클,"콘서트에 온 기분이었어요
스토리는 없습니더..",1
마이클,마이클 잭슨의 아픔과 고뇌를 알 수 있었어요,1
마이클,"인생을 함께 했던, 너무 일찍 우리 곁을 떠나버려 너무 아쉬운 앞으로 다시 없을 최고의 아티스트",1
마이클,한시대를 풍미했던 아이콘이자 전세계의 슈퍼스타이지만 너무 잭슨 파이브의 마이클만을 다뤄서 조금 아쉬웠다.,1
마이클,"위대한 가수이고 명곡들음 언제 들어도 좋네요, 추천합니다.",1
마이클,호불호가 있을 수 있으나 그의 음악성과 재능은 뭍혀질수 없다. 추억회귀,1
마이클,"시대의 특수를 누린 안톤후쿠아가 마이클이라는 거대한 아이피를 말아 먹었다.. 
그럼에도 빌리진 공연 장면에 정말 대단했지 대단한 사람이다 라는 감정이 몰려온다",1
마이클,"영화를 보러 갔는데 콘서트를 보고 온 것 같은 느낌이었어요!
자파 잭슨의 연기가 너무 완벽했고 마이클 잭슨 그 자체였어요ㅠ 너무 재미있었고 n차관람을 해본 적이 없는데 이 영화를 최초로 n차관람 예정입니다",1
마이클,"마이클의 신이주신 재능,,,너무그립고 아쉽다.",1
마이클,음악이 나오는 내내 나도 모르게 박자를 타고 있었다,1
마이클,마이클 잭슨 시대는 아니지만 너무 몰입해서 봤습니다.,1
마이클,"마이클잭슨을 추억하기엔 충분하지만 3부작도 아닌, 진정성도 없는 다큐인듯 다큐 아닌, 불편함은 시작조차 하지 않는 감독의 의도조차 모호한 반쪽 영화",1
마이클,불호가 많던데 재밌게 봤음 꼭 돌비에서 봐야함,1
마이클,시간 가는 줄 모르고 본 영화!,1
마이클,시간 가는 줄 모르고 본 영화!,1
마이클,재미있게 보고 갑니다~~추천입니다~~,1
마이클,"이렇게 빠져들수밖에 없는 영화 오랜만입니다
진짜 배우 감독 스탭들 영화관계자분들
너무나도 수고하셨습니다
나중에 티비나오면 재방삼방N방 할듯요!!",1
마이클,보는내내 가슴이 찡한것은 왜일까요,1
마이클,"그저 마멘
황제폐하 보고싶습니다",1
마이클,"그저 마멘
황제폐하 보고싶습니다",1
마이클,"아~ 여러면에서 아쉬운 점이 많지만 거두절미 하고 
그냥 마이클을 다시 볼수 있어서 너무 너무 좋았어요
Be it 부를 때 마이클이 환생한 줄 알았어요
역시 피가 흐르는 조카라서 그런지 슬쩍슬쩍 마이클의 모습이",1
마이클,보는 내내 마이클을 안아주고 싶었네요ㅠㅠ 개비 보는 것도 개빡치는데 형제들까지 제대로 고증되었으면 진짜 미쳐버렸을지도.....(혈압) 문득문득 마이클의 얼굴이 보여서 신기했어요! 자파르의 노력에 박수를!,1
마이클,스토리와 영상미가 너무 좋았음,1
마이클,그의 음악을 큰 소리로 른 화면으로 함께할 수 있어 행복했습니다.,1
마이클,마이클 무대 노래가 좋고 잘 봤어요,1
마이클,마이클이 다시 환생한 듯..,1
마이클,Don't Stop 'Til You Get Enough,1
마이클,재밌게 봤어요~ 다음편 기대됩니다,1
마이클,어린 마이클의 모습은 너무 가슴아파요. 콘서트공연장에 온거 같은 미친 연출...같이 박수치고 즐겼어요. 관람객이 왜 작은지 이해가 안되는 영화예요,1
마이클,2편 제작을 기다리며...,1
마이클,"나의인생은 내가 개척하는거
다음편에 있다니",1
마이클,"자파잭슨의 춤 너무 좋았어요
콘써트에 온느낌",1
마이클,"마이클잭슨을 다시 기억할 수 있어서 너무 좋았다. 아역배우부터 성인배우까지 싱크로율 미쳤고, 마치 콘서트를 보는것처럼 모든것이 좋았다♡힘든 인생을 살다가 생을 마감한 마이클을 생각하니 마음이 먹먹",1
마이클,보고싶은 마이클잭슨.,1
마이클,"가족이란 테두리안에서
힘들었지만 슬기롭게
헤쳐나아간 천재 마이클...",1
마이클,맨 마지막 런던공연만 마이클과 비슷한 진짜 공연같앗고 나머진 춤도 어설프고 흉내내는 느낌..초반부 어린시절 스토리 전개는 넘 지루하네요..중간에 나올뻔..,0
마이클,"천재가수의 최선을 다해 살아간 인생
열정 완벽한 음악 넘 멋진 무대와 사운드 
넘 멋지고 감동 있는 영화 입니다^^",1
마이클,마이클잭슨의 삶과 음악,1
마이클,너무 재밌게 봤어요,1
마이클,2.3편이 있나..잘보고있는데 끝나버리네..,0
마이클,노래말고 아쉽... 보헤미안랩소디처럼 기대했는데 그것만큼은 아닌듯,1
마이클,마이클 잘 봤습니다.,1
마이클,마이클 그대는 전설입니다,1
마이클,한편의 공연을 보는 느낌 이였어요,1
마이클,개봉 전부터 너무 기대했는데 정말 재밌게 봤어요. 스토리는 약긴 미흡함이 있었지만 여러 이유로 이 영화가 나오기까지 어려움이 있었다고 들어서 그냥 감안하고 봤음에도 노래도 좋고 연기도 괜찮았어요.,1
마이클,"음악에 취하게 되네요
내용도 연출도 연기도 음악도 훌륭함",1
마이클,마이클잭슨은 역시 마이클잭슨입니다,1
마이클,부모님 보셨는데 재밌다고 추천해주시네요 :),1
마이클,이야기보다 공연이 좋았네요 그리고 뜬금없이 끝납니다,1
마이클,스토리가 생각보다 좋았습니다.,1
마이클,큰 그릇의 선한 영혼을 가지고 있던 마이클이 재조명되고 그의 순수한 음악의 열정 과 세계에 사랑을 전하는 걸 숙명으로 여긴. 마이클의 소명이 널리 알려지길. I love you more. MJ forever. He is phenomenal and culture himself.,1
마이클,나의 청소년기를 함께한 빌리진..! 마이클이 살아 있었다면...얼마나 좋았을까?,1
마이클,뭔가 아쉬움이 남는 마이클잭슨 일대기,0
마이클,그는 전설이다 그건 변하지 않는다,1
마이클,귀가 즐거웠던 영화,1
마이클,ScreenX에서 보니 더 실감이 나네요,1
마이클,보헤미안랩소디 기대하면 별로구 그냥저냥.. 탑건 한번 더 보는게 잼날듯,0
마이클,내용이나 인물에 대한 설명 없이 중요 시점만 뛰엄 뛰엄 보여주는 방식이 약간 답답했지만 그의 음악과 춤을 감상하는것만으로도 영화는 다 한거 같습니다.,1
마이클,"가장 위대한 팝의 황제 이야기
뭐 다른 말 할거 없이 최고임
N차 관람 갑니다",1
마이클,"일단 노래는 굉장히 좋은데요 눈갱이 굉장히 심해서 가까운 곳에 앉으면 안될꺼 같구요.
마무리가 너무 아쉽습니다.
안 나온 노래들도 있고..",1
마이클,"기대없이 보았는데 처음부터 끝까지 
이야기가 탄탄하고 보기 좋았어요^^ 
2시간이 후딱~ 2편도 나오나요? 
기대합니다",1
마이클,극장에서 마이클의 음악을 들을 수 있었던 게 가장 큰 매력이었습니다. 그의 음악소리는 크지만 전체적으로 다가오는 메시지는 없네요… 아쉽습니다. 다른 감독이나 극본가라면 더 잘 만들 수 있지 않았을까요?,1
마이클,딥한 스토리가 뭔가 빠져있는 느낌은 역시나 드네요ㅜ 아쉽긴 하지만 노래만 들어도 고트인 영화에요,1
마이클,중요한 내용은 더 뺀것같은 느낌이 든다,0
마이클,옛추억이 생각나는 그시절 마이클잭슨의 노래!,1
마이클,대역을 통해서 마이클 잭슨의 노래와 영상을 고해상도로 즐겨보아요,1
마이클,오~~ 마이클잭슨 영원하리,1
마이클,"후속편 기대
영화때문에 마이클이과 그의 공연이 몹시 그리워지네요",1
마이클,"그 시절 최애 슈퍼스타 마이클잭슨...유일무이한 존재! 다시 그 시절로 돌아가서 마이클잭슨을 다시 보고 싶다. 조카가 연기해서인지 목소리, 춤이 닮은 구석이 있으나 마이클잭슨은 대체불가!! 그리워요~~마이클",1
마이클,영상미가 아주 좋았어요,1
마이클,다음편이 기다려지는 영화 내 인생 최고의 실사 영화,1
마이클,한 아이의 인생이 너무 슬펐다.,1
마이클,"나의 청년시절로 돌아가고 싶진않지만
마이클의 전성기로는 돌아가고 싶다..

최고의 스타..",1
마이클,너무 상업적인 영화네요 한쪽으로 치우친 것같습니다,0
마이클,아버지에게서 탈출하는 미션임파서블을 수행하는 마이클 요원,1
마이클,세상을 빛낸 천마의 일대기 상편,1
마이클,음악과 춤과 스토리 완벽해요,1
마이클,마이클이 환생한 듯한 외모와 퍼포먼스는 인상적이나 밋밋한 드라마와 입체적이지 않은 캐릭터들은 몰입을 방해한다. 속편에선 남아있는 수많은 명곡들과 아직 다루지 않은 이야기들로 반전을 꾀하길 빈다.,0
마이클,"학창시절 항상 듣던 마이클 잭슨의 노래... 영화를 보는 동안 그의 삶을 조금은 알고 있어서 뭉클할 때도 있었고, 노래에 몸을 들썩일 수 밖에 없었다. 정말 감사한 영화다.",1
마이클,마이클 잭슨 역의 자파 잭슨의 하드캐리!,1
마이클,마이클 잭슨의 실제 공연장에서 보지 못했지만 공연장에서 보는 듯한 몰입감과 춤과 노래 시간 가는 줄 모르게 봤던 영화인것 같습니다. IMAX영화로 보는 걸 추천 드립니다.,1
마이클,"역시 레전드는 레전드!! 아이맥스관에서 보는 마지막 콘서트씬은 실제로 내가 콘서트장에 간 듯한 느낌에 벅차올랐다!
그 씬만으로 영화관에서 볼 이유가 충분했다!",1
마이클,음악비중이나 일대기 비중이 어정쩡했지만 볼만했습니다.,1
마이클,"재밌게 잘 봤어요
후속편 기대할께요
마이클잭슨 너무 멋있음ㅜ",1
마이클,"이 영화는 단순히 한 천재 뮤지션의 일대기를 나열하는 데 그치지 않고, 우리가 잘 알지 못했던 인간 마이클 잭슨의 내면을 진정성 있게 들여다볼 수 있어서 정말 좋았습니다. 특히 마이클 잭슨의 실제 조카",1
마이클,전기영화로는 허술하나 음악영화로는 고퀄리티,1
마이클,"대단한 영화, 위대한 마이클",1
마이클,마이클 넘 강동입니다~,1
마이클,"영화가 끝났는데 끝나지 않은듯 아무도 일어나지 않음
동시대에 마이클과 함께 산것이 감사할뿐이다",1
마이클,마이클 ᆢ착하고 순수하고 좋은 사람인데 일찍 돌아가셔서 안타까웠어요 ᆢ영화내내 노래들으면서 눈물이 계속 흘렀어요 ᆢ아차 참고라 저는 마이클잭슨 국내 공연을 2차례 모두 다 직관했어요 ᆢ옛날 추억이,1
마이클,"호우-! 프레디 머큐리 영화처럼 마이클 잭슨의 영광과 내면의 갈등을 음악과 함께 영화에 훌륭히 녹여 넣었다. 그리고, 후속편이 너무 기대되나 어느 정도 내용이 예상되기에 너무 마음이 아플 것 같다.",1
마이클,"마이클잭슨은진짜전설이다
마이클과 관련한 사건사고 중 아버지와의 불화 하나로 끝낸게 아쉽지만 ost나 공연을 보는것만으로도 이 영화는 충분히 제 할일을 했다고 생각함",1
마이클,"돈은 아깝지 않았다.과거 마이클잭슨 런던콘서트와 스릴러 뮤직비디오를 유투브에서 보고 관람하길 추천한다.
실제 마이클잭슨 모습이 느껴지는 장면이 두군데에서 나오는데 
잘 찾아보시길 바란다.그립다.마잭",1
마이클,마이클잭슨이환생하신줄알았어요,1
마이클,"마이클 잭슨 좋아하면 재밌게 볼 수는 있는데
같은 얘기 반복하는 느낌이 있어서 약간 아쉬움",1
마이클,"마이클 잭슨은 영원하다~~~♡
자파 잭슨 땡큐~~~♡",1
마이클,"엄청 몰입감있게 봤어요 ㅎㅎㅎ 
마이클잭슨 어린시절도 봐서 좋았어요 ㅎㅎㅎ
역시 팝의황제 마이클 잭슨 
작곡&작사도 잘하고 스릴러 뮤비도 직접 제작하는거
보고 한번더 반했어요 ㅎㅎㅎ 
노래다 좋아요 ㅎ",1
마이클,"마이클잭슨이 검은 피부인 시절만 나오는데 분장의 한계가 있어서 그랬는지 몰라도 너무 초기 시절만 다룸.
그리고 퀸시 존스가 너무 적게 등장함. 퀸시 존스를 빼고 갈 수 없는 마이클 잭슨의 음악사인데…",1
마이클,오래전 그의 위대함이 재탄생된다....,1
마이클,배우가 마이클 잭슨 특유의 목소리를 잘 연기했어요,1
마이클,재미있어요 감동적이에요,1
마이클,"영원한 팝의 황제 마이클 잭슨의 잭슨파이브 시절부터 진정한 팝의 황제가 되기까지의 여정을 잘 그려낸 영화
특히 마이클의 무대와 노래가 눈과 귀를 즐겁게 함",1
마이클,"최고에요!
굿.👍👍",1
마이클,"재밌게 잘 봤습니다 ,,, 하지만 스토리 부분에서 조금 아쉬운 부분도 있었어요 ㅠㅠ",1
마이클,"스토리는 필요없다 마이클 잭슨 콘서트 보고왔네요
마이클 음악은 지금 들어도 최고네요 영원 하네요",1
마이클,전설을 넘어 계속되는 마법,1
마이클,2편이 빨리 제작되길을 기대합니다,1
마이클,너무 평면적이라서 기대에 못미치네요.,0
마이클,잭슨파이브에서 마이클잭슨으로 나아가는 과정을 그린 영화.. 그리운 마이클잭슨ㅠ,1
마이클,마잭 음악 좋아하면 무난히 즐겁게 볼 수 있는 영화였습니다. 공연 장면들 신나고 재밌었어요.,1
마이클,"너네 어차피 마이클 잭슨 잘 알고 있잖아?스러운 연출과 개연성
마이클이라는 한 인간에 대해 담고 싶었으나 결국 이도저도 아닌 느낌
그럼에도 극장에서 마이클 잭슨의 음악을 실컷 들을 수 있다는 건 행복",1
마이클,결말이 조금 아쉬웠던 것 같다. 갑자기 영화를 덜 봤는데 끝난 느낌이라서 뭔가 아리까리한 상태로 영화관을 나왔다. 근데 OST가 가사를 외울 정도로 좋아서 개인적으로 만족스러웠다.,1
마이클,"영화에 빠져들수록 그가 더 그리워진다!

이제 막 그의 무대가 시작됐는데..!",1
마이클,"영화로써는 별로인데 순수하게 마이클 잭슨의 음악을 좋아한다면 더할나위 없을듯
특히나 음향좋은 관에서 관람하시길
이만큼 콘서트에 들어간 듯한 영화는 별로 못봄",1
마이클,생각보다 너무 재미있었어요.,1
마이클,마이클 노래라곤 빌리진밖에 모르는데 나머지 노래랑 수준높은 춤들도 재연해내고 눈이 즐거웠음 2편 궁금함,1
마이클,시간가는줄 모르게 관람했습니다,1
마이클,마이클잭슨 음악 들으면서 재밌게 잘 봤어요,1
마이클,내가 그의 생전에 그의 광팬이 아니었던것이 죄스럽게 느껴질 정도로 인간의 영역을 넘어선 신의 선물. 엄청난 인기와 환호뒤에 숨어있는 순수하고 고독했던 영혼! 마음이 아려온다.,1
마이클,참..부모라는게.. 어렵죠..낳기만 한다고 다 부모는 아니죠. 왜 자식이 잘 되면 자기때문이라며 덕 보려하고 자식의 힘든 인생은 아랑곳 하지않고 부모의 욕심만 채우려할까요. 결국 자식인생을 망치게되는...,1
마이클,마이클잭슨 일대기를 다시 느낄 수 있어 좋아요,1
마이클,명곡파티 영화관 화면과 사운드로 꼭 보세요,1
마이클,아는 노래가 많이 나와서 즐거웠어요 중간중간 지루하기도,1
마이클,재밌어요^^~~^^,1
마이클,"마이클잭슨 노래만 알고있었는데
이런 스토리가 있었는줄은 몰랐네요ㅠㅠ
화려한 스타인줄 알았는데 너무 외롭고 힘들었을거 같아요
집에 와서 마이클잭슨 유투브 찾아서 보다가
눈물이 멈추질 않네요",1
마이클,진짜 마이클이 보고싶어요,1
마이클,"재미나네요~~
후속편이 기다려지네요!!",1
마이클,마이클 잭슨 겉핥기.. 별개로 영화관에서 보는게 좋을듯,0
마이클,극장 사운드로 즐기는 마이클잭슨의 뮤직비디오 퍼레이드,1
마이클,그의 내한공연 때 대학교 1학년이었다. 관람할 형편이 안되어서 엄두도 안 냈었다. 다음 기회가 있을줄만 알았었다.,1
마이클,기대이상.잭슨형보고싶다,1
마이클,마이클 잭슨과 동시대에 같은 연령으로 살던 팬으로서 흡사 그의 콘서트에 다녀온것처럼 좋았어요,1
마이클,팝의 황제 영원히 처ㆍ사로 남는 이야기 주인공,1
마이클,시간 가는 중 모르고. 봄.,1
마이클,다른건 모르겠고 그의 노래를 영화관 사운드로 들어서 몹시 귀가 즐거웠다,1
마이클,그의 모든게 아름다웠습니다.,1
마이클,"무대영상,,, 그때 그 감동 최고에요 다시 또 볼꺼에요 역시 팝의 황제 마이클!!!",1
마이클,"마이클 잭슨 영화 너무 공감되고 몰입감있게 잘봤어요.
오랫만에 정말 감동적인 영화 봤네요",1
마이클,"아버지의 가스라이팅과 욕심 마이클의 외로움 
역사의 한획을 그은 너무 재밌어요
빨리 2편 나왔으면 좋겠어요",1
마이클,극장에서 마이클을 볼 수 있다니 감동이에요,1
마이클,재미있게 잘 보았습니다~,1
마이클,"사운드가 정말 풍부 했어요, 다만 유족들의 압력인지 히스토리가 너무 각색된 것 같고 마이클 싱크로율은 80%이상.. 아무튼 소리가 엄청 좋아서 단점을 일부 덮습니다.",1
마이클,"민감한 팩트들은 얄미울 만큼 교묘하게 피해버리고, 그저 MJ에게 게으르게 기댄 엉성한 연출",0
마이클,마이클 진짜 외로웠겠다 … 그럼에도 많은 사람한테 힘과 희망과 사랑을 모조리 털어낸 삶 너무 존경스럽다 … 근데 이거 2편 나온다는거죠?,1
마이클,너무 좋습니다. 추천합니다.,1
마이클,모르는 노래들도 있긴 했지만 노래 좋아요-,1
마이클,마이클 의 음악에 대한 열정 애정 을 다시보게되어 좋았읍니다,1
마이클,마이클 다음편을 기대합니다. 이런 위대한 황제가 저평가 받는게 아쉽습니다,1
마이클,정말 콘서트장온줄 .. 몰랐던 이야기가 많내요 추천료,1
마이클,"100년에 한번나올가 말가 한 천재가수 마이클 잭슨

이런가수가 100년에 한번 나올까요 과연,,,k팝은 과연
노랜가??의문,,,마이클 정돈 되지않나싶다.작사,작곡,뮤비 천상의 목소리까지
미쳤다. 완벽하다,퍼펙트하다",1
마이클,영상미와 사운드는 최고고 연기도 좋았는데 뭔가 뚝뚝 끊기는 부분이나 스토리개연성은 아쉽다. 마이클잭슨 팬이거나 사운드 영상미를 따지면 더 좋게 보겠지만 미완의 작품인 거 같다. 2편 나올 듯 싶다.,1
마이클,약간의 아쉬움이 음악과 춤으로 그나마 보상이 되네요. 더욱 마이클잭슨이 그리워 지네요.,1
마이클,"음악을 듣는 것만으로도 어느정도는 만족
그러나 굳이 안톤 후쿠아 연출인 이유는??",1
마이클,"마이클 잭슨을 진짜로 좋아한다면 보지마세요; 
돈에 눈이 멀어 제작한걸로 밖에 안보이고
하나도 안 닮았고 춤도 못추고..
영화 이제까지 봤던것 중에 이렇게 화나는건 처음이에요",1
마이클,"아쉬운요소가 조금 있지만, 마이클 잭슨의 음악이 다 채워줘요(엄지척!!!)",1
마이클,몰입하며봤어요. 추천합니다. 마이클의 스토리 알게 되어 잼있었어요,1
마이클,너무너무 잘봤어요...,1
마이클,천재의 성장기와 전성기뿐 아니라 명곡들도 크게 들으면서 퍼포먼스를 보니 스토리 있는 콘서트 느낌이었어요! 자극적인 장면없고 너무 재밌어서 한번 더 볼까 합니다!!,1
마이클,중간에 엥 스러운 장면이 있긴 했지만 영화는 즐겼으니 만족,1
마이클,마이클 노래 짱짱짱,1
마이클,"괴로운시기가 안나와서 한편으로 맘이 편했어요
그러나 2부로만들어진다면 꼭봐야겠지요",1
마이클,밤티연출과 지리는 마이클의 노래,1
마이클,"여고 친구들 네 명이 함께 추억을 회상 케 하는 음악과 아이맥스관 중앙열에서 즐감 했습니다
초대 받고 함께 했던 친구들이 모두 좋아해서 돈 쓴 보람이 있어 더 좋은 시간이었어요",1
마이클,"너무 멋있게 봤어요
노래가 더 듣고 싶네요",1
마이클,영화 재밌게 잘 봤습니다,1
마이클,"마이클 잭슨 잘 몰랐는데 명곡파티네요ㅎㅎ마이클 잭슨
세대이신 어머니는 아주 흥겹게 보시고 좋아하셨어요",1
마이클,재미이ㅛ게봤어요 좀 더길게 뒷마무리하면 좋을텐데 아쉬웠지만 다시한번 마이클 감동느낌 가족이라 그런지 마이클연기 빛났어요,1
마이클,"짧은 시간에 마이클 애기를 다 담을수 없는게 아쉽지만 노래 음향 좋네요. 이런가수는 백년 한명 나올만한가수고,가수의 화려한 앞모습과 달리 개인 가정사는 그러지 못ㅈ한게 아쉽네요",1
마이클,중간에 끝나서 아쉬움 그래도 볼만함,1
마이클,"King of POP
Rip
I love u
MJ.",1
마이클,"50대 감성 폭발
재미가 있어요",1
마이클,마이클 잭슨의 슬픈 고뇌가 너무 마음 아프네요,1
마이클,그의 음악앞에 서사는 개나 줘버려라고 하며 응원하고 싶지만 못 만들어도 너무 못 만들었다. 그의 업적을 쫓든 내면을 파든 결과가 너무 모자르다. 극장에서 빵빵한 사운드로 스코어들을 들었다는거 말고는...,0
마이클,"마이클잭슨 유년시절 등 가정사 히스토리와
음악 천재성에 대해 알게되었어요.
감동적입니다.",1
마이클,"주연배우가 마이클과 똑같아서 놀랐어요
재미있어요",1
마이클,집 가서 노래 들어야지,1
마이클,"기대가 커서 그런가 노래하는 장면 빼면 그저 그랬음
영화 끝나고 중간에 보다가 만 듯이 불편했음
차라리 시간을 3~4시간 짜리로 만들었으면 더 좋았을 듯
보헤미안 랩소디가 구성도 내용도 훨신 좋았음",0
마이클,팝의 황제 마이클 잭슨의 노래를 듣고 자란 세대로서 너무 즐겁게 봤어요. 옛 유명한 노래가 많이 나오지 않은 게 다소 아쉽지만 사실 한편의 뮤직비디오를 보고 나온 것 같습니다.,1
마이클,도영이랑 너무 재밌게봤습니다~!,1
마이클,아기 마이클이 진짜너무 귀여워..,1
마이클,"전기 영화로썬 할 말이 많아도 음악 영화로썬 무슨 말이 필요한가, 그는 팝의 황제였다",1
마이클,"그는 천재였고 천사였다
연출이지만 다시 그의무대를 볼수 있는것만으로 
너무 행복했다",1
마이클,배우의 연기도 훌륭하고 무엇보다 노래와 춤 등 무대가 압도적이어서 정신없이 몰입해서 보았다. 다음 속편이 더욱 기대된다.,1
마이클,전기 영화로서 평이하게 흐르는 스토리에 대한 아쉬움,1
마이클,노래도 인기도 많았던 시절...보고싶네요.,1
마이클,마이클 잭슨을 체험할수 있었던 영화,1
마이클,아이 영포티는 극장에 못들어오게해라 영화보다가 소리를 지르네;;;,0
마이클,"디테일한 내용과 연출은 아쉬워도 마이클이 살아있는듯♡
영원한 전설, 아티스트 마이클 🎤",1
마이클,마이클잭슨 주크박스 팬무비,1
마이클,"마이클 잭슨 노래는 좋다
근데 내용이 부족하고
결말은 이렇게 끝낼 줄은 몰랐다",1
마이클,다시봐도 대단한 마이클잭슨 ㅠㅠ 감동의 도가니..,1
마이클,자세히 몰랐던 마이클에 대해 알게되고 영화보고와서 다시 찾게되는 음악을 다시 듣게된다. 영원할 마이클잭슨!,1
마이클,"아쉽지만...팝의 황제 마이클 잭슨의 메가 히트곡들을 공연 현장에서 보는 듯한 감흥 
ㅡ 용아맥 ㅡ",1
마이클,외로워 보이는 월드스타 마이클 ㅜㅜ,1
마이클,"팝의황제 마이클잭슨 그의 일대기
아주 잘만든 명작이네요",1
마이클,마이클의 배경을 알아서 미래에 나올 시즌 2가 두렵지만 정말 재밌었다 마이클의 명곡들을 영화관에서 크게 들을 수 있어서 귀가 행복했다,1
마이클,"전에도 없었고 앞으로도 없을 진짜 우주대스타지만, 죽어서도 누굴 위해 이렇게 돈을 벌어주고 있어야하는지.. 편히 쉬게 냅둬라 쫌.",1
마이클,"자파 잭슨의 연기와 ost는 좋았지만
서사가 약한듯...마이클 잭슨의 이야기에
좀더 무게감을 뒀더라면 어땠을까 하는
아쉬움이 남는 영화였고 보고나니 
마이클 잭슨이 생각나는 날이네요.",1
마이클,마이클은 천재의 뮤지션입니다,1
마이클,"용산 스크린X관에서 봤는데 너무 좋았다
마잭의 콘서트 1열 느낌 ㅋㅋ
2편 제작 소식있던데 벌써 기다려져요

이 영화는 꼭 돌비애트모스 지원되는 곳에서 보세요",1
마이클,난인간마이클을기다렸다,1
마이클,배우 연기가 훌륭하고 연출도 좋네요.,1
마이클,평론가 평은 새겨듣지 말고 즐겨라,1
마이클,재미있게 너무 잘 봤어요~~~,1
마이클,히트곡으로 덮어버린 엉성한 서사,0
마이클,2편 나오는거 맞죠 뭔가 시작될려다가 끝난 이느낌,1
마이클,"마이클이 지금까지 살아서 백발이 되었다면 어떠했을까?
팬의 한사람으로서 그의 죽음은 어릴적 꿈이었던 네버랜드의 영원한 피터팬으로 남아서 살아가고 있음을 영화를 통해서 느낄 수 있었습니다.",1
마이클,영화로 내 기억 가운데 행복했던 한 때를 다시 되짚어보는 시간을 가져봅니다. (사실 레전드 디스코 및 필모그래피 한창이던 시기 갓 태어나거나 꼬맹이였음.<) 밀레니얼 때 팝 생각하면...음악은 마잭이 맞다.,1
마이클,재재재밌밌밌습습습니니니다다다,1
마이클,노래 춤 다 좋아요. 넘 잼나게 봤어요^^,1
마이클,"첫 아이맥스 관람으로 마이클을 봤는데 진짜 만족입니다
시간 가는줄 모르고 봤어요!!",1
마이클,2026년도 최고의 영화네요 보는내내 감동에 진한 향수에 졎어서 눈시울이 났습니다. ㅠ IMX로 다시 한번더 감동받고 2편도 기대됩니다,1
마이클,MJ의 노래는 있었지만 MJ는 없었다.,0
마이클,음악이 너무너무 좋았어요.,1
마이클,자파 잭슨의 연기와 마이클 잭슨의 명곡 파티만으로도 볼 가치가 있는 영화,1
마이클,Ncnfdkjddjsksk,1
마이클,좋은 음악 영화 입니다. 마이클잭슨이 생각나는 날입니다~~,1
마이클,이 감정이 뭔지 모르겠다 그냥 감정이 벅차오른다,1
마이클,"음악영화로는 <마이클> 최고!
마이클잭슨 멋진 춤과 노래. 완전 열광의 도가니
스크린으로 그것도 아이맥스관에서 보니, 후반부의 춤과 노래, 열정에 스크린으로 빨려 들어가는듯~
강~추합니다. 영화<마이클>!!!",1
마이클,마이클잭슨을 사랑할수 밖에 없는 영화,1
마이클,"전율과 함께 소름 돋는 음악으로 보는 내내 눈과 귀가 행복했고 자막이 끝날 때까지 일어설 수 없었지만 결국은 2편을 기대하면서~보헤미안 랩소디를 넘어서는 음악적 감동의 영화. 시사, 스엑, 이제 남은건 아맥",1
마이클,보헤미안 랩소디만큼 감동적이진 않았지만 이런 음악 전기(?)영화가 많이 나오길 바래봄. bts영화가 나왔으면 영화관이 꽉찼을지도.아이맥스 영화관 추천. 귀청 주의. 콘서트장 1열 직관 느낌. 신날일없는분께강추,1
마이클,"마이클에 역사를 알수 있고

너무 재밌어요",1
마이클,👍👍👍👍👍👍👍👍👍👍👍👍👍👍👍👍👍,1
마이클,보헤미안랩소디 마잭버전 기대했는데 그냥 마잭 뮤비 리메이크 한거에다가 마잭 인생사 접목시킨 영화임,1
마이클,보헤미안랩소디 마잭버전 기대했는데 그냥 마잭 뮤비 리메이크 한거에다가 마잭 인생사 접목시킨 영화임,1
마이클,영화관에서 마이클 성님 영화본것에 만족함,1
마이클,"4d로 봤는데 넘 좋았어요 
진동의자로 느껴지는 그 입체감ㅋㅋ",1
마이클,마이클 영화 잘 봤습니다.~~~,1
마이클,"마이2 더이상 볼수없는 마이클이라서 더 뭉클
천재들은 왜이리 빨리 떠나는가?",1
마이클,"벌써, 2번째 관람이네요. - 수욜,금욜~
마이클 잭슨을 좋아하는 빅팬입니다.
너무 감동입니다.
벅차오른 감정을 어찌할까요~",1
마이클,콘서트보는것같아요ㅎㅎ,1
마이클,"마이클 잭슨을 좋아했고 그의 음악을
좋아했던 사람은 무조건 보세요",1
마이클,"이야기가 너무 평범하고
음악적 감상도 생각 보다 적다
좀더 스토리가 있어야 하지 않나
그냥 유명세 너래 끝
아버지 비하 끝. 
품질 저하다
보긴 잘 받음",1
마이클,마이클의 모르고 있던 부분을 잘 보았습니다.,1
마이클,약간 현실적 개연성이 부족한 가족들간의 일상 스토리를 제외하고는 조카인 자파잭슨의 싱크로율 높은 연기와 춤과 노래를 중심으로 마이클잭슨의 성장과 그 스토리등이 꽤 잘 짜여진 수작이다.,1
마이클,마이클을 모르더라도 알게해주는 영화,1
마이클,"MJ가 살아있으면 어땠을까 
갈수록 비슷해지긴 했지만, 스토리는 아쉽다.
아버지가 너무 끝까지 등장한다.
MJ가 좀더 행복한 순간을 보여줬으면 하다.
그리고 빌리진 첫 등장은 저런게 아녔던거로 아는데. 좀 아쉽",0
마이클,"마이클 잭슨과 동시대를 살아, 그의 춤과 노래를 보고 들었다는 것에 감사하다!!!",1
마이클,"노래도 너무 좋고, 추억 여행할 수 있는 영화네요~",1
마이클,"누가최고
바로. 두두두두 마이클
당신이 최고입니다",1
마이클,"몰입감 최고
음악 최고",1
마이클,마잭 업 마잭 업 마잭 업 마잭 업,1
마이클,역쒸이 마이클잭슨은 위대했다. 58년개띠 마이클 홧팅♡,1
마이클,마이클111222333,1
마이클,‘마이클 잭슨이 왜 팝의 황제인가?’에 대한 답만 얻을 수 있었다.,1
마이클,이 스토리가 마이클의 삶을 표현할 수 있는 최선이였던거야 ? 조잭슨의 벨트학대와 펩시사건 정도 끼워 넣고선 비극은 이쯤 되었으니 OST로 영화를 팔려고 한거야? 다음편만 고통버전일 가능성 애초에 없는거니까,0
마이클,어린시절 마이클의 콘서트를 본 느낌,1
마이클,콘서트 보는 느낌ㄹ,1
마이클,마이클 영화 60년대 70~80년대 넘어서 실제로하는것처럼 보여서 멋진 무대에 보이고 즐겁고 좋았습니다,1
마이클,"꼬마잭슨 귀여움 
노래너무좋음
마이클의 잘린 얘기들이 아직남은듯
2편나오는거겠죠..?
끝이좀 읭?스러움",1
마이클,어렸을적 잭슨파이브 연출 좋았습니다,1
마이클,신나는 배경과 후속편이 기다려지는 영화,1
마이클,현실이 너무 왜곡된부분이 있지만 잊혀져가는 마이클잭슨을 기억할수있어 좋았던 시간이고 천재적인 모습은 너무나도 잘묘사된듯합니다.,1
마이클,"영웅~~GOD~~그 속의 인간미~~
지금도 어디선가 우릴 지켜보고 곡을 만들고 아파할 분~~
보고싶은 사람~ 하늘에선 더욱 더 행복하길~~",1
마이클,연기 잘하더라고요 마이클잭슨 팬이면 무조건 보십셔!!,1
마이클,Just beat it!,1
마이클,노래와 춤은 마이클이 하고 연기는 조셉이 다 하심,1
마이클,"댄스뮤직, 팝계의 왕 아니 황제
마이클 잭슨의 첫 자전 영화!
마이클을 연기한 배우 진짜 똑같아요ㅋㅋㅋ
2편도 기대합니다!",1
마이클,"마이클잭슨이 그립네요~~
2편 나오는걸까요. 나오길 기대해봅니다",1
마이클,팝의 황제 천마잭 빌리진 문워크,0
마이클,잭슨파이브부터 마이클 잭슨 일대기를 음악과 함께 즐길수 있어 매우 감동이고 재밌었어요. 후속작을 예고해서 좀 아쉽고 보헤미안 랩소디 만큼의 감동은 없었지만 역시 마이클의 음악은 아직도 전설이네요.,1
마이클,개봉전 영화에 대한 부정적인 시각이 있었다.첫실관은 생각보다 나쁘지 않은 정도인데 두번째는 지루할줄 알았는데 새로운 느낌 이었다.잭슨즈 공연 연출은 내가 아는 80년대의 느낌을 잘 살렸다.,1
마이클,"나의젊은시절 생각나게
만들어주네요
주인공연기도 최고입니다",1
마이클,가수 마이클 잭슨이 아닌 순수하고 선한 인간 마이클을 알 수 있었던 영화 였네요. 멋진 영화 잘 봤습니다!!,1
마이클,노래 넘 좋았어요 최고에요,1
마이클,"아팠지만 선한 영향력을 끼쳤던 그의 삶의 경의를 표합니다.아름다웠던 그의 마음과 꿈의 대한 열정 그리고 깊은 사랑을 느낄수 있었습니다.
마이클 참 선한사람이였네요",1
마이클,스토리는 없는데 노래 듣는 재미로 봤어요,1
마이클,마이클 젝슨은 희망입니다! 보는내내 감동과 공감 그리고 노래 때문인지 스트레스 해소 했음,1
마이클,빨리 다음편 보고싶네요 정말 재미있네요,1
마이클,더 좋은 노래도 많은데... 그리고 너무 어설프게 끝냈으니...,1
마이클,"노래만들어도 좋았어요
영화끝나고 노래 계속나오니 듣고 ~",1
마이클,공연 장면이 정말 좋았습니다,1
마이클,잭슨파이브와 마이클의 일대기를 그린 영화로 연추력과 ost가 좋았습니다.,1
마이클,배우들 연기도 좋구 마음 아픈 장면도 있었지만 신나고 즐겁게 잘 봤습니다,1
마이클,단순한 음악 영화가 아니라 한 사람의 삶과 감정을 깊이 있게 담아낸 작품이었어요. 무대 위 화려함 뒤에 숨겨진 외로움과 열정이 진하게 느껴져서 보는 내내 몰입했습니다. 특히 음악과 퍼포먼스 장면은 전율이.,1
마이클,그때를 추억하며 시간가는 줄 모르게 감상했네요.,1
마이클,재미있어요 잘봤어요.,1
마이클,"스토리텔링이나 연출적인 부분은 그럭저럭이나, 마이클 잭슨의 히트곡들을 좋은 사운드로 들을수 있다는것만으로도 볼가치가 충분한 영화. 공연하는 장면,첫 문워크 장면은 수십번을 영상으로 봤는데도 소름",1
마이클,"MJ의 음악을 듣는 것만으로도 충분히 즐겁습니다.

음향이 좋은 상영관에서 즐기세요.",1
마이클,"과서 마이클잭슨을 어쩐 이리똑같이 표햔됳을까요
훌륭한영화였어요
감사해요",1
마이클,최고.. N차 땡기는 영화,1
마이클,"아니 무슨 연출이 이리도 좋고, 마이클 역할은 노래와 연기를 이렇게나 잘 할 수 있나",1
마이클,긴 러닝타임 대비 남은 게 없다(대충 보기 힘들었다는 뜻),0
마이클,마클잭슨은정말대단한사라이구나하는생각이들었다아버지의폭력에굴복하지않고스스로길을찿아나아가는대단한사라이구나하는생각이들었다#마이클,1
마이클,마이클이 이토록 섬세한 인간미가 있는 사람인지를 다시 한번 확인하게 된다. OTT가 아닌 극장에서 꼭 봐야하는 영화. 최고의 영화👍,1
마이클,"마이클잭슨 연기 미쵸따
최고",1
마이클,보헤미안 랩소디가 더 취향,1
마이클,"마이클잭슨의 노래를 좋아했는데
그의 노래를 음향좋은 극장에서
들을수 있어서 좋았고 배우들의 
연기도 좋았어요",1
마이클,"이래저래 말도 많지만 그래도 꼭 보고 싶던 영화라 봤어요. 보는 내내 마음이 아파왔어요. 
좋게 보이려는 마음도 이해가고 끝나고도 음악 때문에 마지막까지 남아 듣고 나왔네요.",1
마이클,2편을 또 언제 기다리나요 ㅜㅠ,1
마이클,"생전의 마이클이 돌아온 듯하다.
뜨거운 연기! 뜨거운 감동.
N차 관람은 기본일듯.
벌떡 일어서서 춤추고 싶었다.",1
마이클,시간이 맞아서 봤는데 보길 잘했네요. 가슴 아프고 멋있었던.,1
마이클,무지 잼 나 춤 잘 쳐 노래 잘해 또 보고 싶어요,1
마이클,"전설이 된 황제, 그 위대한 시작",1
마이클,너무 재밌게 잘 봤어요,1
마이클,타이틀을 마이클이 아니라 잭슨이라고 했어야 할 전부가 아니라 아쉽다.,1
마이클,매우실망 ㅠㅠ 다큐를 보려한게 아닌데,1
마이클,대쥰잼 몰입해서 봄,1
마이클,"멋져요
신나요
재밌어요",1
마이클,마잭의 조카가 연기한 마잭! 본인의 재림인 줄! 찐 감동!,1
마이클,좋았어요 즐거웠어요,1
마이클,많은 분들이 평하시는 대로 스토리 자체는 여러모로 얼렁뚱땅 넘어가는 부분이 많아서 아쉽긴 합니다만 음악적인 부분에선 손색이 없습니다. 한번쯤은 꼭 볼만한 영화입니다. 물론 사운드 특화관에서요,1
마이클,"무대 장면이 인상적이었습니다!
2편도 궁금합니다!",1
마이클,오랜만에 마이클잭슨 노래를 영화보면서 들어보려는 생각으로 관람했습니다. 영화 보면서 노래도 들었지만 마이클잭슨의 인생을 보면서 많은 것을 느낄수 있었습니다. 세상을 떠났지만 우리 곁에 있는 느낌이..,1
마이클,천재 모든걸 다 가졌던 사람👍🏻,1
마이클,"최고에요 영화보면서 마이클잭슨ㅜㅜㅜㅜ . 보는내내
미쳤다. 라는말이 계속나옴 ㅋㅋ두번보기 가능",1
마이클,깊이 없는 서사가 자파 잭슨의 고군분투 무대 연기로 그나마 살아남다.,1
마이클,마이클 잭슨의 감동적인 성장 스토리,1
마이클,마잭 전기 영화치고 많이 아쉽네,0
마이클,"멋진 노래와 감동이 .. 
그 시절 마이클잭슨의 기억도 함께 떠오른 시간",1
마이클,👍너무 몰입되고 현실에 다시 돌아온거 같아요,1
마이클,마이클 잭슨의 몰랐던 이야기를 알수있어 좋았음.,1
마이클,전체적으로 노래땜에 신나긴한데 기억에 남는 장면이 없음.,0
마이클,노래만 들어도 이득임,1
마이클,2편 나오나..?,1
마이클,어설프지 않아서 몰입이 잘 되었던 영화입니다. 그 때 그 시절의 추억도 방울방울 떠오르고 아내와 함께 정말 재미있게 잘 보았습니다. 강추요~!,1
마이클,조조+정부 지원금 쿠폰 적용해서 5천 원이면 볼만해요 근데 17000원 정가 주고는 보기 좀 어려운 느낌이었어요 굿굿,1
마이클,마이클잭슨의 일대기인줄 알았다가 전반부만 보여줘서 아쉬움... 아버자의 권유로 시작된 것이지만 점차 자신만의 세계를 구축해가는 것을 응원하게됨..,1
마이클,왕십리 아이맥스관에서 관람 : 오늘따라 강력한 스피커 성능에 놀랐네요!,1
마이클,"재밌어요
보면 볼 수록 정말 따뜻한 사람",1
마이클,"첫 오프닝,잭슨 파이브 고별무대,마지막 무대만 보고 나와도 돈값은 한다",1
마이클,"노래 듣는 재미가 매우 큼^^
전설의 마이클 잭슨!",1
마이클,스크린에서도 빛나는 마이클 잭슨.,1
마이클,아쉽지만 의미있는 영화,1
마이클,노래가 진짜 신나고 좋았어요ㅎㅎ,1
마이클,마이클 마이클 마이클 마이클,1
마이클,"주인공의 감정이 잘 표현 되어있고 스토리의 짜임새도 아주 좋았습니다,",1
마이클,음악에 가슴이 뛰네요,1
마이클,마이클의 삶을 담기엔 부족하지. 아무리 비슷해조 마이클은 아니다. ㅠㅠ. 그래도 볼만한 영화,1
마이클,마이클 잭슨의 재림이라는 생각이 들 정도로 무대 장면은 완벽했다,1
마이클,오랜만에 귀에익은 음악 춤 모처럼 푹빠졌어요 춤과음악에. 포커스를 맞춰 너무나 좋왔어요 다시 한번 더보고 싶어요,1
마이클,"나의 어린시절을 같이 했던 마이클잭슨,
보는 내내 스타라는 이름안에 가려진 환경과 내면을 보게 되서 쨘했다",1
마이클,너무너무 재미있게 봤어요!!,1
마이클,음악은 참 좋지만 연출이 평면적이다. 후속편에서는 그의 논란들을 어떻게 헤쳐나갈까 궁금하다. 외로운 사람이었던것 같다. 실제 마이클 잭슨은,1
마이클,영화를 찍다만느낌. 일대기인줄 알았는데 중후반기가 아예 없음,1
마이클,"팬으로 너무 기대했지만 많이 아쉬운영화 
만들다만 영화같은... 임팩트가 하나도 없어요.
마이클의 일생에서 부자간 갈등만 부각된듯해요.",0
마이클,마이클 잭슨 본것같았어,1
마이클,"1번 보세요
2번 보세요
3번 보세요",1
마이클,천재 아티스트 ”마이클 잭슨“을 추모합니다!!!,1
마이클,어릴 때라 전설적인 마이클 잭슨에게 관심을 갖지 못했던 아쉬움을 영화로 달랬네요. 역대급 슈퍼스타의 탄생 과정을 조금이나마 느낄 수 있어서 좋았습니다!,1
마이클,"레전드 영화!
너무 잘 만들었다 신나고 감동이고 다 한다
이젠 볼 수 없지만 너무 보고싶다 마이클잭슨!!",1
마이클,"노래도 정말 잘 들어가잇고 너무너무 재밋게 본 영화 
빨리 2편도 나왓으면 좋겟음!!",1
마이클,넘 훌륭한 천재 아트스트 마이클을 추모합니다. 전율을 주는 음악에 가슴이 뭉클!!!,1
마이클,마이클 잭슨하면 떠오르는 성공만이 아닌 한 인물의 인생을 담고 있는 영화라 여러 생각이 들었어요.,1
마이클,"마이클잭슨을 잘알지 못해도 유명한 몇곡을 알고 있었는데 영화가 나와서 기대하고 봤는데 어린시절은 몰라도 마이클잭슨옆에서 직접 옆에서 찍은듯한 스토리와 연기,노래가 대단해서 2시간내내 즐거웠네요",1
마이클,음향 등은 좋았으나 내용이 먼가 부실하네요.,1
마이클,"아이러니하게도, 이 영화로 떼돈을 버는것들이 나머지 것들이라는것. 자넷잭슨의 심정이 이해가 된다. 우리나라도 있지..뮤지컬 ""그날들""의 김광석의 노래로 어떤 몹쓸 인간이 돈을 버는지!",0
마이클,재미있게 봤어요 마이클이 대단한 사람임을 다시 알게됨,1
마이클,빌리진만 기억에 남음 하다 만 느낌,1
마이클,"10점만점에 10점 영화보는내내 몰입하고
엔딩크레딧 끝까지 다 보고 행복한 영화는 처음
노래가 서사 그자체",1
마이클,마이클잭슨의 가족사와 유년시절 얘기는 처음 알게되었고 음악들으며서 옛날 그시절 생각이 나네요. 좋은 영화입니다.,1
마이클,마이클 그대로 환생,1
마이클,He's best 항상 마이클이 피터팬 증후군 아닐까 생각했었는데 NEVER LAND뒤에는 학대받고 결핍된 잃어버린 어린시절과 한 인간의 외로움이 있었네요 그의 스토리는 계속된다니 속편이 나오려나?,1
마이클,He's best 항상 마이클이 피터팬 증후군 아닐까 생각했었는데 NEVER LAND뒤에는 학대받고 결핍된 잃어버린 어린시절과 한 인간의 외로움이 있었네요 그의 스토리는 계속된다니 속편이 나오려나?,1
마이클,영화 너무 잘 보고 왔어요 연기 좋네요,1
마이클,간만에 옛날 느낌도나고 음악들어서좋고 왠지 마이클이 그리워지는시간이었네요...,1
마이클,음악 들으며 넘넘 재밌게 봤어요!,1
마이클,감동으로 꽉찬 시간 최고였어요! 마지막콘 한곡 더 해줬으면 하는 바램..2편주세요,1
마이클,내 바지는 누디진 나는 지금 춤을 추고 있는 빌리진,1
마이클,난 마이클이보고싶었다ㅠ 최소한 콘서트라도 실제영상을 쓰던지ㅠ 스케일도 너무열악해서 인간극장수준이고 못생긴 조카얼굴을보느라 힘들어죽는줄ㅜ결국 졸다잠들었다ㅜ울나라관객들수준을 뭘로보고ㅜ,0
마이클,마이클 잭슨 연기한 배우분 너무 잘하셔서 좋았고 오랜만에 노래 들을수 있어서 감동 받았습니다,1
마이클,"마이클 잭슨 그자체~!
멋진 영화였어요~!!",1
마이클,노래가 너무 좋았고 가사도 너무 좋았어용 ~~,1
마이클,마이클역을 어느 누가 할수 있을까 자파잭슨 이었기에 가능했다 두시간안에 마이클의 모든것을 어떻게 담을수 있을까 배드시절까지여서 그나마 가능했다 반드시 후속편이 있어야하겠다 암튼 행복한시간이었다,1
마이클,"""전설을 볼수있음에 감사합니다""",1
마이클,마이클 재미있어요..,1
마이클,"마이클 잭슨의 음악을 영화관에서 듣는것만으로도
충분한 선택인것 같습니다",1
마이클,마이클잭슨의 고뇌와 인간미가 잘 느껴졌고 스토리도 좋아요,1
마이클,축구 전반전만 본 느낌으로 아쉬웠으나 역시 마이클의 음악은 영화내내 좋았다,1
마이클,"역사상 가장 위대한 가수이자 아티스트
마이클 잭슨 그립다.",1
마이클,마이클이 무대 할 때마다 너무 즐거웠습니다.. 보면서도 흥을 주체할 수가 없어요...,1
마이클,추억의 노래를 영상과 함께 꽝꽝 들을 수 있어서 좋았어요.,1
마이클,"마이클 잭슨을 다시 보게 된 영화입니다.
더 큰 화면으로 더 보려 합니다.",1
마이클,잘 봤습니다~👍👍👍👍👍,1
마이클,공연 위주 헌정영화인듯~,1
마이클,선계에 살았던 사람. 그 재능을 세상에 쏟아 부었던 사람. 2편에서는 그러면서 세상에 싱처받는 내용이겠지? 인간으로서의 마이클 모습이 기다려집니다.,1
마이클,즐겁게 관람했습니다,1
마이클,마이클 음악을 듣는 것만으로 진짜 좋았고 성장해가는 스토리 또한 좋았다. 다시 살아나서 보고싶게 만드는 영화다.,1
마이클,잘봤어요 좋은 노래도많이 잘들었어요,1
마이클,그냥 말이 필요없다 마이클,1
마이클,네 이 영화 잘 봤습니다,1
마이클,마이클 잭슨에 대해 더 알게 되어서 좋았어요,1
마이클,"빌리진 빝잇 의 감동
잭슨과 조던의 현역시절을 같이 살아서 봤다는 ..",1
마이클,영화 잘 봤습니다.,1
마이클,마이클 2편 언능 주세요!!,1
마이클,음악이 정말짱!! 마잭은 레전드…!!,1
마이클,로튼 토마토지수 낮아서 걱정했는데 또 평론가놈들이 횡포를 부린거였네요....스토리 괜찮고 무대 재연 아주GOAT였습니다. 굿굿!,1
마이클,슈퍼스타의 삶을 이해할수 없지만 힘들어 보인다,1
마이클,"기대보단 좀 스토리가 미흡하네요.퀸영화와비교됩니다
 그레도 음악은 좋아요 그립네요 마이클",1
마이클,연기력이면 춤은 너무 좋았어요..아쉬움은 스토리가 약하다는점....,1
마이클,"보는내내 익숙한 마이클 음악으로 콘서트장에 있는듯한 기분으로 관람했어요!
더이상 그의 신곡은 들을수는 없지만 주옥같은 명곡들은 영원할겁니다.
속편 제작이 기대됩니다~",1
마이클,모든 음악이 환상적이고 그때를 살아보진 않았지만 마이클 잭슨의 유년기 시절의 고증이 잘 된 영화입니다! 인물들의 클로즈업과 무대 위의 교차편집이 인상적인 영화였습니다!!,1
마이클,이영화도재미있어용 완전히마이클노래도잘해요,1
마이클,"음악을 듣는 순간....온몸에 소름이....
역시 최고다....마이클잭슨....",1
마이클,마이클. 마이클. 마이클. 최고. 최고. 최고.,1
마이클,엄청난 몰입감 전율 천마 마이클의 최전성기를 느낄수있는영화,1
마이클,"인간 마이클에 대한..뭔가 빠진듯한
노래는 남았네요",1
마이클,다시 마이클잭슨을 보는느낌,1
마이클,아직 영화는 끝나지 않았지만 참 외로웠을꺼 같아요 아버지란 사람은 너무하고 그래도 참 대단하네요 재밌고 즐거웠어요 마이클밖에 끼와 재능이 없어요 형들은,1
마이클,제일 중요한 인간 마이클 잭슨에 대한 서사가 너무 부족하다. 후반부는 그냥 헌정 공연임,1
마이클,마이클 잭슨을 극장에서 다시 만나서 무척 즐거웠습니다.,1
마이클,다시 한번 느끼지만 참 대단한 사람이예요,1
마이클,"얕은 서사와 인물 표현, 분명한 치트키를 가지고 있음에도 이 정도 밖에?",0
마이클,그의 콘서트를 직관하는 기분이랄까. 의자와 함께 어깨도 들썩들썩! 이런 영화는 정말 극장에서 봐야~ 스크린엑스+돌비 관에서 보길 참 잘했다!,1
마이클,"세월의 무상함을 느끼게 하네요
아까운 인재의 빈자리를 느낍니다",1
마이클,"잼나게 봤어요
노래좀찾아들어야겠어용",1
마이클,"마이클영화는 세계적인 아티스트 마이클잭슨이 아니라 네버랜드를 꿈꾸면서 동물을 사랑하고 친구와 공감되는
두려움에 떨고 있는 10살의 어린아이의 마이클을 볼수 있어서 마음이 많이 아팠다. 다음편기대된다",1
마이클,"너무 재밌어요 
마이클 잭스 대단한 인물이네
정말 역사 공부 됩니다",1
마이클,｡°(°.◜ᯅ◝°)°｡｡°(°.◜ᯅ◝°)°｡｡°(°.◜ᯅ◝°)°｡｡°(°.◜ᯅ◝°)°｡｡°(°.◜ᯅ◝°)°｡｡°(°.◜ᯅ◝°)°｡｡°(°.◜ᯅ◝°)°｡｡°(°.◜ᯅ◝°)°｡｡°(°.◜ᯅ◝°)°｡｡°(°.◜ᯅ◝°)°｡｡°(°.◜ᯅ◝°,1
마이클,마이클잭슨의 음악을 영화관 사운드로 듣는것에 충분했다,1
마이클,"N차 관람을 했는데 더 감동입니다 
용산 스크린X관 돌비사운드로 보고 
듣고 왔어요 마이클 🎤🎵🎶 최고입니다 👍",1
마이클,"추억속의 뮤지션과 음악.. 매우 즐거운 시간이었습니다
배우의 춤과 노래 실력도 실제 마이쿨과 견주어도 손색이 없네요.

한가지 흠은 관객들의 노매너, 두시간 내내 울리는 폰 알림소리, 떠드는 관객들정말노답",1
마이클,재미나게 잘봤습니다.,1
마이클,공연 보는 느낌 정말 좋았어요,1
마이클,"빌리진으로 유입했었지만
정말 재밌게 봤습니다",1
마이클,2편 빨리 내놔라~~~~,1
마이클,골수팬은 아니였지만 인정하는 팝의황제 그의 노래가 듣고싶어 관람~ 음악은 너무 좋았으나 보다가 만 느낌?!! 잭슨스가 아닌 마이클잭슨으로의 삶과 안타까운 그와의 이별스토리가 아쉬움,1
마이클,"마이클의 노래와 춤이 그냥 나온게 아니라는거
마이클잭슨의 불우한 어린시절부터 성공하기까지의 스토리와 명곡들 다시보고 들을 수 있어 좋았어요.~~",1
마이클,재미있게 봤습니다.,1
마이클,100점 만점에 100점,1
마이클,마이클 잭슨의 이야기는 2시간으로는 부족하다.,1
마이클,마이클 잭슨 콘서트를 직접보는 느낌,1
마이클,그냥 좀 짠하네요.,1
마이클,마이클 형님께서 어린시절부터 아버지의 허리띠로 맞고 화상으로 죽을뻔 했다는등.. 겁나 고생하셨다는 것밖에 기억안남..,0
마이클,재미있었고요좋았어요,1
마이클,"마이클이 살아난 듯~ 
천재의 재능에 즐겁고
천재의 고통에 슬프다",1
마이클,조금 허무하게 끝나는게 속편이 나온다는 징조죠..? 너무 기다려짐 ㅜ 보헤미안 볼때처럼 미치게 신나거나 심장이 뛰는건 없었지만 명곡 다시 듣는것만으로도 좋았습니당,1
마이클,영화를 너무 감동적으로 잘 만들었고 음악과 함께 극장에서 너무 즐거운 시간을 보냈습니다.,1
마이클,서사가 조금 부족하다 노래는 좋았다,0
마이클,즐겁게 즐기고 나올 수 있어서 다시 보고 싶어요,1
마이클,빌리진과 잭슨스 공연 마지막 장면 너무 좋았다,1
마이클,처음에 너무 나열하는 느낌이라 지루했는데 코 성형 하는 장면 이후부터는 완전 몰입되고 음악에 취해서 시간가는줄 몰랐어요. 싱어롱 상영회로 보면 진짜 더 재밌게 볼수 있을거 같네요.,1
마이클,역시 노래 감동감동입니다.,1
마이클,조카인 자파 잭슨이 삼촌을 제대로 재현을 위해 얼마나 쌩고생을 했을 지가 눈앞에 그대로 펼쳐지는 영화,1
마이클,마이클 잭슨을 안다면 무조건 봐야하는 영화~,1
마이클,"시간가는줄 모르고 영화에 빠져들었네요
screenx",1
마이클,너무너무 재밌어요 마이클잭슨 그리워요,1
마이클,"마이클을 다시 보게되어 너무 기뻐하며 과거를
회상하며 빌리진의 탄생순간~역사의 한장면",1
마이클,눈호강 귀호강 행복한 시간,1
마이클,너무 감동적이에요 담주에 또 봐야지,1
마이클,"영원한, 우리들의 뮤지션",1
마이클,"레이디가가 영화에 비하면 좀 허접
마이클의 명곡들을 많이 기대했는데 별로 없었고
스토리도 좀 아쉬운 느낌
마이클의 위대함에 비하면 좀 아쉬운 부분이 많아요",1
마이클,하…예매해놓고 못봤다,1
마이클,엄청 기대하고 관람했습니다.그런데 마지막 허무.. 2편이 나오겠지요?그래도 재밌게 감동있게 잘 보았습니다. 마이클잭슨이 살아있을때 루머가 많았는데 그는 실제 큰 감동과 순수성을 준 가수였음을 알게됨요ㅠ,1
마이클,재미있게 봤어요~~~,1
마이클,"마이클잭슨 세대가 아니라 궁금해서 관람해봤습니다 
무조건 봐야돼요 감동 그 잡채입니다",1
마이클,자파 잭슨의 열연 마이클 잭슨이 환생한거같다,1
마이클,"마이클잭슨 구현하느랴 대단히 고생했음
생각보다 자연스러웠다고 생각함
그런데 스토리, 잭슨의 감정선이 없음
잭슨의 좋았던, 사랑받았던 모습만 깔짝깔짝 보여줌
형제들보다 열광하는 관객들 샷이 더 많음",1
마이클,노래가 좋아서 재미있네요,1
마이클,"모든관계엔 자격이 필요하단,,,
부모라고 예외일수 없다..",1
마이클,마이클이 환생한 줄 알았네.(자파잭슨짱),1
마이클,"영화 봤습니다 재미있게 ~
그립네요 마이클",1
마이클,기대안했는데 웰메이드네요. 배우들 연기도 너무 좋았고 콘서트를 보면서 서사까지 본 느낌입니다. 더 많은 사람들이 봐서 3편까지 모두 제작되었으면 좋겠어요. 적극 추천이요.,1
마이클,"마이클, 재밌었어요",1
마이클,두시간 순삭이네요 사운드가 특별히 빵빵한 곳에서 재관람하고 싶어요 마이클 아역부터 잭슨패밀리까지 캐스팅이 좋았어요,1
마이클,영화 완성도는 차치하고 음악만으로도 너무 좋았음.,1
마이클,"오랜만에 마이클잭슨 노래 들으니 좋네요.
근데 마이클 키가 좀 작고 근육질이어서 뭔가 아쉬워요.",1
마이클,거대한 행성이 스쳐지나간 듯한 경이로움.,1
마이클,마이클잭슨 노래가 너무 다 좋고 너무 유명한 얘기들이라 알고 봤는데도 재밌고 좋았습니다 배우 싱크로율에 너무 놀랐어요,1
마이클,시간가는줄 모르고 재밌게 봤어요. ..,1
마이클,"음악영화 좋아해서 개봉만 기다리고 있다가
생각보다 평이 안좋아서 걱정했어여ㅠ
사실 스토리 보러 간거는 아니라서 
그냥 영상미랑 노래 맘껏 즐기고 왔어요!!
그립네요😢",1
마이클,어 이제 시작이구나!!( ￣ー￣) 응????,0
마이클,마이크 잭슨 영화 생각보다 볼만합니다.,1
마이클,솔직히 영화로만 보면 아쉬움이 많지만 그래도 마이클잭슨을 잘 몰랐는데 노래도 듣고 알아갈수 있어서 좋았어요 앞으로 다른 해외 가수들 전기영화나 공연실황이 한국에서도 더 잘되면 좋겠네요,1
마이클,마이클이 마이클 했다!,1
마이클,"마이클, 너무 잘 봤어요!!!!",1
마이클,노래가 너무 좋아서 n차 찍고싶어지는 영화,1
마이클,"네버랜드의 진정한 피터팬으로 
성장하는 마이클 잭슨의 이야기.
""너의 빛으로 세상을 환희밝혀라.""",1
마이클,"음.. 너무 기대를 한것같은데.. 보헤미안랩소디가 승.
2편은 꼭 나오길",1
마이클,나쁘지는 않았지만 만약에 마이클 잭슨을 보며 자란 세대나 매니아 팬층들이라면 호불호가 약간 갈릴수도 있을거 같은 작품이였다~ 사실보다는 아무래도 영화적으로 각색한 부분이 많아서 그런거 같음ㅋㅋ,1
마이클,배우 싱크로율 엄청남 마이클 광팬은 아니었지만 노래는 엄청 좋아함 천재! 그가 얼마나 외로웠을지 감도 안옴,1
마이클,"배우가 마잭을 별로 닮지 않아서 몰입이 잘 안됐음..
그래도 노래랑 춤이 좋았다!",1
마이클,감동적이었어요..너무 좋았습니다!!,1
마이클,마이클 잭슨의 공연을 보고온듯^^♡,1
마이클,두 시간이 가는줄도 모를 정도로 몰입감 대박입니다,1
마이클,영화를 보다 중간에 안본 것 같은 좀 찝찝함이 남네요.,1
마이클,"이제는 전설이 되어버린 우리들의 영원한 팝의 황제
마이클!!!!",1
마이클,듄1을 보고 났을 때의 느낌과 같음. 결말이 없음.,1
마이클,옛날 추억이 생각 나면서 잼나게 봤어요,1
마이클,아들과 즐거운 관람했어요.,1
마이클,"솔직히 스토리는 별로다.. 그치만 노래가 너무 좋아서
후반부를 보러 n차 찍고싶어지는 영화",1
마이클,차라리 잘라냈으면 어떨까싶은 연출이 있었지만 그것은 사소할뿐. 2부작이라는것이 감사하고 너무 기대되는 즐거운 경험이였습니다 못들어본 나머지 곡들도 2편에 있으리라 행복한 상상을 해봅니다.,1
마이클,이렇게 끝나는게 맞다 너무 일찍 왔다간 천재…나도 모르게 까딱거리는 발과손은 어쩔수없다…,1
마이클,팝의 황제를 다시 볼수 있어서 행복했네요.,1
마이클,진짜 재밌습니다 개추박음 무조건 보셈 진짜 강추임,1
마이클,"겉모습보다 마음이 중요해!""
천사라고 해서 꼭 빛이 나고 완벽할 필요는 없다는 걸 보여줘요. 조금 부족해 보여도 주변 사람들에게 사랑과 웃음을 준다면 그게 바로 진짜 천사 아닐까요?",1
마이클,내 인생 최고의 영화,1
마이클,뭔가 부족한가 했더니 2편 제작하는군 역시 ----,0
마이클,"마이클, 넌 행복했니?",1
마이클,싱크로율 + 전율 최고의 작품였다,1
마이클,"사람들이 어떻게 마이클 잭슨을 완벽하게 따라 할수 있겠냐 하지만 보고 느낀건 목소리,표정 연기,춤, 동작 하나하나 거의 완벽에 가깝게 재연하려고 얼마나 많은 연습과 노력을 했을지 진짜 감 1도 안 온다ㄷㄷ",1
마이클,재밌게 잘 봤습니다. n차 관람 예약각이네요,1
마이클,"짠하다.
멋있다.
재밌다.",1
마이클,"짠하다.
멋있다.
재밌다.",1
마이클,"역시 마이클이긴 한데..
마지막이..
마이클2편을 염두 함건가?!",1
마이클,즐겁게 관람했습니다,1
마이클,몰입도 최고입니다. 오랜만에 감동도 있고 즐겁게 봤네요~~집에 가면서 마이클잭슨 노래들어야지ㅋ,1
마이클,"Mama says, Let your light shine.
I say, I have to shine my light!

시작 부터 심장이 뛰고 눈물이 멈추지 않았어요.
다음주 다시 와서 계속 해서 몇번이고 보겠습니다. 

Michael, you were , are , and will be the best.",1
마이클,마잭 노래좋아하면 무조건봐야지,1
마이클,그냥 나왔다는것에 감사함… 이렇게라도 MJ를 느낄수있어 압도적 감사.,1
마이클,일상에서 많이 들어본 노래들을 영화 관람을 통해 들을 수 있어 좋았습니다,1
마이클,"King of pop!!
Michael Jackson👍🏻",1
마이클,생각보다(?).. 너무 재미있었어요~! ^o^,1
마이클,마이클 보고싶어요..,1
마이클,실제 콘서트 보는 줄 알았어요~ 박수칩니다,1
마이클,판타스틱 아이러브 마이클잭슨!!!,1
마이클,"MJ 음악 좋아해서 보러갔는데 내용은 쏘쏘해요
음악이 너무 좋아서 크레딧 올라갈 때까지 앉아있었어요 human nature 콘서트 장면이 특히 좋았어요",1
마이클,스트레스해소하기좋음,1
마이클,감돋...감동...너무 잘 봤어요...,1
마이클,빌리진 빌리진 빌리진 빌리진,1
마이클,꼭 극장에서 보세요. 전율이 흐릅니다. 그분이 정말로 그립네요,1
마이클,호불호가 갈려서 걱정했는데 f1 이후로 최고의 영화였어요^^,1
마이클,"비트는 신나는데 잔잔하게 슬픔이 깔려있음. 
배우가 굉장히 고생하고 노력한게 보일 정도로 잘함.",0
마이클,시리즈라고 못들어서 엔딩이 아쉬웠습니다,1
마이클,마이클 잭슨의 고통스러운 서사를 많이 잘라내서 전기 영화라고 보기에는 다소 어렵지만 음악 덕에 즐겁게 봤습니다! 조카가 마잭처럼 보이기 위해 많이 연구한 것 같아서 괴리감 없었어요..!,1
마이클,배우들의 연기와 ost가 좋았어요.,1
마이클,갈등구조가 빈약해서 스토리는 칭찬해주기 어렵지만 좋은 사운드로 마이클 잭슨의 모습을 보는 것만해도 즐겁다!! 위화감 없이 마이클을 연기한 배우 대단함,1
마이클,"내가 딱 태어난 해까지만의 서사인데도
내가 아는 노래도 많이 나오고
마이클잭슨 전설적인 인물에 대해
너무 잘 표현한 작품이라 또보고 싶음👍🏻",1
마이클,우리마음속의영원한슈퍼스타,1
마이클,"그동안 슈퍼스타 마이클 잭슨의 음악을 들었는데
영화에서 인간 마이클잭슨의 음악이 들렸다
마지막 5분 너무 멋졌음.
마이클책슨을 추모 합니다.",1
마이클,재밌게 잘 밨습니다 ^^,1
마이클,삐레는 전설이고 MJ는 위대하다,1
마이클,레전드는 영원하다!! N차 관람 ㄱㄱ,1
마이클,엄마랑 같이 봤는데 좋았어요👍🏻,1
마이클,넘 재미가 볼수 있어서 좋아서요. 다시 보고 싶네요..,1
마이클,"마이크의 옛 시절을 잔잔하게 묘사하며 친절히 보여줍니다.
그 속엔 감동과 웃음 그리고 공감이 있었습니다.
상당히 가치있는 영화였고 대부분의 평론가들의 혹평은 전혀 어울리지 않는 영화라고 생각합니다.",1
마이클,이런영화에 무슨 대단한 작품성을 바래 즐거우면됐다,1
마이클,영화 보는 내내 마잭형 음악이며 엄청난 사운드 와 우퍼로 심장강타 게속 해서 심장이 터질거 같음.,1
마이클,너무 기대하는 작품이었다,1
마이클,너무 잼나요 이건 무조건 극장서봐야되요!!,1
마이클,잘 받았습니다 노래나오는 부분이 좋아요,1
마이클,관대한 친구가 밋밋했대요,1
마이클,감독 감 다 죽었네. 힘을 숨긴 먼치킨 이야기 찍어대던 넷플릭스 시절처럼 개연성따위 개나줘버린 연출에 보헤미안 랩소디처럼 마무리를 하다니. 이럴거면 뮤직비디오를 보는게 나을듯.,0
마이클,"이런 말씀 드려도 될까요
3시간 자고 조조로 가서 보다가 잘 줄 알았는데
1초도 안 졸고 다 봤습니다",1
마이클,말이 필요없어요 천재 뮤지션 마이클의 서사가 눈물났고 마이클 좋은 노래와 포퍼먼스 고마웠어요,1
마이클,음악만으로 압도 당한 2시간,1
마이클,"재밌어요
마이클 인생 너무 속상하네요",1
마이클,영화 속 노래들이 전부 좋다.,1
마이클,괜찮아요 괜찮아요,1
마이클,왜 평론가들이 점수를 짜게 주는지 다 이해가 된다. 스토리의 깊이가 얇아서 전기 영화라기에는 아쉽다. 하지만 이 영화에는 점수로 매길 수 없는 감동이 있다. 숫자로는 나타낼 수 없는 그리움이 있다.,1
마이클,지금에서야 마이클잭슨의 대단함을 알게되엇고 아타깝네요 세상에 없는 가수임,1
마이클,천재적인 재능을 가졌지만 지독히도 외로웠던 아티스트!,1
마이클,재밌었어요 근데 휴대폰 관크 개같았어요..,1
마이클,속편까지 있다니 기대돼요! 너무 재밌게 봤습니다 마잭😍👍,1
마이클,MJ 팬이라면 그냥 무조건 봐야한다,1
마이클,"영화스토리는별로~
음악은최고~~",1
마이클,보는내내 마이클잭슨이 안쓰럽다는 생각이…,1
마이클,"콘서트를 직접보는 느낌!!
음악을 듣고 보는것만으로도 감동
그의 이야기는 계속된다! 기대된다!!",1
마이클,"마이클 잭슨 찐팬이 아닌사람이 보기엔 적당히 보기좋은 영화
사실 영화적 서사재미는 별로임",1
마이클,꼭 영화관에서 봐야 하는 영화!!,1
마이클,재미나게 잘 봤습니다ㅎㅎ,1
마이클,즐거운 시간이었습니다. 곡들이 전부 너무 좋아요. 후속편 기대합니다,1
마이클,이 영화의 제목이 '마이클 잭슨'이나 '잭슨'이 아니라 '마이클'인 이유를 납득당했다. 너무 빨리 마이클을 떠나 보낸 팬들의 공허한 마음을 그시절의 노래와 퍼포먼스로 뜨겁게 채운다,1
마이클,"마이클잭슨....그닥좋아하진않았었는데..지금보니좋네요...인간적이고가족적인마이클. .,2편이기다려져요.",1
마이클,"재밌어요
재밌어요
재밌어요",1
마이클,마이클 잭슨의 조카가 마이클 역을 잘 연기했네요~ 마이클잭슨 팬이라면 꼭 보세요! 옛날 잭슨 파이브 시절 히트곡부터 잭슨의 솔로 히트곡들까지 나와서 좋았습니다!!,1
마이클,"세계적인 가수인지...
아버지이라는분.. 쯧쯧..
아무튼 재미있게 봣습니다.",1
마이클,"마지막 장면을보기위해 기다린시간이 아까지않네요~~
대박입니다~~!!!!",1
마이클,"기승전결이라기 보다는 스토리가 나열식에 가깝다고 느껴졌음.
여기서 끝낸다고...? 끝이 너무 뚝잘려나간 느낌.
노래를 듣는것에만 만족",0
마이클,다시 한번 더 볼 예정입니다~,1
마이클,"""King of POP"" 마이클 잭슨의 갓벽한 재연!",1
마이클,별☆☆☆콘서트 현장에서 느끼는 감동이었다. 영면하시기를.,1
마이클,마이클잭슨 너무 아까운 사람 살아있다면 좋았을걸 슬프다. 슬퍼. 재밌게보았어요. 또 다시 봐야겠다,1
마이클,재밌게봤습니다 역시 레전드. 음악이 너무좋았어오,1
마이클,시간가는줄 모르고 봤네요,1
마이클,아쉬운 점이 있었지만 잘 봤습니다,1
마이클,"첫 콘서트 실황 비됴를 봤던게 마이클 잭슨이었던 기억이 새록 새록...
뭐.. 다 담아내진 못했지만, 광팬처럼 검증까진 아니드래도 몰입도와 명곡만으로도 충분히 만족~!",1
마이클,역시 레전드 가수라 명곡들 감상하기 좋아요,1
마이클,너무너무 멋있어요,1
마이클,너무 가슴벅찬 영화였다 그의 음악을 영화관에서 듣는것만으로 감동최고였다,1
마이클,"오프닝 Wanna Be Startin' Someth
in' 음악 나올때 소름.그리고 모타운 콘서트때 Billie Jean 나오면서 또 한번 소름.Michael Jackson 선생님을 조카가 연기 했다고 하는데 큰 이질감없이 본거같다.아이맥스 화면비도 좋고 음향도",1
마이클,좋은 영화는 관객을 즐겁게 해주는 영화이다,1
마이클,"그렇게 무대에선 최고의 강렬한 영혼을 바쳤던 M.J.도 사실은 여리고 순수했던 사람이었다는 것을..., 항상 그립네요... M.J.",1
마이클,"1988년까지의 이야기만 나온다고 하니 이정도 나올줄 알았음
올해 말에 2 촬영하고 2029년에 개봉한다고 하니 그때는 파파라치와 루머들을 비롯한 여러 이야기를 풀어내고 슈퍼볼 콘서트 재연해주기를",1
마이클,좋은 영화는 관객을 즐겁게 해주는 영화이다,1
마이클,기대항 만큼 재미있게 잘 봤습니다,1
마이클,"좋긴했는데 음향이 보헤미안랩소디랑은 다르게 콘서트에서 노래는 잘안들리고 
근데 너무 미화만했네 
퀸처럼 좋은점 나쁜점 다 나올줄알았는데",1
마이클,재밌어요 만족합니다 ㅎㅎ,1
마이클,핫하 꼴좋다 MTV놈들,1
마이클,마이클 잭슨의 회고록. 80년대 미국 사회에 만연했던 인종차별과 핍박을 뚫고 당당히 MTV에 입성하는 게 인상적,1
마이클,그를 잠시라도 엿본거에 만족,1
마이클,"음악 영화는 낭만이 있다. 마이클잭슨을 잘몰랐는데, 노래가 참 좋다.",1
마이클,"전기 영화라기엔 관련 묘사가 얕고 
음악 영화라기엔 스토리가 불필요한 감정을 촉진시킴",1
마이클,영화라기보다 다큐같은 콘서트.,1
마이클,마이클 잭슨의 전기영화,1
마이클,유명한 가수의 가족들 보면서 마음이 따뜻한 내용이고 찡한영화였어요~,1
마이클,그냥 스포티파이 가서 플리 들으세요,0
마이클,"공연 보는 느낌!! 싱어롱 가자~~
자파르 잭스 진짜 노력 많이했당!!",1
마이클,마이클 영화 잘 봤습니다. 노래가 굉장히 좋습니다~,1
마이클,"마이클잭슨의 공연장에 와 있는 느낌이 들었습니다
옛날 젊은 시절에 들었던 음악을 회상하며 몸치인 나의 몸이 움직이네요
잔잔한 스토리 부분은 조금 지루한 감이 있었네요",1
마이클,보고 싶어요 마이클,1
마이클,"너무 빨리 떠난 우리의 천재, 찐팬에겐 왜곡과 삭제가 좀 있어 깊이가 얕은점이 아쉬웠을지 모르겠지만, 본인처럼 잘 몰랐던 사람들에겐 아주 좋은 소개였다고 생각",1
마이클,마이클의 명곡들을 극장에서 큰 화면과 사운드로 감상할 수 있어서 정말 좋았어요! 아이맥스로 봤더니 특히 콘서트 장면은 그냥 콘서트 현장 그 자체에 있는 기분... 무조건 특별관에서 관람하시길 추천드립니다!,1
마이클,"고증이 트린부분이나
러닝타임을 맞추기 위해
빠진부분들이 매우 많지만
그럼에도 팝의 황제님의 영화를
보지않을 순 없습니다.",1
마이클,연기 음악 완전 굿굿,1
마이클,이 영화보고 마이클 잭슨 팬 됐습니다....세상 최고의 가수.,1
마이클,팝 황제의 간략한 일대기... 가슴이 뭔가 찡하고 아리기도하고 노래는 역쉬 최고...^^,1
마이클,또 볼꺼예요.. 여운이 가시질 않아요..,1
마이클,다시 한번 OST 정주행~ 음악이 절대 80년대 감성이 아녀!!! 너무 일찍 떨어진 별…아까비,1
마이클,무조건 보세요. 특히 아이맥스로는 꼭!!!,1
마이클,잊고 있던 마이클잭슨의 명곡들을 들을수 있어 좋았다,1
마이클,마이클잭슨이 살아 돌아온 줄 역시 조카라 그런지 말투 억양 행동 하나하나 정말 디테일 하게 구현 ... 노래 나올때 마다 따라 부르며 관람하는 나의 모습,1
마이클,슈퍼스타의 완벽한 성장 스토리,1
마이클,추억노랜 좋지만 내용이 좀 아쉅네요,1
마이클,배우의 연기가 아쉽지만 극장에서 마이클의 노래를 들을수 있어서 좋았어요 좋은 음향시설이 된 상영관에서 보면 더 좋을듯 동시대에 살았어도 마이클의 아픔을 일반인인 저는 잘 알지 못했네요,1
마이클,자파 잭슨 최고!!,1
마이클,누가 최고인지 다들 알잖아?,1
마이클,Billie jean is not my lover,1
마이클,이야기의 마무리가 좀 별로긴 하지만 그 외는 다 좋음,1
마이클,레전드의 귀환을 맘껏 즐겨라!!!,1
마이클,영화여야 할 이유가 있나…??,0
마이클,"마이클의 친조카 자파잭슨 연기에 기대가 컸다 
미성의 목소리, 걸음걸이까지 흡사해 놀랐다 독보적인 마이클 잭슨의 댄스를 재현하기위해 얼마나 노력했을까 싶었다 영화 내내 명곡들이 향수를 자극해 좋았다",1
마이클,마이클 보고 싶어요ㅜ,1
마이클,"유명한 팝스타
마이클잭슨
영화로 나올줄알았어요
드라마틱한 일생을 다 담기엔 시간이 짧네요
연기가 아주 일품입니다
노래도좋아요",1
마이클,그가 살아있었으면… 새삼 그리운 시간이었네요,1
마이클,음악이 치트키군..,1
마이클,"팝의 황제, 그의 전기를 영화로 볼 수 있다는게 그저 감사할 따름!",1
마이클,영화 재미있게 잘 봤어요,1
마이클,"대부분 스토리가 어쩌구 하지만 

난 괜찮더라 

사람들마다 보는 관점이 틀리니 

물론 아쉬운점이
없다는건 아니다 

2탄이 있다는건가",1
마이클,"스크린엑스관에서 봤는데 보길 잘했네요
공연 장면이 많이 나와 더 생생하고 실감 났어요
시간 가는줄 모르게 재미 있게 봤습니다
2편이 기대되네요",1
마이클,말이 필요없네요 우와 마이클이 살아 있었으면 얼마나 좋았을까요ㅠㅠ 천재 뮤지션이었다는... 글고 너무나 외로웠고 아쉬움이 많았던 마이클.. 넘 불쌍했어요ㅠㅠ,1
마이클,"말해 뭣하나요
보시면 됩니다",1
마이클,"음악좋고 콘서트 보는것처럼 즐거웠어요 ^~^
가족이야기는 조금씁쓸하지만 잘알지못했던 부분까지
알게되고 한동안은 유튜브 찾아보고 살것같아요^--^♡♡♡",1
마이클,잘봤습니다. 끝이 끝이 아닌듯한 느낌이 들던데.. 기대하겠습니다~^^,1
마이클,생각보다 마이클 잭슨 노래를 많이 알고 있었던 나..! 초반에 스토리가 쌓여 후반엔 몰입과 감동이 터진다 둠칫둠칫,1
마이클,"감동 감동 감동
잊지못할 콘서트입니다.",1
마이클,가끔 몸을 들썩이면서 즐겁게 봤습니다.,1
마이클,빌리진을 잘 감상하였습니다,1
마이클,빌리진을 잘 감상하였습니다,1
마이클,옛 추억에 잠드네요 연기도 좋고 음악은 더 좋구요,1
마이클,재밌는거보다 노래가 좋다,1
마이클,마이클잭슨을 기억허기에는 충분한영화,1
마이클,"자파 잭슨 춤이며 연기며 너무 잘해서 깜짝 놀랐어요 표정과 목소리 제스쳐까지 완벽합니다
가장 기대했던 스릴러가 너무 짧게 지나가서 조금 아쉬웠네요",1
마이클,워낙 마이클 잭슨 노래가 좋다보니 즐겁게 봤습니다! 부모님 모시고 보면 더 좋을 것 같네요 영화관에서 보길 추천드립니당,1
마이클,그곳에선 행복하셨으면,1
마이클,진짜 잘 만들어진 영화다 ᆢ추천한다,1
마이클,"그의 음악을 듣는다는거..그것만으로도 너무너무너무 행복하다.
Gone Too Soon...",1
마이클,젊었을때 마이클잭슨을 많이 동경하고 따라하고 한 세대이기에...공감이 많이 가는....이어지는 속편을 기대하게 하네요~,1
마이클,12세 관람이라 무리한 내용 없고 콘서트를 보고 나온듯 해서 좋았어요,1
마이클,잭슨 5 시절부터 솔로 초반기까지의 시절을 잘 표현한 영화. 그러나 또 한편으로는 뭔가 너무 단편적으로만 보여준다라는 생각이 들기도 한다.,1
마이클,관람평을 남겼습니다.,1
마이클,"진짜 천재란 이런거다를 느낀 영화, 콘서트장 온 것 같이 신나고 때때로 그려지는 그의 불우한 내면 역시 가볍게나마 풀어내서 복합적인 감정이 느껴졌다",1
마이클,잭슨홀에서 잭슨 파이브 마이클잭슨 돈킹 프로모션 흉내내는 잭슨아빠,1
마이클,역시 마이글잭슨~~,1
마이클,"재미있었어요
마이클 너무 닮앗고 ㅎㅎ",1
마이클,"마이클잭슨은 정말 대단한 사람이구나 ᆢ하는 생각이 들었다
아버지의 폭력에 굴복하지 않고 포기하지않고 스스로 길을 찾아 나아가는 대단한 사람이구나 ᆢ하는 생각이 들었다",1
마이클,팝의 황제 마이클잭슨의 음악과 삶,1
마이클,개봉일 관람. 콘서트 다녀 온 기분. 슬프기도 즐겁기도 했던 두 시간. 보헤미안 랩소디처럼 다회 관람은 기본. 아이맥스로 4D로 다 봐야겠다. 조카야 참 잘했다! 역시 IMAX 좋았다.화질도 음향도굳!,1
마이클,한번 정도는 보기 좋은 영화네요~,1
마이클,재미나요 볼만 합니다.,1
마이클,"오랜만에 마이클을 직접 보는것 같아서
아주 좋았어요.",1
마이클,재미있게 봤습니다.,1
마이클,스토리는 없고 음악만 있어서 아쉬워요🥱🥱,1
마이클,차라리 다큐멘터리로 만들었음 더 감동적일듯,0
마이클,어린시절 나의 우상 마이클. 그의 감성과 천재성을 대리만족할수 있는 시간이었습니다. 콘서트와 영화를 하번에 볼수 있는 기회. 자파 잭슨이 삼촌의 스타성을 재현하기위해 얼마나 노력했을지.정말 많이 연습,1
마이클,무조건 음향이 빵빵한 곳에서 즐기셔야 해요,1
마이클,Micheal Jackson!,1
마이클,마이클잭슨 명곡뿐만 아니라 아직 몰랐던 명곡들을 큰 사운드로 느낄수있어서 좋았어요 주인공도 진짜 노력많이한거같아서 몰입됐습니다ㅠ!!!,1
마이클,"평은 뭐 그럭저럭 그런데 나는 재밌게 본 영화 있지?
그거야 그거",1
마이클,일단 스토리 없고 음악만 있는 영화. 뮤직 비디오 영화~ 퀸 영화처럼 스토리 가 없어요~ 기대하고 보았는데~,0
마이클,마이클 영화로 볼수 있어서 감동입니다. 문워크 창시자 멋있어요,1
마이클,마이클잭슨을 다시 한번 보고 싶게한 영화,1
마이클,마이클잭슨 유명세 이면에 짙은 외로움- 신나는 음악에 깔려있는 듯 슬펐다 마이클의 휴머니즘을 잘 연기한 자파잭슨 공연 잘 감상했습니다 세월이 흘러도 문위크-빌리진은 여전하다,1
마이클,2부가 기대됩니다 알지 못 했던 불우한 어린시절이 안타깝네요,1
마이클,우리 시대의 영원한 팝의 황제!! 영원불멸,1
마이클,영화는 즐겁게 봤지만 주연배우가 너무 매력없다. 마잭형님은 얇은 몸매에 큰눈인데 두꺼운 허벅지에 모여있는 작은눈이 몰입이 안된다.,1
마이클,마이클잭슨의 어린시절과 20대의 모습을 멋지게 표현을 하였습니다.,1
마이클,무색무취 키즈용 서사. 아마도 최악일 잭슨 영화.,0
마이클,음악만 듣고 마이클에 대해 부정적인 소문들이 많았는데 어느 정도 선입관이 줄어들었어요.,1
마이클,분명 신나는 무대 장면인데 왜 눈물이 나는지 모르겠어요..,1
마이클,영화 재밌게 봤어요,1
마이클,보헤미안 랩소디의 감동을 다시 한번 받을수 있는 영화.. 이런 영화는 꼭 극장에서 봐야..,1
마이클,"AI 마이클이 아닐까? 의심되는 싱크로율!
마음 아프겠지만 마이클이 떠나게될 
2부를 빨리 봤으면 합니다!",1
마이클,뭔가가 아쉽지만 즐겁게 봤음,1
마이클,갑작스레 세상을 떠난 마이클잭슨이 많이 그리웠습니다. 그의 음악은 영원합니다.,1
마이클,스트레스 풀리고 오랜만에 엉화다운 영화를 관람했어요 감동입니다,1
마이클,스토리 플롯 개연성 등의 말은 King of Pop의 음악이 들려 퍼지는 순간 뒤로 사라진다. 그의 생존 모습을 보며 자란 것이 영광이다.,1
마이클,다시 나오기 힘든 전무후무한 아티스트🦋,1
마이클,"음악과 연기, 연출 모두 잘 어우러져 재미있게 봤어요.",1
마이클,아이맥스로 잘 봤습니다,1
마이클,또보고 싶은 노래와 공연,1
마이클,유우가거악구가갹갸걱,1
마이클,입을 벌리고 문워크를 보고 있으면 다시 없을 독자성을 생각하지 않을 수 없다.,1
마이클,아버지 빌런화에만 집중하다 이도저도 다 놓친 서사,0
마이클,즐겁고 행복한 마음으로 몰입해서 잘 봤어요.,1
마이클,즐겁게봐서다시보고싶어요,1
마이클,노래도 다 아는 노래들이고 서사도 중요한것만 딱 짚어서 잘 풀어낸거같아서 재밌게 봤음 그래서 2 나오나요?,1
마이클,노래가 좋으니 어떤 영화여도 만족,1
마이클,아쉬웠어요. ㅠ 음악이 좋아요.,0
마이클,엄청난 음악들과의 조우 그리고 실화의 극화에서 오는 한계,1
마이클,"마이클의 음악은 나의 흥을 멈추지 않게 하네!
발박자 맞추다가 엔딩 크레딧 다봤어요.",1
마이클,제목에 잭슨이 빠진 것처럼 반쪽이 허전한 그럼에도 즐거운,1
마이클,마이클2 나올거임 ㅎㅎ,1
마이클,나의 마이클 잭슨이여 영원하라~,1
마이클,"조금은 지루할 수도 있는 영화
보헤미안 랩소디를 기대했다면 아쉬울 거 같아요",1
마이클,"평론가 점수 39점 / 관객 점수 97점이 이해가 갔습니다.
영화를 보고 상영관을 나올 때 저는 온전히 관객이었습니다.",1
마이클,플롯은 다소 평면적이지만 그의 음악과 자파르 잭슨의 연기를 보는 것 하나만으로도 영화관에서 볼 가치는 충분한듯! 눈과 귀가 즐거웠고 2편이 기대가 됩니다,1
마이클,Thank you for good movie~~🤩👍🏻🎬🍿,1
마이클,신나고 완벽한 명곡들을 큰 화면에서 좋은 음향으로 들었을 때 너무 감동 받아서 눈물이 났음 ㅠㅜㅠ,1
마이클,"확실히 노래가 일단 보장된 곡들이라 듣는 재미가 있었음
그룹활동 서사가 비중을 많이 차지함 
아버지 역 배우분 연기 대단함 개빡쳐서 화 참기 힘들었음
일단 나는 재밌게 봤음",1
마이클,연기 노래등 다 좋았지만 결말과 스토리 성이 아쉽네요 기대했는데..,1
마이클,개봉일 관람...다시금 음악에 빠지게 됨...80년대 나의 삶과 비교해가며...마이클 잭슨 대단했었는데... 후편이 있으려나? 더 많은 노래와 이야기가 남아 있는데 훅 끊어 당황...,1
마이클,한국에서의 1996년 마지막공연을 못 보았던 큰아쉬움을 30년후 오늘에서야 만회를했네요 ^^ 잭슨의 멋진노래와 잭슨의 내면의 갈등극복ㆍ성장과정까지도 감동적으로 다가오는 순간 !!,1
마이클,사실 나열만해도 지금보단 나을 듯. 노래와 뮤비때문에 간신히 볼만함,1
마이클,너무 좋았어요ㅜ 노래듣는것도 너무 신났지만 조카분이 마이클 잭슨 느낌을 너무 잘 살리셨고 연기랑 춤 훌륭했어👏 끝날 때 아쉬웠지만 2편기대돼요!,1
마이클,사실 배우의 연기? 재연? 이런 것이 부담스러워 연출진들의 전작인 보헤미안 랩소디를 보지 않았습니다. 마이클의 경우 역할이 부담스러운 자리였을 텐데 조카분이 훌륭하게 역할을 해내었다고 생각합니다.,1
마이클,영원한 팝의 황제 마이클잭슨. 마지막 공연 장면에 압도 당해버리다. 소름 쫘~악. 꼭 스크린X로 봐라.,1
마이클,"아주 좋았어요 
마이클 2가 나오려나요?",1
마이클,스토리가 좀 아쉽지만 8점.,1
마이클,마이클잭슨의 어린시절을 비롯한 전성기시대까지 아티스트의 역사를 보여주는 영화였던거 같습니다👍,1
마이클,"그시절 마이클잭슨을 보는거 같아서
좋았습니다.
섹시하지만 아이같았고 아이들을 좋아
했던 순수하고 착했던 마이클잭슨이
그립습니다.",1
마이클,얕지만 킬타용으로 괜찮네오,1
마이클,마이클 잭슨 !! 이런 천재들을 (휘트니 휴스턴) 우리들은 왜 이렇게 일찍 잃은걸까요 ?? 잭슨 춤도 다시보니 너무 멋지고 신나더라구요 !,1
마이클,콘서트장면에서 관객들 환호성 소리가 좀 불쾌함,1
마이클,마이클잭슨 의 자세한 바이오그라피 를 알수있어서 마이클 을 더욱 더 잘 이해할수 있게 됬습니다,1
마이클,"너무 재미있게 잘 보았습니다
감동입니다",1
마이클,"상처받은 천재, 팝의 황제의 탄생을 무대로 보여주는 능력. 단 그게 전부. 그러나 무대는 꼭 한번 이상 봐도 아깝지 않을 명작",1
마이클,영화를 엄청좋아해 자주 즐겨 보는데요 일생일대의 최고의 영화였습니다 역시 마이클은 영웅이예요,1
마이클,"왜 팝의 황제라고 불리는지 알 거 같다.스타성,퍼포먼스,인간미 모든 걸 다 갖춘 마잭은 진짜 시대의 아이콘이다.스토리가 별로면 어때 마잭의 퍼포먼스로 모든 걸 다 집어 삼키는데 마지막까찌 일어날 수 없었다",1
마이클,ㅓㄹ켝ㅋ74녓턓턋ㅕㅅㅌ8ㅇ58ㄹ9,1
마이클,스토리에 아버지가 너무 자주나와,1
마이클,"재미있게잘봤어요~
기대이상이에요~",1
마이클,마이클 잭슨의 이름은 엄청 많이 들었지만 전성기를 직접 겪어보지 못한 직후 세대로서 당시 역사를 스크린으로 보는 게 흥미로웠고 노래는 지금 들어도 좋다,1
마이클,"아쉬운부분이 음악으로 모든걸 승화시켰다!!!
천호cgv음향세팅이 그지같아서 몰입감을
버려놨네..신경좀써줘야지 티켓값도 있는데
이러면 고객들이 오겠어?",1
마이클,잭슨 음악 감상 잘 했어요,1
마이클,"잼있게 봤습니다.
하지만 마이클 노래 빼면 영화로서는 별로에요.
아버지의 학대 집착, 가족은 방관 -> 공연
이거 반복입니다.
마이클의 노래 만드는거랑 문워크 만든 그런 이야기를 더 넣었으면 어땠을지 아쉬움.",1
마이클,"싱크로율도 괜찮고, 배우들의 노력이 돋보이는 영화였어요. 무엇보다 워낙 마이클잭슨 명곡이 많으니, 음악 듣는 재미가 있는 영화네요. 생각보다 잔잔해서(?) 후반부에 살짝 졸기도 했네요.",1
마이클,마이클 잭슨의 멋진 음악만으로도 충분한 영화였다,1
마이클,"워낙 마이클 잭슨을 좋아하니까~
그냥 다 무조건 좋아요 👍 👍 👍 👍 👍 👍 👍",1
마이클,노래만 들어도 감동이에요. 속편은 더 재밌게 만들것같아요 .,1
마이클,무대 장면 좋았어요!,1
마이클,마이클의 순수한 영혼과 최고의 무대,1
마이클,위대한 인물을 다소 평면적이고 평범하게 다가갔던 것 같다,1
마이클,돌비로 보세요 사운드 미쳤어요 귀호강 했습니다아ㅏㅏ,1
마이클,2편이 기대되는 쇼머스트 고,1
마이클,내용은 평이하지만 마잭 노래들이 주는 흥미가 엄청났다,1
마이클,MJ를 좋아한 적이 1도 없음에도 이 영화는 또 보고 싶음,1
마이클,"보헤미안 랩소디의 완성도를 다시금 실감합니다.
마이클 감상평 (""소문난 잔치에 먹을 것이 없다."")",1
마이클,정말 너무 재밌게 봤습니다,1
마이클,마이클의 노래를 영화관에서 들을 수 있다는 게..! beat it 연출도 훌룡했다. 너무 아버지의 비중이 큰 것 같아 아쉬웠다. 마이클의 삶을 꿰뚫어 보는 영화라기 보단 노래와 무대 위주로 즐기면 좋을 영화,1
마이클,너무 재밌습니다!!,1
마이클,뜨거운 스크린 과 그렇지 않은 관객석. 팬심을 압도하는 허술한 연출. 유튜브로 보자.,0
마이클,간만에 신나게 음악과 영상에 취하다 그를 그리워하며...,1
마이클,마이클 아빠 별루다.어린시절 슬프다.,1
마이클,아버지를 빌런으로 마이클 잭슨의 정점까지만 다룬 반쪽짜리 전기 영화. 사실 최대 빌런은 언론과 대중이었던 그의 사랑과 오해와 슬픔은 빠져있는 음악 영화. 그러나 그를 사랑하지 않을 수 없게 만든다.,1
마이클,노래나올때는 좋지만 이유가 있겟지만 스토리는 약한듯,1
마이클,그의 인생을 담기에 2시간은 너무 짧다,1
마이클,노래가 많이 나오긴 한데 영화로선 아쉽네요,1
마이클,스토리의 아쉬움을 날려버리는 음악과 퍼포먼스,1
마이클,신날 수 밖에 없는 영화! 마이클 인생 잘 모르지만 재밌었다,1
마이클,황제의 시간을 담기엔 모자랐다,1
마이클,왜 이야기를 하다 말어?,1
마이클,팝의 황제!! 아쉬운 스토리 전개를 지워버리는 미친 무대와 카리스마,1
마이클,진짜 나도 모르게 리듬을 타고 노래 가사를 따라부르게 되는 그런 마법이…) 최고입니다정말루꼭보세요안보면손해임,1
마이클,"더 재미있고 감동적으로 만들수도 있었을 거 같은데, 솔로 커리어 전에 모타운에서 다이아나 로스와의 에피소드, 퀸시 존스와 첫번째 만남 이었던 영화 위즈 촬영 에피소드 등등을 넣었다면 더 재미있었을 듯",1
마이클,빌리진 발미끄러지는거 목돌리는거 댄스 독특하고 대단함 연습엄청나게 해야하는경지 인정 팝황제,1
마이클,2편이 기다려집니다,1
마이클,"예전 내한공연이 재현된 듯한 느낌과 감동을 받음. 
특히 마지막 곡은 예전공연 때 강력한 음으로 인한 의자의 진동과 음에 몸이 튕기는듯한 느낌을 똑같이 받아 너무 좋았음. 
안보면 후회함~~^",1
마이클,잭슨의 노래와 춤은 역쉬 👍,1
마이클,아이맥스보다 스크린X 돌비ATMOS 추천!!,1
마이클,가족의 의미가 어떤지를 보게되었네요,1
마이클,재밌고 노래가 좋음,1
마이클,마잭 노래 진짜… 최고임 다만 위인전 영화 같다는 느낌을 지울 수 없었다,1
마이클,보헤미안 렙소디를 기대하고 가면 좀 아쉽네요,1
마이클,"가사를 몰라도 몸이 반응하는 그 시절 그 노래.
우리에게 김광석이 있다면 전 세계엔 마이클이 있었지.",1
마이클,"영화 시작부터 뭔가 뭉클함이 있었어요. 
보면서 2시간에 이걸 할수가 있나?? 했더니 역시. 
너무너무촤고였음. 귀호강. 눈호강!!!",1
마이클,This movie could've been better,0
마이클,"처음으로 모든 평점 첵크했을정도로 마이클의 추억을 다시 꺼내볼 수 있었고 , 그의 인성과 생활을 볼 수 있어 좋았음
한편의 인생 콘서트!!!",1
마이클,명곡은 명곡입니다 사운드가 중요해요,1
마이클,재능과 노력의 최상급을 음악으로 들려주고 보여준 유일무이한 인간,1
마이클,영화보고 난 후 마이클잭슨 노래를 다시 듣고있어요!!!,1
마이클,스토리는 조항 때문에 어쩔수없다치고 다른건 최고였음,1
마이클,마이클 영화 재미있게 잘 봤어요.익숙한 노래도 좋았어요,1
마이클,마지막 홀로서기하는 장면 사이다였어요,1
마이클,그럭저럭 잘 봤습니다!,1
마이클,빌리진 노래만 알고 갔었는데도 재밌게 잘 봤어요,1
마이클,"스토리가 좀 빈약한들 어떠한가…
마이클잭슨의 무대를 대형스크린+웅장한 사운드로
완벽 재현한 것 만으로도 극장에 올 충분한 가치가 있다.
자파잭슨의 싱크로는 상상이상으로 괜찮았음.",1
마이클,마이클 잭슨님을 생각하면 마음이 너무 아프다.연기한 조카가 열심히 연기해냈다.이 영화에 대해서 이런저런 말은 많지만 그의 음악을 극장에서 들을수 있는것만으로도 나는 좋았다,1
마이클,마이클이 멋진 ~보고 싶은 영화였던,1
마이클,"마이클잭슨 조카가 정말 열연했네요
음악은 지금 들어도 최고 좋고요",1
마이클,왠지 2편이 있어야 될 것 같은 느낌인데 그래도 음악이 좋았습니다. 재미있게 잘 봤습니다,1
마이클,MJ와 함께 살아온 세대로서 눈물이,1
마이클,그 시대에 함께해줘 고맙다 마이클~~!!,1
마이클,"마이클잭슨을 너무좋아 했는데
바쁜일상을지나고보니
음악들을시간이없었네요
노력없는결과는없는듯해요",1
마이클,부친 횡포에서 벗어난 성장기가 주요 플롯이자 떡잎부터 팝의 황제였던 이의 스크린 복원작! 다음 편은 언제?,1
마이클,"팝의황제 역시 마이클잭슨
꼭 IMAX관에서 보시길",1
마이클,너무재미잇게봤습니다구웃,1
마이클,"마이클 콘서트에 온 느낌..
마이클 큰형 아들이 얼마나 노력했는지 알 수 있었어요",1
마이클,팝의 황제 마이클 잭슨의 어린 시절을 보며 인간미가 돋고임,1
마이클,저는.... 자꾸 보헤미안 랩소디와 비교 해요. 마이클 잭슨 공연 녹화 영상과 뮤비를 이어 봤어도 좋았겠다 싶어요.,1
마이클,마이클 영화 너무 좋았어요 또 볼꺼에요!,1
마이클,"마이클 연기하신 조카분 대단합니다.
영상미도 좋고 스릴러 뮤비 여주하고
기타리스트 제니퍼베튼 완전 똑같아서 놀람",1
마이클,저는 재밌게.봤어요. 보헤미안랩소디만큼요.강추,1
마이클,다시금 소환된 마이클잭슨의 비하인드스토리를 재밌게 그리고 안타깝게 볼수있었네요,1
마이클,"스토리는 아쉬운 점이 있지만 음악도 좋고 신나요
마이클잭슨 그립네요",1
마이클,"좀더 마이클의 인생을 들여다 보고 싶었는데 조금 아쉽지만 얼굴의 변천사? 디테일 했어
노래를 들으며 흥겨웠다",1
마이클,"마이클의 어린 시절도 노래도 알게 되고
회상할 수 있어서 잘 봤습니다",1
마이클,그가 살아있다면 얼마나 좋을까.,1
마이클,최고의.영화네요.잘밧섬니다,1
마이클,그런대로 볼 만 했어요,1
마이클,다시금 마이클잭슨이 얼마나 유능한 아티스트였는지 알게되었네요~~ 음악과 함께 유쾌하게 볼 수있는 영화~,1
마이클,전혀 몰랐던 잭슨가의 아픈 이야기 속에서도 순순한 마음을 영위한 마이클을 만나보시기 바랍니다,1
마이클,뭐여~맛있게 밥 잘 묵고있는디 숟가락을 가져가버리네...,1
마이클,"역사는 빼고 영화로 본다면 마이클의 인생이 안타깝네요
최고의 자리에 오른자 그럼에도 약한 모습도 공존하는자 누구나 그런 모습이 있으니까요",1
마이클,마이클잭슨의 팬이되었어요 !!!!,1
마이클,그의 음악이 좋았고 그 무대가 좋았고 그를 나도 모르게 퍽 그리워했기 때문에 많은 것들이 용서되는 작품이었다.,1
마이클,마이클 잭슨은 전설이다.,1
마이클,겉만 다룬느낌이라 아쉬웠지만 안지루함,1
마이클,어린시절 마이클이 넘 불쌍했어요. 스토리가 죽는 데까지 안 가서 좋았어요,1
마이클,마이클잭슨 보고싶네요. 영원한 음악 천재~,1
마이클,나름볼만합니다요 ㅡ,1
마이클,영화적인 만듦새는 차치하고 대형 스크린으로 어릴적 좋아했던 마이클 잭슨 음악들을 들을수 있어서 좋았습니다,1
마이클,마이클잭슨이 살아 돌아온것 같은 착각을 일으킬 정도로 싱크로율이 퍼펙트해서 140분이 어떻게 지나갔는지 모를 정도로 환상적인 영화였습니다. 너무 재미있게 잘 봤습니다...👍👍👍👍👍,1
마이클,마이클의 일대기는 영화가 아니라 넷플로 풀었어야했다. 보헤미안랩소디 그때 그 감동 기대하고 본다면 실망이 클수도 있음,0
마이클,그의 인생 서사보다는 음악에 포커스를 둔 전기 영화. 실제 마이클과 똑같지 않다고 뭐라 하는 사람은 없겠지? 영화를 계속 보는 동안 그가 살아오는 듯한 벅참을 느끼게 된다,1
마이클,마이클 잭슨의 음악적 일대기를 볼 수 있어서 너무 좋았다,1
마이클,"음악도 좋고 연기를 다들 잘하시네요
다시 볼수 없지만 영화로 그의 인생을 조금이나마 알게 되었습니다.",1
마이클,그는 전설이다.감동 그자체,1
마이클,전체적으로 스토리 전개가 산만하여 아쉽지만 마이클 대역인 자파 잭슨의 연기는 좋았습니다. I'll be there 노래 부를땐 가슴이 뭉클하네요.,1
마이클,"마이클 잭슨의 어린 시절보면서 참 속상하더라구요

정말 천재였구나 싶은 생각도 들고~~

개인적으로 저는 영화 좋았어요 : )",1
마이클,좀 아쉽네요. 러닝타임 3시간씩 해서 90년대 이야기도 들려줬으면 하는. 언제 또 후속이 나올런지,1
마이클,기대 1도없이 봤는데.. 너무 좋았어요^^,1
마이클,주옥같은 노래들을 들을 수 있어 좋았어요,1
마이클,주옥같은 노래들을 들을 수 있어 좋았어요,1
마이클,마이클을 위한 영화가 아니었다. 팬들은 싫어할 영화.,0
마이클,"좋았어요...,..",1
마이클,유일무이 마이클 잭슨 너무 그립네요~고인의 명복을 빕니다~,1
마이클,오랜 팬으로서 즐거움과 아쉬움이,1
마이클,별기대 안하고 봤는데 뭉클하네요,1
마이클,잘 봤습니다. 화려함 속에 숨겨진 이야기들이 있네요~,1
마이클,"지금 아이돌 춤은 저 시대 마이클잭슨이 원조인것 같아요.
음악과 무대를 사랑하고, 무대 위에서 대중과 소통한 아티스트. 가족을 사랑하고 가족을 위해 희생도 마다하지 않은 마이클잭슨. 1980년대 최고의 가수",1
마이클,애뜻하고감동적입니다,1
마이클,"빈 좌석이 많아서 실망하면 어쩌나 했는데 최고였어요
큰 사운드와 익숙한 노래, 화려한 퍼포먼스까지,,,,보는 내내 너무 신나고 가족과의 스토리도 지루하지 않게 잘 끌어낸 괜찮은 영화였어요",1
마이클,연기도 음악도 다 좋았는데 찐 MJ팬이라면 알거에요 아무리 조카라도 많이 아쉽다는걸….그의 아우라는 따라 잡을수 없지요…,1
마이클,"추억소환 오랜만에 그에 음악에 
흠뻑 빠졌던시간~♡♡",1
마이클,오랫만이에요. 마이클. 반가웠어요.,1
마이클,시간 가는줄 모르고 완전 몰입해서 음악에도 취하고 들썩이며 봤는데 갑자기 끝나서 당황. 2편이 빨리 나오기는 하려나. 마이클잭슨 이야기를 한편에 담기는 힘들었나 봅니다. 잭슨 아역도 굉장히 인상깊었어요.,1
마이클,노래가 너무 좋아서 영화관에서 집오는 길에 계속 흥얼거렸네요,1
마이클,영화 재미있게 잘 봤어요.,1
마이클,"진행이 다소 밋밋한 느낌은 있었으나, MJ곡이 나오는 것만으로도 즐거웠던 영화!",1
마이클,결말을 알기에 더욱 가슴 시리게 장면 하나하나를 꾹꾹 담아보게 되네요 꼭 스크린엑스에서 보세요,1
마이클,배우와 연기가 아쉽지만 문워크는 못 참지,1
마이클,마이클 잭슨의 음악이 다 살렸다,0
마이클,아 이건 아니지..기대한 내가 바보. 영화에 관대한 나에게 연출도 스토리도 모두 다 똥망,1
마이클,너무 재미있어요 마이클잭슨이 살아온듯 해요 또 볼거예요,1
마이클,"마이클 조던 마이클 잭슨
아이콘",1
마이클,감히 MJ에 관한 영화를 평가할수있을까. 그의 음악과 춤을 즐기면서도 그저 줄곧 안타까움과 안쓰러움에서 벗어날 수 없는 두 시간. 시간을 돌이킬 수만 있다면!,1
마이클,생각했던 스토리랑은 달랐지만 사운드 빵빵하게 명곡을 다시 한번 들을 수 있어서 좋았어요.,1
마이클,"나의 우상, 유년 시절의 마이클과 마주할 수 있었던 소중한 시간!",1
마이클,오랜만에 너무 재밌는 영화입니다여,1
마이클,영화가 너무 지루했다,0
마이클,"보다만
느낌……. 이것도 스포인가. 2부가있네. 헐. 세상에 이런가수가 또 나올수있을까???",1
마이클,"다음편도 얼른 제작됐으면 좋겠어요
마이클잭슨은 죽지 않았어야해~
아까운 가수!!!",1
마이클,마이클 잭슨의 삶과 무대를 용아맥으로 보니까 너무 몰입되고 즐거웠음 그런데 흥이 막 올랐는데 뚝 끊겨서 아쉬웠음,1
마이클,"팝의 황제 마이클 잭슨, 그는 영원한 팝의 아이콘이네요~~",1
마이클,"사랑과 평화를 사랑했던 전세계의 팝의 황제!
지금은 아직도 팝의 황제인 “마이클 잭슨” 너무나 그립습니다!",1
마이클,스토리 서사가 나열식이라 몰입감은 들지 않았고 약간 지루했음. 하지만 노래와 연기는 좋음. 급하게 엔딩내린 느낌이라 아쉬움,1
마이클,영화 여러번 봐도 좋았습니다,1
마이클,마이클 음악과 연기 몰입감 기대한만큼 입니다 2편 이어지는건 몰랐네요,1
마이클,"마이클 노래를 다시 듣고
그당시 재연한 영화 스토리
빌리진 듣고 흥겨운 춤에 매료 되었어요.
2편 기대합니다.~",1
마이클,마이클 잭슨의 서사인줄 알고 봤는데 완전 그냥 뮤지컬이더라구요 근데도 재밌게 잘봤습니다,1
마이클,너무 재미있게봤습니다,1
마이클,마이클잭슨이 너무보고싶습니다 감동적이네요♡♡,1
마이클,마이클 봤어요 .기대가 너무 컸는듯 ㅎ 하지만 마이클 잭슨의 음악 자체만으로도 나름 의미 있었음 ㅎㅎ,1
마이클,기대보다는볼만합니다,1
마이클,"밥 딜런 전기영화 수준이 아니라 그냥 마잭 팬만 보면 될 듯 
다룰 거면 다 다뤄야지 논란될 내용(?)은 다 빼고 만들어서 이도저도 아닌 게 됨",1
마이클,마이클을 사랑하는 마음 하나면 충분한,1
마이클,그의 화려한 외모에 가려져 알지못했던 순수한 영혼과 천재성을 알게되었어요. 영원히 빛나기위해 이리도 빨리 데려가셨나요.. 따뜻한 마이클 ㅠㅠ,1
마이클,감동과 보고 듣는재미까지 최고였습니다 !,1
마이클,"돌비에스모드로 마이클잭슨에 빌리진을 들을수 
있어서 너무좋았어요 사랑하는 친구와같이 볼수있어서 더좋았구요",1
마이클,배우의 노력이 어느정도 였을지.. 너무 집중하며 보았고 시간이 훌쩍 지나갔어요,1
마이클,마이클의 어릴때 역할로 나온 아역배우가 너무 매력적이네요,1
마이클,정말 잘 보았네요!(^_^)v(^_^)v(^_^)v,1
마이클,"2편이 나오겠네요
어렸을 때부터외롭게 살았던 꼬마의 이야기..",1
마이클,"우와 !!! 최고!!!
마이클잭슨이란 가수를 다시 보게 된 영화!!
맑고 깨끗한 영혼을 가진 사람.
그런 멋진 사람들은 왜 그렇게 일찍 가는걸까??
보랩 감독이라 공연때 실제외 오버랩을 살짝 기대했는데…
강추!!!",1
마이클,초반 어릴적 혼자 주방에서 웅크리고 울때 마지막 죽기전까지 그의 생애 같아서 가슴이 찢어지고 눈물이 남 반 고흐와 별 다를 바 없는 고독한 천재의 처절한 삶 그리고 불멸의 예술 그곳에서 평안하길,1
마이클,마이클 잭슨의 부활!!!,1
마이클,오랜만에 잭슨 노래들으니 너무좋았고 감동적이에요 빨리 2편도 보고싶어요,1
마이클,영화 잘 봤어요 다음편 기대되네요,1
마이클,음악만 들어도 좋습니다 아역배우의 연기가 좋았어요 :),1
마이클,몰입감 최고요 !!,1
마이클,마이클 전기 영화 아주 몰입감 있게 잘봤습니다. 결말도 완전 완벽하게 끝나서 좋았고 음악도 쉴틈없이 불러서 신났습니다,1
마이클,마이클 그는 위대했다,1
마이클,"마이클 주인공 역할의 연기 👍 
잠시나마 그 시대에 음악여행을 다녀온 느낌입니다",1
마이클,기대했던 영화 역시 재미나게 잘봤어요.,1
마이클,이제 막 신나는데 끝이라니 ㅠㅠ,1
마이클,"노래가 일단 다 명곡들이라 너무 좋네요
자파잭슨 연기 춤 노래 완벽합니다 ! 
또 보고 싶어요
2편 기대됩니다 ^^",1
마이클,2편을 기대하겠습니다.,1
마이클,살아있는 전설을 잘 연기했네요 최고 최고,1
마이클,엔딩 크레딧에 관객들이 일어나지 않은 영화는 근래 유일하다. 마이클의 성장 그리고 홀로서기 딱! 좋아!,1
마이클,스토리는 별로이고 마이클 잭슨의 라이브 무대를 재현하기 위한 영화네요. 빠진 명곡들이 많아서 아쉽기도 하구요.,1
마이클,"배우분이 연기를 잘한다는 생각을 했다..춤도 잘 추시더라..
재연을 잘하기 위해서 노력을 한 것 같다..어릴적부터 얼마나 어린 친구들과 놀고 싶었을까..마이클 연기 최선을 다한 것 같다..",1
마이클,영화가 너무 급하게 끝난 것 같긴한데 노래들이 다 좋았어요,1
마이클,"서사는 부족.
마이클 잭슨의 명곡들은 언제나 좋음.",0
마이클,"나오지 말았어야 했음.
씹다가 만 껌 같은 느낌",0
마이클,마이클 잭슨의 춤과 눈빛을 완벽하게 재현한 배우 연기가 볼만합니다. 재밌게 잘 봤네요.,1
마이클,명곡 탄생 일화를 퍼포먼스와 함께 감상할 수 있어 좋았어요 아쉬운 점은 늘어지는 부분이 있고 후반부 무대씬에서는 불빛이 너무 번쩍거려서 눈이 부셨네요,1
마이클,음...많이 기대했는데 별로였어요.,0
마이클,"스토리
다 알고 있어서 기대안하고
그저 마이클이 보고싶어 관람하러왔었는데
진짜
마이클이 살아있는것 듯 해서
좋았어요

천재를 잃어 또 다시
안타깝고 보고싶어요",1
마이클,낳는다고 다 좋은 부모가 되는건 아니다.,1
마이클,"마이클~~~
이거 시즌2 나오나요ㅜㅜ
영화 평가가 무슨 의미가 있나…마이클~~~
느무느무 좋다!",1
마이클,마이클잭슨을 다시 볼 수 없다는 게 너무 슬프다ㅠㅠ,1
마이클,기억이 새록새록. 마치 마이클잭슨이 환생한듯한 미친 연기와 연출력에 감탄함. 마지막 BAD 공연은 압권이었음.,1
마이클,멀리서 보면 희극 가까이서 보면 비극,1
마이클,마이클잭슨 그리운 노래 춤 너무 멋졌어요 또 보러갈게에요,1
마이클,"예고편 보고 ? 했는데
마이클이 살아 돌아온듯 
제스처, 노래부를때 표정, 춤선
팁을 주자면
벌거벗은 세계사, 사기꾼들 마이클 잭스편
먼저 보고 관람하면 
노래의 의미가 더 다가옴
대스타이자 순수했던 마이클",1
마이클,"마이클 잭슨 노래는 너무나 유명했지요.
그때 그시절을 느끼면서ㅋㅋㅋ",1
마이클,MJ의 노래를 듣고 보는것만으로도 충분히 가치있음. 천재성을 새삼 확인하게 되었음 자파잭슨 연기도 훌륭함,1
마이클,마이클 천사가 되었나요? 아니면 그곳에서 아직도 지구에 있을때처럼 힘든가요? 보면서 내내 불편하고 또 당신의 위대함과 따스함과 다정함과 상냥함을 생각했어요.,1
마이클,마이클 잭슨 리부팅 시즌 1 느낌. 마이클 잭슨이 전설인 걸 알지만 당대를 겪어보진 못해서 아는 바가 많진 않았는데 잭슨 투어 직접 보고 온 기분이다.,1
마이클,"조카가 너무 똑같애요
명곡잔치",1
마이클,고인의 밝고 전성기 때의 이야기만으로 시청자로 하여금 긍정적인 느낌을 주는 영화.,1
마이클,전기영화라기엔 공연장면만 기억나는 영화,1
마이클,신의 길을 향한 그의 홀로서기 도전,1
마이클,"빠르게 떠난다, 모든 천재들은.. 그렇게 또 한 명의 인재를 잃고 나서야 알게 된다 항상 그러하듯",1
마이클,기대이하였음. 마이클 잭슨의 매력을 절반도 살리지 못한 영화.,0
마이클,재미나요 볼만 합니다.,1
마이클,마이클 잭슨의 무대를 볼 수 있디는 것 만으로도!,1
마이클,"아쉬움이많이남지만
극장에서볼수있었다는것만으로도
가치가있다고생각합니다.
(근데스트레스리스관은어플에서예매하면서특전을안주는건왜일까나요^^;; 따로분리를시켜버리는...)",1
마이클,"ㅠㅠ착한사람 사실 마이클잭슨 자세히몰랐는데 
보는내내 그냥 뭔가 짠했다",1
마이클,"보는 내내 눈물이 났다.
이런 아티스트를 더 이상 볼수 없다는 사실이 너무 슬펐다.
음악만으로 충분히 멋진 영화~
2편은 언제 나올지....
아마 조만간 다시 한번 이 감동을 느끼러 올 것 같다",1
마이클,재밌당 또 보고싶네 근데 마지막이 똥싸다 끊긴느낌이네,1
마이클,"아주 몰입해서 봤어요 애들도 꼭 보여주고싶은 영화네요 
아직까지 여운이 남아요. 영화제작의도와 같은 시선으로 보자하고 관람했는데 저에게는 모든 장면장면이 의미가 있었습니다. 놓친부분 다시 보고 싶음",1
마이클,"마이클 잭슨콘서트
멋짐 그립습니다..",1
마이클,"전설이된 팝의 황제 마이클 잭슨, 그 화려하고 찬란하고 시작!!!",1
마이클,멋진 마이클 잭슨의 노래를 들으면서 영화 재미있게 잘 봤어요. 노래들의 가사가 마이클의 마음을 대변하는 듯한 느낌.,1
마이클,"재밌게 잘 봤습니다!~?*....
M-22",1
마이클,"재미있게 보고 왔어요~~
마음이 찡~~좀 슬프기도하고....",1
마이클,노래좋고 무대 화려함. 배우 연기도 좋음. 마무리는 아쉬웠음,1
마이클,MJ의 삶에 대해 더 심도깊게 다뤘어야 했다. 아티스트 사후까지 그를 돈벌이로 이용하지 않기를… 음악은 말해 뭐해ㅠ 실제 조카의 연기는 나쁘지 않았으나 그의 실제 영상들로 채워졌다면 더 좋았을 것!,1
마이클,와우 홀리 ! 갓 뮤직!,1
마이클,음악도 스토리도 좋았습니다,1
마이클,마이클 영화 잘 관람하였습니다.,1
마이클,음악이 풍부하게 들어가있어서 공연보고 나온듯 함. 즐거웠다. 특히 배우 싱크로율이 높아서 마잭을 보는듯한 그리운 느낌도 들었음. 연기력은 모르겠지만 춤 잘 추고 싱크로율 높아서 대만족.,1
마이클,"대박 마이클 잭슨이 환생 한 줄 알았네요
섬세한 연기와 호흡이 좋았어요
키작은 마이클잭슨이지만 필은 충만 했어요~^^",1
마이클,월드 투어에 실제로 가 있는 듯한 현장감. 그는 아직까지도 팝의 황제다.,1
마이클,영화 자체는 나쁘지는 않은데 약간 갈등 이런건 적어서 재미는 덜 할 수 있고 무엇보다 엔딩이 갑작스럽게 끝나서 아쉬운건 있음,1
마이클,2편이 나올라고 이렇게 끝낸건가?,1
마이클,와~~ 진짜진짜 재미있어요 음악도 너무멋지고 마이클잭슨의 인성도 좋고 감동 그자체~~,1
마이클,"몰입감 최고다. 하마터면 박수치면서 소리지를 뻔! 
다음 이야기가 나왔으면 하는 생각을 해본다. 아니, 나와야할 것만 같다.",1
마이클,"세계적인 팝 황제 잭슨을 보면서 옛 추억이 되살아나고. 감회가 새로웠어요
과거의 추억이 소환되면서 감동이 복받쳐 옴을 억누르며 감상하기도 했어요
마이클의 안타까운 사망이 조명되는 순간이기도 했어요",1
마이클,너도 알고 있잖아 내가 최고라는 거. 마이클 잭슨,1
마이클,마이클 잭슨 노래의 역사와 음악을 통해 배웠다,1
마이클,BAD 공연 장면 정말 끝내준다. 영화가 끝나고 엔딩 크레디트 다 보고도 일어나고 싶지 않았다.,1
마이클,"잘 몰랐던 마이클의 어린 시절과 개인사를 알게 되면서 연민이 생겼고, 신나는 명곡과 멋진 퍼포먼스를 볼 수 있어서 즐거웠습니다. 2편도 기대가 되네요~!",1
마이클,그립읍니다. 마형ㅠㅠ,1
마이클,"내가 뭘 알겠냐만은...진짜 잘만들었단 생각이 
너무 재미있게 봤다",1
마이클,"재밌게 잘봤습니다
마이클잭슨 그의 무대는 전설!!",1
마이클,Beat it🐵🐵🐵🐵🐵🐵,1
마이클,마이클은 착한 사람이다,1
마이클,마이클 ㅡㅡ이영화는 무조건 무조건 아이맥스로 봐야함 ~~ 가슴이 뭉클 ~ 울컥 함 ~,1
마이클,"King Of Pop 마이클!
이런 가수는 다시는 없을거예요.!",1
마이클,"마이클잭슨 보고싶네 😢 
플레이리스트로 종종 만나봐야겠다
2편 언제나와~~~",1
마이클,정말 재미있었습니다 2편 기대됩니다,1
마이클,'앨비스 프레슬리' 영화 하고는 다르게 좋은면만 보여줬네요.. 앨비스는 나쁜면 까지 보여줘서 조금 아쉬웠는데..;;,1
마이클,영화 재미있게 잘 봤습니다,1
마이클,콘서트를 다녀 온듯한 기분이 듭니다^^,1
마이클,"마이클 잭슨 감동적입니다. 
친구와 함께 다시 한번 더 보려고 합니다. ^^",1
마이클,중간 중간 진짜 마이클잭슨이 보였어요 벌써 2번째 보는중,1
마이클,"영화 한참 잘 보고 있는데, 갑자기 끝났다..
엄마가 와서 티비 끄고 공부하라고 하는 기분이다..
뭐지? 이 찝찝한 느낌..
PART 2 나오냐?ㅡㅡ
나와야 할것이다!!",1
마이클,뭔가 내용상으로 좀 아쉽다는 느낌이 있었음. OST는 확실히 좋았음.,1
마이클,팝의 황제~ 마이클 잭슨 포에버~♡♡♡,1
마이클,"팝의 황제 마 이 클 
변치 않는 진실",1
마이클,"마이클 잭슨 콘서트
잘보고 왔습니다",1
마이클,마이클 전설을 스크린으로 봤다~~살아있다면ㅜㅜ,1
마이클,팝의 황제 : 그때 그 시절로 돌아가 행복한 시간을 추억할 수 있게 해준다,1
마이클,최고의 음악 영화. 마이클은 영원하다,1
마이클,^^굿~~기대.이상이네용~ㅋㅋ캐스팅.배운분~정말.멋졌구~감동.이였습니당~ㅋㅋ(쿠키영상~없습니다~ㅋ))^^,1
마이클,슬픈 마이클의 어린시절 ..슬프지만 그는 강햇다,1
마이클,팬으로서 ㅊㅊ함 자파가 삼촌 마이클을 정말 너무 표현 잘했음 ㅠㅠ 거기다 왜 음원을 빅보이 잭슨5 잭슨즈 off the wall시절으루썼는지도 백퍼 공감 . 마이클 king of pop!!!,1
마이클,"보는 관객이 좋아하면 좋은영화.
평론가들이 뭐라하든",1
마이클,마이클잭슨을 담기에는 영화가 좁다.,0
마이클,재밌긴 했지만 콘서트 영화 보는 줄 앎,1
마이클,콘서트장에 공연 보는 기분처럼 느껴져서 좋았어요,1
마이클,마이클 잭슨 잘 모르는데 그래도 흥미롭게 잘 봤습니다 2편 기다려야 하는건 별로네요,1
마이클,08이라 마이클잭슨이 활동할 때 보지는 못했지만 충분히 그 때가 느껴질 정도의 영화,1
마이클,"레전드 영화네요 
스크린엑스나 아이맥스로 꼭 봐야함",1
마이클,잘봤어요 추억소환.,1
마이클,잘봤어요 추억소환.,1
마이클,알고 있는 내용이지만 너무 일찍 갔어,1
마이클,"평론가평점 낮은게 속상하네요. 연기도 너무 좋았고, 올해 본 영화들 중 단연코 최고였어요!! 보는내내 넘 좋아서 헛웃음이..",1
마이클,"기대했던만큼 재밌었어요!
배우들 연기도 대단했고
레전드 곡들 다시들을 수 있어서 좋았어요!",1
마이클,아 빌리진~ 낫 마 러버~~,1
마이클,마이클 잭슨은 살아있다,1
마이클,마이클잭슨에대해 알게된 영화,1
마이클,마이클잭슨 너무 재미있어요 2편 기대,1
마이클,두번보니 배우가 춤이 좀 부족한게 보이네.. 마이클은 돌비에서 보시길~ 사운드가 확연히 다름~,1
마이클,정말 신나고 감동 받았어요,1
마이클,아빠역 얄밉게 연기 잘함... 뒷세대에도 볼 수 있도록 영화 만들어주셔서 감사..! 스릴러 뮤비씬이랑 마지막에 콘서트씬 IMAX로 보니 진짜 가슴뛰고 좋았어요!!,1
마이클,한번더봐도 지루하지 않은 마이클,1
마이클,"어릴 때부터 좋아했던 마이클 잭슨 잊고 지내다가 
영화로 다시 그의 음악을 들을 수 있어서 좋았습니다.
힐링 그 자체..",1
마이클,너무 일찍 사라진 별에 대한 그리움이 상기되는 순간.,1
마이클,여윽시 마이클 잭슨 형님,1
마이클,잘봤습니다 잘봤습니다,1
마이클,자파잭슨 점점 마이클잭슨화 되어가는모습이 감동이네요 공연장면이 적어서 아쉽긴했지만 춤과 표정 노래 완벽하네요 주인공이 정말 노력한게 보이네요,1
마이클,마이클은 그냥 힐링 그 자체 마이클 잭슨의 명곡들을 다시 들을 수 있어서 좋았음,1
마이클,팝 황제의 화려함에 과하게 치중한 나머지 ‘인간’ 마이클을 다루지 못한것이 이 영화의 치명적인 결점.,0
마이클,마이클 그럭저럭 볼만한 영화^^,1
마이클,즐거운 영화였습니다ㅎㅎㅎ,1
마이클,용산IMAX👍 싱크로율 장난아니네.. 살짝 아쉬운 댄스,1
마이클,이렇게 해서라도 ‘마이클 잭슨’ 의 무대를 큰 스크린으로 봤다는 것만으로도 너무 만족합니다😊✌️,1
마이클,"그시절 돌아가는듯 너무감동입니다,,빌리진~~",1
마이클,영화 자체는 나쁘지는 않았는데 공연 장면이 자꾸 보헤미안랩소디를 생각하게 하고 속편을 생각한건지 마무리가 좀 아쉬웠다,1
마이클,멋지네요 또 보고싶어요,1
마이클,마이클잭슨 영원한 팝의황제 마이클잭슨 forever~,1
마이클,"마이클잭슨에 놀라운 천재성
옛 감성을 불러일으키는
마이클재슨에 음악이 좋았습니다
좀더 풍성한 음악이 나왔으면하는
아쉬움이 있네요
보헤미안랩소디보다는 감동이
덜한건 나뿐일까요?",1
마이클,"잘 알지못했던 마이클잭슨 의 일생에 대해서 조금이나마 다가갈 수 있어서 좋았습니다.
배우의 연기와 음악. 사운드도 참 좋았습니다.^^",1
마이클,그냥 음악 연대기 같은? 뭔가 좀 아쉽다.,1
마이클,"기대하고 보진 말아야
난 기대하고 봐서 좀 별로였음

총 3부작 중 1부 보고 난 느낌임",0
마이클,마이클은 말이필요없는 팝의황제,1
마이클,별로예요 별로예요 별로예요,0
마이클,영화 내내 노래 듣는게 참 좋습니다 만족스러운 영화!,1
마이클,"진짜 재밌어요 절때 후회 안해요!!
리뷰 보고 노래 말고는 별로라고 해서
좀 걱정했는데 절때 ㄴㄴ요 스토리 다음 바로
노래 나와서 절때 안지루하고요..
영화 볼지 말지 고민이면 꼭 보세요!!",1
마이클,진짜 탑건 메버릭이후 최고의영화임 미쳤다 마이클잭슨 조카 라더니 역시 피는 물보다 진함,1
마이클,이시대 최고의 뮤지션 마이클잭슨을 다시 만나다,1
마이클,"킹을 영화로 다 담기에는 부족한듯.
다음편 기대되네..",1
마이클,"전설의 귀환, 감동의 크기와 깊이가 다르다",1
마이클,오리지널 유일무이 월클 마이클,1
마이클,"마이클 잭슨의 영화, 어 이게 이 노래였어? 알게 되는 순간 감동이 밀려옴",1
마이클,마이클잭슨의 노래를 다시 들을수있어 너무 좋았어요. 조카도 춤을 잘 추네요,1
마이클,"너무 유명해서
이렇게 대단한 아티스트인지 몰랐던",1
마이클,이건 스토리로 보는 영화 아님. 마이클잭슨 콘서트를 다시 보고싶으면 무조건 아이맥스...,1
마이클,마이클잭슨의 예전 노래를 충분히 들을 수 있어서 정말 좋았어요~,1
마이클,역시 세계 최고의 스타,1
마이클,"한마디로? 남은 가족 미화 영화!
 마이클을 위한 영화가 아닌, 가족 같지도 않은 것들이 가족이랍시고 고인이 된 마이클을 다시 불러내어 고혈을 쥐어짜며 남은 이익집단 위한 썩은 스토리 영화. 찐 역사? 찾아봐@",0
마이클,좋았어요 좋았어요 좋았어요,1
마이클,평론가 평점이 많이 낮아서 걱정도 됐는데 기우였음. 상당히 괜찮았다 !,1
마이클,클래식의 우월한 영향력을 다시금 확인하는 귀한시간이였다.화려한가식을 배재하고 사람을 교묘히 속이는 이중적매카니즘도 별외로두고 투박하지만 있는 그대로의 접근에 나약한 인간으로서의 공감과 위로를.,1
마이클,그립습니다 그립습니다 ㅠㅠ,1
마이클,"음악의 왕이 탄생하기 까지의 이야기.
Beat it!~",1
마이클,"마이클 팬이기도 하지만 영화가 온몸에 전율을
느끼게 했고 마이클 뮤직 비디오 나온시기의 내 1980년대 젊은시절을 회상 하게 되는 계기도 되어 감동적 이었다 추후 마이클2가 나올것으로 예상!! 강력추천",1
마이클,유튜브에서 생전 라이브 영상을 보세요 돈도 안 들고 기분도 더 나아요 그게,0
마이클,"40여년전 추억이 새록새록
세계팝의 한획을 그은 인물로 존경스럽네요",1
마이클,"스토리는 잘모르겠네요
조금은아쉬워요
음막만계속~
그냥노래듣다나왔어요~~
스토리가좀아쉬워요",0
마이클,5/5점 외로움이 느껴지는 주인공. 하늘에선 피터팬이길. 음악이 좋으니 콘서트 본 느낌. 2편이 기대됩니다. 1편으론 다 담을 수 없는 그의 일대기,1
마이클,"ㅡㅗ흐호ㅡ호ㅡ호츷 ㅠㅜㅠㅜ,",1
마이클,마이클의 모습을 보는것같아서 너무 좋았습니다,1
마이클,잭슨의 따뜻한 마음에 공감이 되었고 고충도 느껴지고..가족안에서 성장하는 드라마를 보며 뭉클했고 전율도 느껴지고 신나서 같이 박자도 맞춰봤네요 연기하는 자파잭슨이 정말 대단하단생각이들었어요,1
마이클,영화라는 장르의 순기능,1
마이클,빅토리 투어 마지막 공연에서 배드 투어 런던으로 넘어갈 때 전율이 옴,1
마이클,속편 나오나요? 영화가 끝나갈수록 점점 닮아가는 모습이 대박이네요~,1
마이클,진짜 실시간 감동 먹었어요! 완전 울리면서 떼창까지 가능할 거 같았어요😆👍🏻😁,1
마이클,"스토리의 진정성이 느껴져서좋았습니다.
영상미와감동도 있었으며,
실제인물과같은춤실력에 극찬합니다.
오랫만에 좋은영화보는듯하네요~^^",1
마이클,얼마나 외로웠을까 또 얼마나 즐거웠을까 마냥 즐길 수만은 없는 전설의 무대,1
마이클,급하게 끝낸듯한 결말,1
마이클,"전기영화라기보다 잘 벼려진 상업적 음악영화 같았다
근데 그게 싫다라기보다 이유가 납득됐고
오랜만에 극장경험을 잘 느낄수있어서 좋았다",1
마이클,"올 해 최고의 영화로 등극!!! 국장에서 꼭 봐야 할 영화
보헤미안 랩소디보다 더 여러번 볼 수 있는 영화입니다.",1
마이클,강렬한 무대 재현 그러나 뒤로 갈수록 무뎌지는 스토리,1
마이클,좋았어요 좋아 요 !!!!,1
마이클,와우!!! 마이클 잭슨의 음악뿐 아니라 가족과 세상을 향한 따뜻한 맘과 불의에 맞서는 태도까지 보여 준 영화란 생각이 듭니다.,1
마이클,"그의 삶과 음악,이 영화 한편으로 고스란히 전달 된 음악영화의 정석! 급 마무리 되는듯한 엔딩이 살짝 아쉬웠지만 그만큼 몰입해서 봤다는 반증의 결과.",1
마이클,"마이클을 다시 볼수있어 좋았다
아쉬운것은 곡을 풀로 했으면 하는생각",1
마이클,상영시간이 짧은것이 아쉬울 정도로 재미있게 봤습니다.,1
마이클,MJ는 전설이 맞쥐,1
마이클,비평가와 잭슨 가족의 평가와는 상관 없이 맥시싱글앨범까지 직구로 다 구하던 나에게 이 영화는 너무 소중했다. 그를 더이상 보지 못하는 목마름에 대한 갈증 해소 같은 영화. 사운드 디자인도 최고였다.또볼까?,1
마이클,마이클 잭슨의 노래와 무대를 볼수있어서 좋았지만 무대장면 더줘...,1
마이클,"슈퍼스타였던 그에게도 고뇌와 아픔이 있었다는걸 
영화를 보면서 알았습니다.",1
마이클,볼만해요. 마이클잭슨의 전 생애가 아니라 조금 아쉽네요. 2도 나왔으면 좋겠어요.,1
마이클,"설명이 필요없다 
그는 영원한 황제이다
그곳에선 평안하시길",1
마이클,공연 장면이 더 많았다면...,1
마이클,2시간 좀 넘는 시간으로 팝의 황제를 설명하긴 부족하다,1
마이클,"관람 전에 제게 즐거운 관람이 되라며 포토 티켓을 나눠준 그 마음을 받고서 보는 내내 '마이클은 가장 순수한 사람이다.'라는 어느 가수의 인터뷰를 이해한 시간으로, 저 높은 곳에서 그저 평안하기를",1
마이클,마이클 잭슨 실시간으로 본 사람들 부럽다...,1
마이클,진짜 요새 개봉한 영화 치곤 볼만했어요 많이들 보세여.,1
마이클,진짜 너무 재밌었습니다 쿠키도 없는데 그냥 끝까지 노래 들으면서 있었습니다 진짜로 너무너무 재밌었어요!,1
마이클,영화 보는 내내 눈물이 났습니다. 진정한 월드 슈퍼 스타~ 마이클 잭슨!!!,1
마이클,"오로지 해피만 보여준...
이야기는 계속된다면 어두운 것도...
마지막 콘서트 쿵쿵쿵",1
마이클,"너무 감명깊게잘보고
시사회 이어 또보고싶어 봤는데
그여운끝까지 남아있네요
역시 팝의황제 자파잭슨연기도
너무 멋져요
또다시 옛추억으로
음반찾아봅니다",1
마이클,꿈같은 아름다운시간였어요ㅎㅎ,1
마이클,진짜 넘 대박영화~ 강력추천!!!,1
마이클,아주 재미있고 좋았어요,1
마이클,"후속편이 너무 기대돼요. 온종일 마이클 알이중 ㅎㅎ

대학생 딸과 같이 봤는데. 간만에 둘다 만족도 최고",1
마이클,재미있어요 ~\♡♡,1
마이클,"기승절벽
또 하나의 대디이슈",0
마이클,마이클마이클마이클마이클,1
마이클,추천합니다 추천합니다,1
마이클,너무 황홀했고 마이클 생각하니 눈물이났음 정말 천재가수입니다,1
마이클,"초중학교때 마이클잭슨 노래를 듣고 자란 세대라서 
음억은 익숙하고. 마이클 성장이야기도 좋은데
굳이 2편으로 나눌 필요가 있었나는 생각이 드네요.
마지막 포스도 조금 아쉽습니다.",1
마이클,2편이 또 있나봐요~한참 집중해서 즐기며 보는데 갑자기 끝나는...한두곡 모르는곡도 있지만 그래도 봤던 들었던 곡들..마이클책슨 팬은 아니었지만 좀더 관심있게 봤다면 저두 팬되었을듯 해요.2편 빨리 원추요~,1
마이클,"두시간이 이렇게 후딱 지나가다니..
좋았습니다",1
마이클,마이클역 배우가 마이클잭슨 친조카라니 와우~~ 어쩐지 싱크로율 미쳤다 했어요 2시간 동안 귀호강 제대로 하고 왔어요 n차 관람 갑니다 고고,1
마이클,배우 연기가 너무 좋았고 춤노래를 위한 노력이 보여 너무 좋았어요. 연기력으로 이만큼의 씽크로율을 해낸다는게 대단하고 몰입감도 너무 좋았어요.아이맥스 사운드 너무좋아 한번더 보고싶어요,1
마이클,"학대받은 어린 마이클의 아버지 트라우마 벗어나기 그 이상도 그 이하도 아닌. 갱스터들을 무비로 끌어들인 것도 가볍게. 힐더월드 블랙앤 화이트 안나오고. 그냥 어린이 성장기. 아버지는 쉣, 음악만 좋음.",1
마이클,"엔딩 크레딧 끝날 때까지 꼭 앉아 계세요.
이렇게 좋은 음향으로 듣는 목소리가 정말 좋습니다.
영화의 여운이 더 오래 가요.",1
마이클,몇몇 장면은 진짜 마이클인가 싶을 정도로 연기 잘해서 놀랬습니다. 물론 영화 완성도는 제 취향은 아니었지만 아는노래 나올때 마다 소름 돋았어요. 한번더 보고싶은 영화였어요.,1
마이클,오~ 마이클 마이클!!,1
마이클,"Forever King of POP
One of a Kind, MJ ❤️",1
마이클,꼭 특별관에거 보세요!!!!강추,1
마이클,엄마와 보러갔는데 너무 재밌었어요. 너무 재현을 잘 해서 마치 진짜 마이클잭슨을 보는 것 같은 느낌이었어요.,1
마이클,"너무 멋졌어요^^
헌번 더 볼꺼여요~~~ㅎ",1
마이클,여기서 노이즈춤을 보게 될줄은?ㅎ,1
마이클,"꼬마 잭슨파이브에서 전설의 MJ가 되기까지
아버지의 학대에도 가족을 사랑한, 나아가 인류를 사랑한 마잭 
몰랐던 이야기들을 많이 엿보게 된 것 같다
2부작인것도 나중에 알았다
음악은 말해뭐해!!",1
마이클,마이클 잭슨을 영화관에서 살아서 보는듯한 음악과 갬동. 그립다,1
마이클,마이클 잭슨에 대해 하나도 아는 게 없었는데 가보니 다 들어본 곡이더라고요 노래 좋았습니다 다만 이게 1편인지는 몰랐네요 노래는 좋은데 내용은 잘 모르겠어요 배우가 정말 하드캐리함,1
마이클,"재밌게 봤어요
2탄도 기대됩니다",1
마이클,영화 마이클 꼭보세요 ^^,1
마이클,성을 붙이지 말란 말이야!,1
마이클,무대 보는 것만으로도 가치있었습니다,1
마이클,"한마디로 하트브레이크였습니다
마이클을 전혀 모르는 사람 입장에서 
너무나 즐거웠어요",1
마이클,그리운 MJ. 노래가 끝날때까지 자리에서 일어설수없었다.,1
마이클,이거 너무 무난하게만 진행한다 싶었지만 그래도 마이클 잭슨의 음악을 큰 스크린괴 빵빵한 오디오로 즐기는데 서사가 무순 필요냐 ㅎㅎ,1
마이클,[쿠키없음] [강.력.추.천] 엔딩크레딧 올라갈때 음악 나와요~청취추천요!^^미씽유~MJ♡♡♡ 용마맥 관람 좋네요~!,1
마이클,전율이 흐르는 영화였어요. 후속편도 기대합니다.,1
마이클,아들을 돈벌이로만 여겼던 아동학대 죠셉이 빌런이네.. ㅉㅉ // 2편에서는 보헤미안 랩소디처럼 한20분가량 콘서트로 구성해서 Sing Along관에서 마잭 노래 떼창 타임하면 좋겠다 😀 퍼포먼스는 지금봐도 세련됨 ^_^b,1
마이클,"자슥, 꽤 하네...",1
마이클,마이클잭슨은 영원히 내마음속 일등가수. 마잭조카라는데 삼촌오마주를 너무잘했다고 말하고싶다 너무나그리운 마잭,1
마이클,당분간 마이클 잭슨의 음악을 들어야겠다.,1
마이클,마이클 잭슨에 생전 음악과 퍼포먼스를 큰 스크린으로 볼 수 있었던 것에 만족했고 마이클 잭슨을 연기한 자파 잭슨에 노력에 다시 한번 박수를 보냅니다.,1
마이클,"마이클팬은아니지만 노래만큼은좋았고즐거웠고
재미있었고가족을을위하자만 홀로서기에성공한마이클",1
마이클,LA공연과 마지막 부분의 런던공연의 OST는 감동입니다. 마이클잭슨을 재평가합니다. 잘 봤습니다,1
마이클,"이런 영화는 극장에서 관람해야죠
다음편도 기대됩니다~",1
마이클,"가족들을 사랑하지만 그들로부터 자유롭고싶었던 마이클...그가 더 그립고 보고싶어진 시간이었습니다.
90년대 유명 히트곡들은 안나와서 아쉽네요...
그래도 그의 팬이라면 충분히 즐길 영화였슴다.",1
마이클,마이클의 대단한 팬도 아닌데 이정도면..,1
마이클,"마이클 잭슨조카가 주연맡아서 그런지 더 실감나고 좋았어요
아까운 스타...",1
마이클,너무 좋아요 콘서트장에 온 기분입니다 마이클잭슨에 대해 잘 몰랐던 가족관계를 알게된거 그리고 스타가 만들어지는 과정! 제 어릴적 영화관에서 잭슨 영화를 봤는데 그게 만들어지는 이야기가 넘 좋아요,1
마이클,영화 재미있게 잘 봤습니다.,1
마이클,콘서트 영화 장면 실제 콘서트 처럼 신나요,1
마이클,한시간 영화인줄 알았어요ㅎㅎ 그만큼 시간이 짧게 느껴졌네요!! 너무 재밌었어요 : ) 돌비 강추합니다!,1
마이클,노래만 좋았어요..,0
마이클,넘 멋있어요 반했어요,1
마이클,재밌게 관람했습니다,1
마이클,"최고에요.마이클 잭슨...
보고싶습니다.",1
마이클,마이클잭슨 좋아하면 볼만함,1
마이클,"우리의 멋있는 팝의 황제🕺
관람 내내 엉덩이를 가만히 둘 수 없어서 힘들었어요 ㅠㅠ

2편이 나온다는 소식이 있는데 얼른 나왔으면 좋겠고 더더 흥행 했으면 좋겠어요 :)

IMAX로 한 번 더 보러 가고자 합니다 😍",1
마이클,재미있어요 강츄강츄,1
마이클,즐거웠어요 감사합니다,1
마이클,노래는좋음.. 노래는 좋았는데....,1
마이클,마이클이라는 한인간이 대단히 순수한 인간이었구나 느꼈어요. 좋은 영화였습니다.,1
마이클,"재미는 있었는데, 엔딩이 살짝 구리네요. 그래도 뮤비 비하인드스토리는 볼수있어서 좋았습니다",1
마이클,무대 위 찬란했던 '킹 오브 팝'의 광휘와 그 이면에 가려진 인간적 고뇌를 압도적인 퍼포먼스로 재림시키다.,1
마이클,Good morning sir how was your day going so much love how was,1
마이클,Neverland의 소년으로 잘 그렸네,1
마이클,"너무 너~어~무 좋았어요~
 영화보는 내내 몸이 들썩이고 근질근질 거려서 참느라 혼났어요. 마이클이 살아있는것 같다는 순간순간의 착각이 들정도로 주인공 연기도 멋있었고 모든 장면이 다 아름다웠어요",1
마이클,굳굳굳 ~~노래 쥑이네~~~,1
마이클,"마이클 잭슨…..그는 정말 팝의 황제라는 칭호가 어울리다는걸
다시 한번 느끼게 된 영화!!!! 무조건 재관람합니다^^",1
마이클,마잭의 진짜 조카라는것에 깜놀. 너무 미화한 점은 아쉬웠지만 콘서트 보듯 재밌게 봤다,1
마이클,가난한 집안에서 태어나 악마의 감시를 받으며 자유를 갈망하는 스타로 커져가며 벌어지는 한 남자의 이야기,1
마이클,시간가는 줄 모르고 재미있게 봤어요,1
마이클,마이클의 생애가 궁금해짐. 눈호강 귀호강,1
마이클,너무나도 재미있었다,1
마이클,노래가 너무 신났어요,1
마이클,감동적인 영화에요. 추천합니다!!,1
마이클,"지금도 손색없는 노래! 너무멋진 무대! 조카의 연기력!시간 가는줄 모르게 너무 좋았어요~
2편을 기대해봅니다~♡",1
마이클,천재로 태어난 마이클의 인생이 가슴 아팠어요. 마이클 역할을 한 배우가 마이클의 조카라서 그런지 춤 솜씨를 쏙 빼닮았네요. 노래와 춤 모두 완벽했습니다.,1
마이클,가슴이두근거리는2시간이었어요,1
마이클,공연장면 많아서 좋긴한데 이야기자체는 너무무난,1
마이클,생생한 콘서트를 본 기분. 마이클 팬이 될수밖에 없는 영화,1
마이클,마이클 어린역할 나온 배우 귀엽다~~~,1
마이클,마이클 잘봤습니다. 재밌었어요.,1
마이클,"마이클 잭슨의 일대기를 오버하지 않고 담백하고 섬세하게 아주 잘 만들어냈네 
공연 장면이 많이 나왔는데 보면서 너무 흥이 나서 들썩거리게 될 정도로 신났음 
레알 명작 
난 또 보러 갈 예정임",1
마이클,마이클 잭슨 잘봤어요 춤 노래 굿 성형 을 안했음 좋았었으면 아까워,1
마이클,후속 편이 나오는지 잘 모르겠지만 중간에 끝낸 연출이라 좀 아쉬웠어요. 노래 위주의 콘서트보다는 마이클의 개인적인 서사가 더 나오면 좋을 것 같아요.,1
마이클,"고뇌와 치부는 얇게, 무대 시야는 좁게, 교훈은 느닷없게.",0
마이클,마이클 재미있게 잘봤습니다.,1
마이클,기대가 컸나봄...ㅠㅠ,1
마이클,마이클 잭슨으로 <보헤미안 랩소디> 하위 호환 만들기 쉽지 않은데.,1
마이클,옛날생각이 많이나네요--,1
마이클,무대를 완벽하게 복원했다,1
마이클,"실제 마이클 친조카분이라 진짜 닮았다..ㅎㄷㄷ 노래 연기 다 좋았다ㅠ 마이클이 진짜 슈퍼스타야.. 무대 연출, 내용 다 너무 재밌게 봤다 꼭 보세요ㅠ",1
마이클,"""KING OF POP""",1
마이클,마이클잭슨 너무 좋아했는데 영화보니 더 그립네요. 주옥같은 노래들 들어서 행복했습니다.,1
마이클,2026.05.13 CGV동래,0
마이클,그의 삶을 읽자 비로소 선율이 가슴에 닿았다. 위대한 유산의 재발견,1
마이클,영화에 나오는 모든 노래가 다 들어본 노래라니 놀랍다,1
마이클,굿굿 좋습니다 마이클 굿굿,1
마이클,"진짜.. 유니버설 로고 뜨기 전부터 좋은 영화는 처음….
천사같은 마잭형 따라 나도 세상의 빛이 되렵니다. 
천국에서 형 만나도 부끄럽지 않게. 
(단점은 우리나라가 너무 늦게 개봉한것)",1
마이클,조아요조아요 조아 조아요 조아요,1
마이클,"이렇게 모든 버튼을 누른 영화는 처음인거 같습니다.
너무 좋았습니다",1
마이클,마이클의 유년기의 매력에 흠뻑 빠진 흥과 재기 넘치는 영화. 한편의 쇼를 오감을 만족하며 듣고 본 짧은 2시간 여! 후속작을 하루 빨리 달라!!,1
마이클,"걍
마이클ㅠ
눈물이 났다",1
마이클,천부적인 재능을 갖춘 마이클의 노래와 춤이 경이롭다.어린시절 아버지의 폭력이 안타깝고 아버지의 욕심이 지나치다.일찍 세상을 떠난 것이 한없이 애석하다.,1
마이클,콘서트 음악 좋아요.,1
마이클,조금 아쉽지만 볼만했습니다,1
마이클,추억의 가수를 보아서좋았고 뭔가 참 선한사람이구나를느꼈다,1
마이클,마이클 잭슨의 콘서트 영화,1
마이클,영원하고 정당한 팝의 왕,1
마이클,마이클을 담기엔 영화가 넘 작다는 생각만...1~2편으로 나눠낼 문제가 아닌 듯 계란 터뜨리려다 조카가 춤 따라하느라 고생 많이 한 거 같고 마이클이 남긴 노래들 가사 새기면서 잘 듣게 해줘서 걍 놔둠,1
마이클,"시간 가는 줄 모르고 봤습니다. 멋지고 특별한 시람이란 걸 다시금 느꼈고, 음악 소리가 시원해서 속이 뻥 뚫리는 기분이었습니다.",1
마이클,돌비 앳트모스의 강력한 사운드에 매료되네요,1
마이클,"모든 배우의 눈에서 떠난 마이클 잭슨이 보이는 영화.
결말이 갑자기 끝나서 당황스러운데 2편 제작된다하니 다행...",1
마이클,세계적인 팝스타 마이클 잭슨이 아니라 동물들과 아이들을 사랑한 따뜻하고 외로웠던 마이클 잭슨의 인생을 보고 있으니 너무나 안타까울 뿐. 노래가 너무 좋아서 뒤늦게 깨달았다. 나 마이클 잭슨 좋아했네.,1
마이클,2시간이 빠르게 지나가네요 다음편도 빨리 보고싶어요ㅠㅠ,1
마이클,"진짜 마이클 잭슨인 줄 알았습니다. 2편 기다리겠습니다.
+ 
2차 관람 했습니다. 다시 보니 연출 진짜 좋았고, 여전히 진짜 마이클 잭슨 같고, 오랜 팬인데 덕분에 행복합니다.",1
마이클,다소 다큐같은 느낌이 있지만 이시대 최고의 팝아티스트 마이클잭슨을 다시 느낄수 있어 좋았습니다.,1
마이클,역시 천마햄 너무 멋집니다,1
마이클,마이클잭슨 노래를 들을수 있어서 좋았습니다.,1
마이클,"마이클~~!
영화 몰입하며 잘 봤어요~
추천합니다",1
마이클,연출이 평면적이라 감동할 만하면 브레이크 걸음,1
마이클,재미있게 보긴 했는데 결말이 영.... 이제 부터 본격적으로 시작하나!!!?? 했더니 끝!! 이네요... 허무... 그래서 찾아보니 후속편 제작 예정이 있다고 하네요 다음 후속작 기대합니다 재미있게 봤습니다,1
마이클,"배우가 처음엔 다르게 생겨서 이입 안될줄 알았는데 보면 볼수록 비슷해보여서 이입 되었어요.
모타운부터 쭉 나와서 좋았구요.
다음편이 기다려지네요.",1
마이클,"마이클잭슨의 노래가 새롭게 다가 옵니다
같이 따라부르며 보고 싶었음",1
마이클,"한편의 콘서트 공연을 보는기분 최고다 
잘봤어요 ^&
다만 영화 시간이 짧아서 
불만 명곡이 얼마나 많은데 ......


❤️❤️👍👍",1
마이클,"자파잭슨배우 마치 마이클 처럼 노래, 춤 너무 잘하네요 엄청나게 많이 연습했을 듯 최고",1
마이클,"보헤미안랩소디 제작진이라고 해서 기대했는데 감독이 문제인듯. 생각보다 루즈하고,중간중간 고조되는 흐름이 자꾸 끊김. 감독이 음악영화에 대한 감각이 없음. 근데 자파잭슨은 최고! 마이클이 살아난듯!",1
마이클,영화를 보기전엔 노래만 알았는데 영화본 후에는 사람 마이클을 알게됨,1
마이클,연기가 좋았고 음악 선정도 좋았어요.,1
마이클,다루지 않은 부분과 다루지 못한 부분이 분명 있을. 다신 없을 가수임엔 분명하다.,1
마이클,"얼마나 노력했을까 자파잭슨의 연기~
몰입감최고 마이클잭슨의 가족의사랑ㅠ",1
마이클,즐거운관랍영화입니다.,1
마이클,"호불호가 많이 갈린다고 해서 걱정했지만. 
나는 너무 호였음. 
보는 내내 틈만나면 울컥함... 내가 왜 이러지...흑흑 ㅠ 하면서 
너무 즐거웟음 ㅠㅠㅠㅠ",1
마이클,자파 잭슨배우님 우리 마이클님보다 포스가 좀 덜하고 엉덩이가 약간 더 큰 것 같긴 하지만^^ 역할을 위해 얼마나 많은 노력을 했을지 상상도 안됩니다. 부담도 컸을 텐데 정말 대단해요!! 재밌게 잘 봤습니다~,1
마이클,"마이클잭슨에 대해서 다시 한번 전설이라는것을 느꼈어요,",1
마이클,"아...그리운 팝의 황제여...
보는 내내 마이클의 외로움이 느껴져 너무 슬펐다.
너무 이른 나이에 데뷔한 탓에
유년기에 머물러있었던 순수한 마이클.
그곳에서 편안하길♡",1
마이클,"보헤미안 랩소디보다 서사는 약하고 현장감은 비슷. 주옥같은 명곡들과 화려한 문워크, 팬들의 환호성을 대형 스크린에서 콘서트장처럼 체험하는.",1
마이클,노래가 너무 좋았음,1
마이클,몰랐던 인생사를 알게됐네,1
마이클,명곡 메들리로 눙치는 게으른 헌사.,0
마이클,"ㅎㅎㅎ 메들리 좋아하시면 보시고 
스토리는 기대하지마세요
(참고로 마지막쯤에 Bad 노래 나오면서
스테이지 올라가는 장면에 플래시가
깜빡깜빡 거리면서 
터지는 장면이 매우 눈이 아프니
광과민성증후군조심",0
마이클,마이클 잭슨에 팬이라면 좋아할 수 밖에 없고 2편은 어떠한 이야기와 퍼포먼스를 보여줄지 벌써부터 기대감이 생긴다.,1
마이클,하늘에서 엄마가 재미있게 봤기를,1
마이클,마이클잭슨이 빌리진으로 성인무대 데뷔했을때가 1982년이었나?내가 고2때였걸로 생각한다.학교갔다 집에 오면 카셋트라디오로 크게 테잎을 틀었던 그시절이 지금도 그리워진다.,1
마이클,원없이 마이콜형노래 들었네요,1
마이클,"명작입니다.
세상을 비꼬아 보지 않는 분들이라면 이건 재밌다고 잘 만들었다고 인정할 수 밖에 없어요
우리 윗세대의 고충과 잘못, 이해를 동시에 느끼고 반성하고 고쳐나갈 기회를 깨닫게 해주기도 합니다",1
마이클,"보헤미안랩소디 이 후 재미있게 본영화입니다.영화 곳곳에서 마이클잭슨의 고독과 슬픔이 보이더군요.
월드 수퍼 스타였지만 자신의 마음만은 수퍼 스타가 아니었다는걸...",1
마이클,멋진 마이클 너무 안타까워요 아버지가 망쳤네요 어디 정부칠데가 없고 마음만 여린 너무 고생많았네요 저승에서는 편안히 영면하길. 최고에요,1
마이클,"..보헤미안랩소디 보단 덜..
잭스파이브 위주라....",1
마이클,뭉클하다 mj 보고싶어요,1
마이클,"자파잭슨의 빙의들린연기와
마이클의 다양함명곡들을 풍부한사운드로 즐길수있는것만으로도 영화관에 갈 이유가된다.

하지만 스토리와 전개가 개판이고 마지막에 정말 허무하게 끝나기때문에 큰기대는ㄴㄴ",1
마이클,어머니 매우 만족하심,1
마이클,몰입감과 감동도 좋고 스토리와 연출이 돋보입니다,1
마이클,킬링타임용으로 적당합니다.,1
마이클,"어떻게 두시간이 지나갔는지도 모르게 몰입해 봤어요
지금도 가슴이 쿵쾅 두근두근 하네요
너무 좋았어요",1
마이클,"영화를 통해서 마이클 잭슨을 더 알수 있어 좋았습니다
2시간이 금방 지나 갔네요 감사합니다",1
마이클,"마이클잭슨의 명곡들로
나의 사운드가 즐거워지는영화
마이클잭슨이 다시 보고싶네요....",1
마이클,"시사회로 보고 아이맥스로 또 봄.
얼마나 노력하셨을지가 훤히 보임.
음악, 무대 진정 예술~😘",1
마이클,"그가 왜 그렇게 보여졌는지 이해되는 시간이었고, 그 뒤의 이야기들이 기대되는 영화!^ㅡ^",1
마이클,짧게나마 전설과 한 시대를 살았다는 것..영광입니다.👍,1
마이클,마이클잭슨의 생전의 모습을 생각하며 보게 되서 좋았어요,1
마이클,"타고난 천재...그의 배경이주는 어려움을
잘 풀어나간 마이클의 인생스토리
완결이 아니여서 아쉽지만 기대감 안고 나왔습니다.
마이클 멋져요!!!",1
마이클,공연 장면은 매우 좋지만 드라마 연출이 너무 별로임,1
마이클,제발 싱어롱관 열어주세요,1
마이클,올해 최고의 영화. 단연코 극장에서 봐야 하는,1
마이클,wow Michael is back on the stage!,1
마이클,개인적으로 보헤미안 랩소디에는 못미쳤다,1
마이클,"와아... 하아... 이거... 뭐라고 남겨야 할지 모르겠다. 분명 임팩트 하나 없이 이야기가 흘러갔지만 막판에 많은 생각들이 오갔고, 엔딩크레딧이 올라갈 때까지 일어날 수 없었다. 천재 재능 감각 그리고 환경.",1
마이클,"천재 뮤지션의 희생과 가족을 위한 마음.
가정사의 아픔과 상처 그리고 음악 천재로 성장하는 과정.
삼촌을 완벽하게 재현한 조카의 노래와 춤.
음악과 영상 모두 훌륭합니다.",1
마이클,"생각 보다 루즈 랬던?? 기대작…
파트2가 나오는건가..?",1
마이클,조아요 아주 조아요,1
마이클,"역시 마이클.
이제 볼수없는 대스타였던 그를 영화로 만나며
뭉클해지네요
흥행서공ㅈ기원합니다",1
마이클,"8.90년대 젊은시절 돌아보게해주면서
신 나는음악 마이클의 안타까운 가정사와 멋진재능
후편기다립니다",1
마이클,마이클 잭슨에 대한 내용을 잘 몰라서 그럴수도 있지만 뭔가 너무 우상숭배라는 느낌이랄까.. 그래도 배우들 노래와 춘은 대박 였음.,1
마이클,"마이클 잭슨의 위대함을 간접적으로라도 느낄 수 있었다. 마이클 잭슨과 동시대에 태어나지 못한게 아쉬울 정도. 오랜만에 소름돋을 정도로 즐길 수 있을 영화라고 생각한다.
ps. 필자는 소름 5번 정도 돋았다.",1
마이클,"아~~~!
마이클 잭슨이 환생했나 싶을 정도로 주인공 역할을 한 자파잭슨(잭슨의 조카)의 혼신의 연기에 푹 빠졌다!
실제 공연을 감상하는 것 만큼 무대 현장 공연 연기도 정말 나무랄데 없이 훌륭했다!",1
마이클,무대 장면 빼고는 딱히...?,0
마이클,"2편 안나오나요????
아역연기도 너무좋고
무대씬도 좋아요!!
한번 더 봐야겠어요!!!!",1
마이클,마이클2 을 기대하는 콘서트 영화,1
마이클,연기 너무 좋았음!! 스토리도 괜찮고 재밌는데 뭔가 도중에 뚝 끊긴 느낌은 아쉬웠다 ㅠㅠ,1
마이클,"시대에 함께한 사람들 모두 축북이라고 생각한다.
그는 떠났으나 그의 이야기와 음악만큼은 영원히 남을 것 입니다.",1
마이클,"시대에 함께한 사람들 모두 축북이라고 생각한다.
그는 떠났으나 그의 이야기와 음악만큼은 영원히 남을 것 입니다.",1
마이클,볼거리는 충족시켜주는 영화,1
마이클,영화 스토리나 전개는 둘째치고.. 오로지 음악만 즐기러 이 영화를 본다해도 아깝지 않습니다 시간되시면 꼭 보러 다녀오세요!!! 노래 듣는 내내 너무 감동적이고 행복했습니다 원앤온리 마이클잭슨…🥹,1
마이클,너무노무좋앗어요 ㅎㅎ,1
마이클,"이러기 쉽지 않은데, N차 관람 예약",1
마이클,간만에 즐거우면서도 슬픔이 함께 공존했던 시간이었습니다,1
마이클,이 정도면 극장에서 보기 충분하다. 배우들의 뛰어난 연기!,1
마이클,점점 흥을 돋구다가 터트리기전에 끝나는 허무함,1
마이클,왜 마이클 잭슨인지 알수있어,1
마이클,무대재현및 노래는 좋으나 마이클잭슨 서사가 너무없어서 아쉬움이 남음,1
마이클,전문가는 혹평 저는 호평입니다.,1
마이클,추억의 노래들 들을수 있어서 좋아요,1
마이클,내 인생 최고의 팝가수! 후반부가 아쉬워요,1
마이클,재밌었어요 ㅎ 음악도 너무 촣구 ㅎ,1
마이클,노래도 좋고 볼만했다 스토리는 좀 아쉬움,1
마이클,흥미롭게 영화 관람했어요.,1
마이클,"두번, 세번 꼭꼭 보세요. 마이클잭슨 노래 계속 나오는데 넘 좋아요.",1
마이클,귀 호강 제대로합니다!,1
마이클,"마이클을 2시간에 담아내기엔 부족하긴 하지... 
그리운 마이클을 다시봐서 좋았다...",1
마이클,올만에 마잭노래듣고 좋았습니다 배우도 후반부로 갈수록 연기가 좋아졌어요 근데 스토리는 갑자기 끝난거 같아요 2편 나오겠죠?,1
마이클,영화한편에 다 담기에는 아쉬운,1
마이클,"시간 가는 줄 모르고 본 영화 마이클, 순수한 천재 마이클 잭슨..일찍 세상을 떠난 게 안타깝습니다.",1
마이클,"생각보다 내가 아는 마이클은 잭슨 파이브에 많이 얽혀 있었군
2 편은 글쎄….
보헤미안 랩소디 같은 느낌을 기대하고 갔지만 생각 보다 별로",0
마이클,"최고 뮤지션의 초반 일대기 잘 봤습니다
속편도 기대되네요",1
마이클,Legend never die,1
마이클,잘 보고 있는데.. 데인저러스한 마무리♡ 마무리가 미치겠지만 보는 내내 닭살 돋고 미치는 줄!!!,1
마이클,마이클에 대해 더 스토리를 보여달라!,1
마이클,"최고입니다
일어날뻔",1
마이클,음악은 좋았지만 스토리가 좀 아쉬웠다,1
마이클,재밌어요 추천합니다,1
마이클,재밌어요 재밌어요..,1
마이클,"극장에서 봐야만 하는 영화.
다음편을 봐야 평가 할 수 있을 듯...
보다만 느낌...ㅜㅜ",1
마이클,다시 보고 싶은 영화네여~,1
마이클,세계 최고가 될려면 이정도는 되어야 하는구나,1
마이클,아이맥스로 꼭 보세요.,1
마이클,너무 잘봤습니다 강추입니다!,1
마이클,"말 로 표현 하기 힘든 즐거운 영화 마이클 그는 영원히 
기억하고 존경 받아야 할 팝 아티스트 인것 만은 확실 합니다",1
마이클,마이클이 있어 팝이 존재했음을 느낀다,1
마이클,가족이랑 같이 보기 좋아요. 이미 아는 내용들이고 또 더 나와야할 내용이 안나온건 아쉽지만.. 그정도는 예상하고 본거라 좋은 노래 듣고 간걸로 만족합니다 ㅋㅋ 상영관 스피커가 중요합니다,1
마이클,"진짜, 여러분 꼭 보세요. 
몰입감이 엄청납니다!! 최고였어요 :)",1
마이클,"노래 좋고, 연기 잘 하고~
마이클 잭슨의 위대함을 느꼈습니다.
최고에요!!",1
마이클,웬만큼 아는노래 비하인드 스토리를 잘짠 구성 앤딩크레딩 끝까지 다보고 듣고 할수있는 느낌좋은 헐리웃 스타일,1
마이클,1996년 가을 서울 잠실 올림픽경기장에서의 그의 공연을 기억합니다. 영원한 팝의 황제 마이클! 조카의 연기로 다시 부활한 그의 모습에 추억이 돋는 시간이었네요! 굿!,1
마이클,나의 마이클 ㅜ ㅜ 영원히 사랑해요~~,1
마이클,마이클 마이클 마이클 마이클,1
마이클,무대가 더 많았으면 좋을꺼같고 후속편도 기대된다,1
마이클,"그 시절 그를 사랑하지 않은 것을 후회하며 울었다.
지금 다시 그를 사랑해야겠다. 영화는 내게 더없이 좋았다. 직접 체험하길 소망한다",1
마이클,"마이클 노래를 영화관에서 들을 수 있어 좋았습니다.
후속작이 기다려지네요!",1
마이클,영화로서는 아쉽지만 노래가 즐거워요,1
마이클,영화스토리 배우연기 너무 재미있어습니다,1
마이클,아쉬움이 남는다 마이클을 어떻게 한편 영화로 다 보여줄수있겠는가!,1
마이클,영화보는내내 마이클잭슨을 이렇게 영화로 만나볼수있다는것만으로도 가슴이 벅차오르고. 화려함뒤에 그의 삶이 얼마나 외롭고 힘들었을지 가슴이 미어짐 ㅠㅠ 마이클잭슨 연기한 배우 연기 너무 좋았어요,1
마이클,어디서 마이클잭슨 음악을 이렇게 크게 들어볼 수 있을까요. 감동이었습니다.,1
마이클,진짜 공연 때의 그 스테이지의 감동이나 적재적소에 실린 ost들이 좋았음,1
마이클,감동과 애뜻함~~2회상영 3회 볼 예정이다.,1
마이클,"캐릭터 정말 납작하다. 전기영화라면 실망, 음악영화라면 만족",1
마이클,"말이 필요없음.
아니 개봉 2일째 첫 상영 제일 빠른회차 봤는데
벌써 TTT 경품이 소진이라니ㅠㅠ
어짜피 N차로 IMAX 가지만~ 이건 너무하잖아~~",1
마이클,ㅁㅇㅋㅁㅇㅋㅁㅇㅋㅋ,1
마이클,슈퍼스타의 탄생에 대한 숨겨진 이야기와 음악이 주는 감동이 전해지는 작품,1
마이클,마이클 잭슨 연기가 너무 멋져요,1
마이클,좋았어요~~ 공연을 보러 가고 싶어지는...^^,1
마이클,"굳이 아맥에서 봐야 할까?
노래는 신났음... 아트모스가 정배일듯하네요",0
마이클,"잘봤습니다 ~
마이클이 그립네요",1
마이클,마이클을 접할 기회가 있어서 좋았습니다. 돌비나 광음그리고 IMAX로 관람해야 제맛을 보여줄 것 같아서 좋았습니다.,1
마이클,"자파잭슨 정말 노력 많이한것같아요
초반보다 점점 영화가 재미있어지고 자파잭슨이 마이클잭슨과 점점 닮아갑니다
2편을 연상시키는 결말 너무 합니다",1
마이클,"마이클의 음악과 스토리~
모두 재미있게 봤네요.",1
마이클,"재밌게
잘 보았습니다 
2편을 위한 스토리를 아끼고 있는 느낌이랄까요? 암튼
재밌어요!",1
마이클,지금 마이클 잭슨이 있었으면 얼마나 더 재미난 세상이었을지 크흡,1
마이클,마이클의 생애는 아트 그 자체.,1
마이클,너무 너무 잘봤습니다~~ 커밍 순~~~ 마이클 잭슨이 그리워요,1
마이클,그리워지네요 MJ!!,1
마이클,천재 아티스트. 그의 이름은 앞으로도 영원히 기억될거다.,1
마이클,노래도 춤도 타고난 열정. 실력. 노력. 잘 봤어요. 그리고 너무 외로워 보여서 가여웠어요.,1
마이클,"퀀을기대하고 갔지만 약간의실망감.
그래도 마이클잭슨을추억할수있어 좋았다",1
마이클,죽어서도 착취당하는 불쌍한 마이클 주연배우 노력은 좋았으나 그의 음악만 기억에 남는 영화,0
마이클,다시는 그를 볼 수 없음에 눈물이 납니딘.. 마이큼의 외로움이 느껴지네요...ㅠㅠ,1
마이클,"마이클의 노래를 듣는 것만으로도 좋았어요.
YOU ARE THE BEST!",1
마이클,콘서트 보는듯 다시 보고 싶다,1
마이클,마이클 어린 시절을 알 수 있었고 춤과 음악으로 옛 추억으로 여행한 기분이었습니다,1
마이클,재미있게 잘 봤습니다.,1
마이클,끝까지 아버지한테 직접적으로는 반항하지 않는 모습이 일관적이다. 뭔가 할 것 같으면서도 무시하듯 넘어가는 느낌..손? 피부?에 문제가 있는것 같은데 영화에서는 보여줄듯 하면서 그냥 넘어가네,0
마이클,"좋은 음악속에 시간여행을 하고난 느낌.
팬들에게도, 가족을 위해서도 최선을 다했던 
아름다운 사람..",1
마이클,재밌게 잘 봤어요...,1
마이클,마이클 세대는 아니지만 너무 재밌게 즐겼고 아는 노래도 많아서 너무 좋았습니다,1
마이클,"영화에서 신나는 음악이 나오는데 왜 눈물이 나던지.
좋은 영화 잘 봤고, 후속편도 기대합니다.",1
마이클,"영화에서 신나는 음악이 나오는데 왜 눈물이 나던지.
좋은 영화 잘 봤고, 후속편도 기대합니다.",1
마이클,스크린으로 부활한 전설의 팝스타,1
마이클,실존 인물인 마이클 잭슨의 이야기와 음악들을 접할수 있어서 즐거웠어요,1
마이클,"엔딩이 조금 아쉬웠지만 그 외에는
다 괜찮았어요",1
마이클,"마이클 서울 공연 당시의 설레임, 흥분, 환희를 다시 느낄 수 있어서 행복한 시간이었습니다. 속편도 기대됩니다. 꼭! IMAX로 관람 추천합니다.",1
마이클,후반 공연장면이 인상적이에요,1
마이클,마이클잭슨.또 보고싶은 영화~^,1
마이클,너의 빛으로 세상을 밝혀라,1
마이클,더 치열 하게 어린시절을 보낸 사실에 눈물이 나고.. 힘들지만 긍정정사고로 이겨낸 모습에 박수를 보낸다,1
마이클,이 정도면 내용이 없다고 봐도 될 것 같다. 음악의 나열.,0
마이클,마이클 잭슨 그 전설의 시작,1
마이클,마이클 잭슨의 음악을 아이맥스 스크린으로 몰입하여 감동적으로 감상했네요,1
마이클,배우분이 진짜 마이클처럼 춤도 추시고 연기하시고 그자체였습니다 노래 나올때 멋있고 신났어요 마이클 아버지 짜증나여,1
마이클,마이클 잭슨의 여린 심성을 어릴 적 아버지의 학대에서부터 묘사하고 그의 그늘에서 벗어나 자신의 인생을 찾기까지의 과정을 아름다고 혹은 신나는 음악과 함께 하는 소중한 기회였어요.,1
마이클,인간의 고독감이 내내 슬픔이 묻어나네요,1
마이클,노래랑배우연기만좋았던,0
마이클,시사회 관람했지만 아이맥스로 재관람했어요 역시 아이맥스로 보니 압도적인 화면과 사운드 좋고 마이클은 너무 착하고 조셉 보면 빡치고 그러네요 재밌게 잘봤어요,1
마이클,2026 마이클잭슨 내한공연 이거다,1
마이클,"실제랑 다른 부분이 많다. 하지만 즐거운 모습의 마이클들만 모으고 남겨둔 거 같아서, 이 영화정도였다면 마이클의 삶은 달랐을까라는 생각이 들었다",1
마이클,"마이클잭슨의 팬으로서 감동속에서 헤어나오질 못하겠네요.
그의 노래와 함께 추억속에서 행복했고,
배우 연기도 좋았습니다.
그의 인생 후반기도 기대할께요.",1
마이클,마이클에 노래를 들을 수 있어 조아요,1
마이클,보헤미안랩소디만큼의 흥행은 어려울 것 같음. 연출이 많이 아쉽다.,0
마이클,신 같은 존재입니다.대단하네요,1
마이클,평면적 인물과 연출. 조카분은 진짜 마이클이랑 닮았네. cgv는 그냥 실황 영상 틀어주라. 그거 보러갈게,1
마이클,영화 연출이 좋았어요,1
마이클,마이클은 어벤저스 둠스데이에서 돌아온다,1
마이클,팝의황제 마이클잭슨의 어린시절을 보며 얼마나 위대한 가수인지를 다시 돌아보았습니다.,1
마이클,팝의 황제 마이클 잭슨,1
마이클,명불허전 최고의 아티스트,1
마이클,자본주의에 피해자 외로운 아티스트를 기린다,1
마이클,"2시간 순삭이네요
연기도 좋고 노래도 너무좋고
콘서트에 온 기분이예요",1
마이클,역시 멋지네요~ 몰입하면서 봤네요,1
마이클,영원한 팝의 황태자!,1
마이클,처음 시작할 때부터 끝날 때까지 눈을 뜰 수 없을 만큼 감동 또 감동입니다 두번 세번도 볼 것 같아요.,1
마이클,전기영화라고 말하기에는 보수적인 접근이 다소 아쉬운 스토리이나 음악 영화로 가볍게 즐기기에는 좋음. 마이클 잭슨 역을 맡은 자파르 잭슨이 준비를 정말 열심히 한 것 같아 인상적,1
마이클,"너무좋네요 마이클잭슨 춤 노래 실력 뛰어나고
유명하네요",1
마이클,영화 재미있게 잘봤습니다,1
마이클,천재의 죽음이 아깝네요.,1
마이클,"어린날의 나의 우상
화려한 무대뒤에 작고 여린 그 소년에게 손 내밀어주고 싶었네요",1
마이클,"2편 나오는거 맞죠 뭔가 막 시작하려던 차에 끝나서 당황
영화는 너무 좋았습니다",1
마이클,옆에 중년 관객분이 앉으셨는데 무대 장면 나올 때 소리 안 나게 박수 치시면서 보시더라고요. 그 마음이 공감가는 바입니다. 흥 참기 어려워요. 싱어롱이나 응원상영회 열렸으면 좋겠네요.,1
마이클,"불쌍한 마이클 착한 마이클
생전에 공연을 못본게 많이 아쉽네요",1
마이클,"보헤미안 랩소디보다, 기술도 연출도 더 나아진 느낌요. ^^ 빨리 다음 편이 나오기를...",1
마이클,위대한 아티스트의 영화로는 성에 안차지만 그래도 마이클 잭슨이라 좋아요,1
마이클,보헤미안랩소디 만큼은 아니지만 나름의 서사와 감정선을 잘 담은 영화,1
마이클,보헤미안랩소디 만큼은 아니지만 나름의 서사와 감정선을 잘 담은 영화,1
마이클,자파잭슨의 연기도 뛰어나고 좋았어요,1
마이클,잭슨스가 아닌 마이클을 불러준 사람들,1
마이클,기대하고 봤는데 너무 아버지가 많이 나와서 실망했어요 뭔가 보다가 만것같은 느낌이에요 뭔가 더 나와야하는데 갑자기 딱 하고 끊겼어요 후기영화는 어쩔지 모르겠지만 이번 전기영화는 별로였는데 무대가 더,1
마이클,허전하고 아쉬운..,0
마이클,"주연배우의 춤이 정말 잭슨인처럼 느껴졌어요. 너무 잘봤어요.
재밌습니다. 솔로 전성기 무대 1~2개 더 넣어줬으면 더더더 좋았을 거 같아요.",1
마이클,마이클~~~감동적이고 넘 좋앗어요ᆢ 뭔가 뿌듯햇어요ᆢ2편 기대~~~,1
마이클,내용 전개와 음악의 최강의 싱크로나이제이션이네요,1
마이클,재미있어요 볼만합니다,1
마이클,"마이클잭슨을 만날수 있다는 기대와 설렘으로 찾은 영화관!! 가슴에 벅차오름과 아드레날린이 뿜어져 나오는것을 느끼며 역시!!이느낌 어쩔...
행복에 쩔어쩔어 두시간이 어떻게 갔는지 휙!
최고",1
마이클,솔직히 지루했어요,0
마이클,"간만에 노래다운 노래를 들을수 있어서 귀가 즐거웠습니다😄👍!

마이클에 대해 자세히 알지는 못하지만 그의 인샌을 어므정도 엿볼수 있던 시간이 된거 같습니다!😂",1
마이클,신이된 남자....,1
마이클,"천상의 인간에서 신계의 신이 된 남자, 마이클. 아버지의 그늘을 떨쳐내고 마침내 자유를 향해 소리치다.",1
마이클,"전기.후기로 나눠진영화네요 후기도 기대됩니다
재미있게 잘 보았습니다 어린시절 마이클은... 왜그렇게 네버랜드를 만들고싶어했는지 조금 알수있었던영화애기마이클 너무 귀여워요 노래도 너무잘하고",1
마이클,"그저 마이클 잭슨의 노래가 그리워 다녀 왔어요 ㅠㅠㅠ
마이클 잭슨 옆모습이라도 보고 싶었는데 ㅠㅠㅠ",1
마이클,재밌게 잘 봤어요~~~~,1
마이클,좀 아쉬움이 남네요. 부친과의 갈등보단 음악에 집중해야 했는데...,1
마이클,끝으로 갈수록 힘이 빠졌지만 전율이 올라오는 영화였다,1
마이클,재미있게 잘 보았습니다.,0
마이클,"1초도 눈을 뗄 수 없는 몰입감 짱, 영혼이 정화되는 명품 영화입니다. 다들 꼭 보시기를요.",1
마이클,무대가 진짜 너무 잘 뽑힘 무대만 보고싶어서 또 보러 갈 예정,1
마이클,마이클 잭슨 아빠 보면서 개ㅐㅐ스트레스받음,1
마이클,젊은 날의 기억을 되살려주는,1
마이클,너무감동적이고안타까운영화,1
마이클,"마이클의 성장을 보고, 명곡을 들을 수 있어 좋았다.",1
마이클,지금 지루하지만 노래는좋았습니다,1
마이클,살아있었다면...잭슨파이브 시절과 홀로 성장한 시절 둘다 굿. 다음편이있음 좋겠네요.,1
마이클,마이클 잭슨을 다시 보게되서 넘 반갑고 고마운 1인.,1
마이클,"마이클 잭슨의 연기를 그의 핏줄인 조카가 싱크로율 높게 연기한점과 그의 음악으로 가득 채워진 OST는 좋았습니다. 다만, 사실을 왜곡되게 미화한 점이나, 무려 로스의 이야기가 전혀 없는 점은 매우 아쉽네요.",1
마이클,마지막 20분정도엔 끝나지 않기를 바라면서 봤습니다. 다음편 이 기대되요,1
마이클,스토리랄 것도 없는 내용이지만 무대는 최고였음,1
마이클,가족은 소중합니다..그러나 !!!!,1
마이클,마이클 잭슨을 잘 아는 시대에 살아서인지 공감이 가는 부분이 많기에 몰입감도 좋았다. 그리고 마이클잭슨의 개인적 사생활을 알면서 새로운 면을 알게되어 좋다.,1
마이클,약간 지루한 장면이 있지만 볼만해요,1
마이클,"마이클쟉슨노래를 듣고 자랐다면: 무조건 추천!!!
시간 가는줄 모르고 봤어요",1
마이클,"어려운 유년시절에도 따뜻함을 잃지않고 잘 성장해준 마이클잭슨. 그의 퍼포먼스,아름다운 목소리 모두 감동적이였어요",1
마이클,드라마틱하거나 편중적이지 않은 연출 좋았습니다 마이클 잭슨의 삶을 곡해하지 않고 실증적으로 다룬 담백한 영화,1
마이클,영원한 팝의 황제의 일대기를 잘 보여준 영화.,1
마이클,돌비관에서 그의 음악을 듣는것만으로도 만족,1
마이클,그냥 미쳤다. 갬동 갬동,1
마이클,마이클이라는 제목만 보고 아무 정보없이 갔었는데 유년시절부터의 과정이더라구요. 저렇게 대스타인데도 아버지에 대한 두려움이 꽤나 오래 지속 됐었구나 싶더라구요. 지금 살아있었더라면 좋을텐데 ㅠㅜ,1
마이클,"무대, 노래 모두 좋았어요 콘서트장 온줄",1
마이클,어린시절을 누리지 멋한 마이클의 모습이 눈에 밝혀 눈물나네요. 좋운영화입니다,1
마이클,최고였습니다 정말 최고입니다,1
마이클,"마이클의 이야기는 계속된다 했다!!
감동이였음.",1
마이클,"그냥 딱 느꼈다. 어쩡쩡한 곳에서 급하게 마무리하고, 잭슨의 정말 좋은 곡들 일부러 몇 개 빼놓은 시점에서 아~~~~ 이놈들 2편 내서 울궈먹으려고하는구나 갈등이라곤 아버지와 독립이 다인데 너무 밋밋했다",0
마이클,즐거운 관람이었습니다.,1
마이클,"재밌게 잘봤어요.
귀호강하고 갑니다.",1
마이클,재미있는 영화 보고 갑니다 ㅎㅎ,1
마이클,"영화가 생각보다 얕다고 해야되나 별로 몰입이 안돼요.
그냥 재능 잘타고 태어나 평온하게 살아가는 듯하게 표현됨.",0
마이클,노래에 맞춰 몸을 들썩들썩하며 재밌게 봤네요.,1
마이클,"전율...역시 안톤 후쿠아다.
대단함.",1
마이클,매우 얇은 플롯. 최저 점수를 안 줄 수 없음.,0
마이클,즐겁게 봤습니다..,1
마이클,"그가 지금 내눈 앞에서 음악을 들려주고 춤을 보여주며 이야기 하고 있다!

다시 만나지 못할것 같던 그가 다시돌아왔다


속편 빨리작업해주세요",1
마이클,오늘은 기분이 별로라 영화보러갔다 너무 감동이고 신났다 기분이 업됀느낌,1
마이클,2편 나오겠죠??,1
마이클,"이런 소재를 가지고, 어떻게 이렇게 재미없게 만들 수 있을까요?!!!
공연의 즐거움도 딱히 없어서 굳이 아이맥스에서 볼 필요는 없을꺼 같아요.",0
마이클,다 좋은데 먼가 질질 끌리는 느낌이 있고 마무리가 허술한 느낌이 드는건 사실인거 같네요. 아버지와의 갈등만 표현한것같아서 전체적으로 아쉬운 작품입니다.,0
마이클,"역사적으로 음악영화 잘 봤어요
팝의 전설 마이클 잭슨 영원히 잊지 않고 기억하겠습니다",1
마이클,아이맥스에서 관람하니깐 몰입도가 너무 좋네요,1
마이클,"배우 연기 좋고 음악 나오는 장면도 좋았음
마이클 잭슨을 잘 모르는데 살짝 지루 했지만 재미있게 본 작품",1
마이클,그저 팬으로써 말한다면 음악을 들을 수 있어 좋았음,1
마이클,'MTV의 영화화' 전기영화로는 미흡하지만 마잭의 음악만으로도 가치가 있음,1
마이클,잭슨파이브에서 솔로 마이클이 되기까지의 과정만 나와서 뭔가 아쉬웠어요~마이클은 이제 시작이었는데ㅠ 발목잡는 아버지가 너무 자주 나와서 늘어짐도 있었지만 진짜 노래와 춤은 최고!천재성은 타고나는 것!,1
마이클,아들이 보자해서 왔는데 연출이 마음에 든다고 해요.,1
마이클,퀸 영화도 재밌었는데 마이클도 재미있네요 아는 노래가 많이 나와 즐거워요 흥얼거리게 되고 다리도 흔들흔들 흔들거려요. 마이클 성장기도 이해를 하게됨,1
마이클,아직 부족해 부족하다구,1
마이클,hee hee 읽앍엫ㄱ앜익악,1
마이클,어린시절 내가 알던 그 마이클의 과거를 알게된것같음,1
마이클,"그냥 눈물만 났다
마잭 형은 이렇게 일찍 하늘나라로 갈 사람이 아닌데...",1
마이클,"잊고 있었던 마이클 잭슨의 얼굴이 노래가 춤이 화면을 가득 채운다. 발을 까딱까딱하며 우리들의 우상을 다시 불러본다.
마이클~~~~",1
마이클,전무후무한 위대한 가수 시작부터 전율이 흐른다,1
마이클,정말 재밌게 잘봤어요~ 강력추천^^,1
마이클,소리가 너무 작아서 아쉬웠다,1
마이클,마이클을 스크린에서 볼 수 있다는 것만으로도!,1
마이클,10글자 리뷰 채우기,1
마이클,탄탄한 시나리오 재미있는 영화에요 😀,1
마이클,"30년 전으로 갔다온것 같아요.
역시.
감동적입니다.",1
마이클,오랜만에 영화보며 시간 순삭했다 땡큐 마이클,1
마이클,"다시 마이클 잭슨을 보고, 음악을 듣는 것 자체만으로 좋았다. 다만 아쉬운건 Dangerous, History…2009년의 사망하기까지의 일대기가 그려지지 않은 점은 아쉽다.",1
마이클,재밌어요. 진짜 마이클 잭슨을 만난 느낌입니다. 후속편도 빨리 보고 싶어요.,1
마이클,재미있어요! 마이클잭슨 유년기와 초전성기 직전까지가 내용이에요. 다음 2부는 언제 개봉하는지 궁금하네요,1
마이클,"한번은 아쉬우니 두번은 봐야할것같아요. 
주인공 아역부터 성인까지 넘 좋았습니다 ^^",1
마이클,이정도면 고인에게도 실례,0
마이클,"음악과 자파잭슨의 연기 최고였어요! 
연출은 뒤로 갈수록 아쉬움이 커지더라구요..",1
마이클,"앞으로도 절대 나올수 없는 천재적인 뮤지션
영화 마이클의 서사가 너무 빈약하고 아쉬웠지만
음악을 듣는 내내 너무 행복하고
그래서 더욱 그리운 마이클잭슨..",1
마이클,마잭의 빌리진에 따라 춤추고 열광하던 팬이였는데 마이클잭슨의 얼굴이 넘 뇌리에 강하게 각인되어 있어서 남주의 얼굴과 매치가 안 되어서 영화에 몰입할 수 없었음~ 천진난만한 마잭의 개인적인 면모를,1
마이클,즐거운 영화를 음악과 같이 들으며 공감,1
마이클,전설의 명곡 리스트 감상 시간,1
마이클,"재미있게 잘봤어요,",1
마이클,눈과 귀가 즐거웠습니다. 2회차 가려고요.,1
마이클,빌리진 가사가 이런내용이었다니 ㅋㅋㅋ,1
마이클,노래는 진짜 너무 좋네여,1
마이클,집에서 마이클 잭슨 다큐 보고 유툽 으로 콘서트 보는것이 더 감동일듯 ㅜㅜ 넘 기대를 많이 했나봐요,1
마이클,마형 하늘에선 행복 하세요!!,1
마이클,"전설의 마이클잭슨. 팝의황제 마이클잭슨 그립다
어제오늘 스크린x. 4dx 이틀동안의 마이클잭슨의 콘서트보러온 즐겁고 행복한시간이였다",1
마이클,넘 재밌었습니당. 순수했던 마이클.,1
마이클,그의 이름은 마이클 잭슨,1
마이클,보헤미안랩소디 보다 아쉬웠음,1
마이클,영화 보헤미안 랩소디2를 보는듯한 느낌을 줌,0
마이클,마잭에 대한 빠진 이야기가 좀 있는 듯ㅠㅡㅠ 최대한 긍정적모습만 보여주려다 보니 그런 것 같기도… 근데 너무 멋지고 감탄하면서 봄 ㅠㅠㅠㅠ또볼의향은잇다,1
마이클,마이클마이클마이클마이클,1
마이클,이 영화를 보고 계속 유튜브로 노래 계속 듣고 있습니다. 역시 전설은 전설입니다.,1
마이클,마이클 잭슨의 콘서트와 노래를 보러간다는 느낌으로 관람하면 확실히 재밌습니다,1
마이클,딱히 팬은 아닌데 재밌고 감동적이었습니다,1
마이클,"스토리는 먼가 좀 엉성해도
마잭형님 추억만으로도..",1
마이클,그를 다시 볼 수 있다는 것만으로... 좋았다~^^,1
마이클,감동음악춤이어울어진인생사,1
마이클,"이런 가수가 다시 나올까...
제작사 이슈가 있지만...마이클 콘서트를 가보지 못한 세대에게 꼭 필요한 대안.",1
마이클,MJ를 아역부터 성인까지 심지어 그의 아버지까지 재현해 놓은 싱크로율에 놀라고 춤과 노래가 재현됨에 놀라고 40여년전 노래와 춤이 요새 나와도 히트칠 정도로 세련되서 놀라고 그리고 MJ와 함께 아파했다...,1
마이클,빨리 2편을 보고 잡네요,1
마이클,"마이클 잭슨의 무대를 지켜보는 즐거움
돌비 같이 사운드 빵빵한 관에서 즐기면 더 좋을 듯!",1
마이클,영화보단 음악이 주는 감동이 큼.,1
마이클,아버지의 손아귀에서 벗어나는 과정이 아름다움,1
마이클,"잭슨의 히스토리도 알게 되었고 화려함 뒤에 숨겨진 아픔이 보여서 마음이 아팠습니다.
다시 보고 싶은 영화입니다",1
마이클,마이클잭슨이 그리워지는 영화,1
마이클,"보헤미안 랩소디와 비슷하게 흘러가는 스토라라인이고, 콘서트장의 분위기와 노래를 듣는 것만으로 가슴이 뛴다.",1
마이클,"마이클 보실분은 꼭 IMaX 관으로 가세요. 다 아는 이야기, 뻔한 노래 나와요. 대신 감독을 줍니다.",1
마이클,"그냥 마잭이네요 똑같구먼
아맥 개추",1
마이클,2026년 극장에서 그를기억할 수 있는 기회가 된것 자체로 너무 좋았다☺️자파잭슨님도 그의 발자취를 따라며 연습을 하면서 많은 걸 느꼈을것임🕺명곡이 너무많아 일화를 압축해서 표현해도 모자랐음 속편빨리,1
마이클,영원한 팝의 황제 마이클 그의 인생을 느낄수 있어서 좋았어요,1
마이클,무조건 극장에서 보세요~ 진짜 영화시간이 순삭이에요 ㅎㅎ,1
마이클,"음악, 사운드, 노래, 연기 뛰어난 싱크로율",1
마이클,"역시 마이클잭슨은 천재 아티스트네요.
노래,춤,감성,꿈,대처능력.
다만 마이클 옆에 진심으로 사랑하는 사람이 
그의 마음을 공감해주고 곁을 지켜줬으면 하는
안쓰러움이 크네요. 다음편이 기대되네요",1
마이클,극장에서 볼 수 있어 정말 좋았네요,1
마이클,"마이클이 행복해보이질 않네요
안타까웠지만 재미있게 봤습니다",1
마이클,재미있게 잘 봤습니다.,1
마이클,너무 좋았습니다.. 관람하는 내내 자파잭슨의 연기와 수많은 마이클의 명곡들로 감동받았습니다. 마이클잭슨은 정말 최고의 뮤지션입니다.,1
마이클,영화가재미가좋아서요대박나세요,1
마이클,만족합니다 감사합니다,1
마이클,미이킅!재미있게잘보았습니다.^^감동입니다~~,1
마이클,"콘서트장에 감동을 저렴하게 영화관에서 감상하기, 2편 벌써 기대됩니다!",1
마이클,영화에 담기엔 너무 위대한 존재지만 그럼에도 불구하고 사무치게 그리운 그를 추억할 수 있게해준 점에서 백점 주고 싶은 영화,1
마이클,마이클잭슨을 좋아한다면 무조건 봐야할 영화,1
마이클,조아요조아요조아요조아요조아요조아요조아요조아요조아요조아요,1
마이클,솔직히 기대가 너무 컸나…약간 아쉽다,1
마이클,정말 가슴이 따뜻한 사람이었네요...재미 있게 잘봤습니다.또 보고싶네요.2편 만들어도 될꺼 같아요,1
마이클,"그립네요. 최고의 아티스트 마이클잭슨!!
재미있게 보았지만 조금 아쉽네요. 2탄기다려요.
노래도 다시 듣고 넘 좋아요.",1
마이클,지구최고. 우주최고. 인류에 딱한명 아티스트 뽑으라면 마이클 잭슨이 인기최고. 인기쟁이,1
마이클,빌리진~~너무 멋진 음악들,1
마이클,"기다린만큼은 아니지만 재밌음
노래 듣는 맛도 최고~~",1
마이클,앵콜이 없어 아쉽따~~,1
마이클,완젼 재미 있었어요~~~,1
마이클,"나는 마잭팬으로서 그의 인생사를 알고 영화를 본 거지만, 마잭을 몰라도 이 영화는 재미있게 볼 수 있다고 생각함. 특히 노래 듣는걸 좋아하는 사람이면 강추",1
마이클,마이클은 현제 진행형? 넘 평면한 다큐진행형 연출이 아쉬웠으나 마이클의 음악을 실컷 들을 수 있어 므흣함.,1
마이클,무슨 말이 더 필요하리? 마이클잭슨 그의 음악을 듣는 것만으로도 충분한 것을.. 시대의 아이콘이 허망하게 떠나버린게 아직도 너무 슬프다.,1
마이클,너무. 멋져요~~~~ 정말 잘봤어요. 또봐야지 될듯,1
마이클,"마이클잭슨 팬은 꼭 보세요
너무 즐거웠습니다
한번 더 보고싶어요",1
마이클,평면으로 재개조된 삶을 무대발판삼아 화려하게 날아오르는 명장면,1
마이클,너무 재미있었어요! 음악도 좋아요!,1
마이클,"역시 마이클입니다!
음악도 최고",1
마이클,마이클잭슨 음악에 익숙한 아재들은 재밌게 볼 수 있을 듯~,1
마이클,음악과 대사가 절묘해요,1
마이클,벤은 어릴적 노래가 더 좋아요,1
마이클,마이클 잭슨...너무 안타까웠던 그 이름...조카의 외모가 좀 달라 큰 기대는 안했는데 굉장히 비슷한 음색으로 노래를 잘하네요~ 춤도 그렇고 ..간간히 보이는 마이클 잭슨의 얼굴...N차 관람 확정입니다~~^---^,1
마이클,재미있게 봤어용ㅎㅎ~~^^,1
마이클,"King of Pop
그와 동시대를 살아서 행복했다
17년만에 다시 만난 마이클잭슨
그는 없어도 명곡은 영원하다",1
마이클,"옛날 생각나네요
마이클잭슨 한참 나오던 때.
얼굴은 좀 틀리지만
노래로도 감동이네요.",1
마이클,"마이클 잭슨 노래 좋아요. 
마이클 잭슨 2탄이 빨리 나왔으면 좋겠어요.",1
마이클,1회차완료 2회차는돌비로갑니다,1
마이클,기대한거에비해천별로,0
마이클,개봉한날 봤는데 마이클에 대한 옛추억 올라오면서 몰입해서 보느라 2시간이 금방 지나갔네요,1
마이클,"배경 서사가 빈약한 공연 중심의 마이클 잭슨 인생 전반기 이야기. 주연인 조카 자파 잭슨의 외모가 잘 생겨서 현실감 빈약. 마이클 잭슨의 노래 가사는 대체로 충동적, 감각적, 성적인 내용이라 BTS 가사와 비교됨",1
마이클,마잭 형님 팬 이라연 반드시 봐야할 영화!,1
마이클,연출 너무 아쉬웠고 각본도 그렇고 이렇게 끝내서는 안됐다 MJ의 진짜 팬들은 크게 아쉬워할 작품이다,0
마이클,마이클잭슨의 팬인 엄마 덕분에 나 또한 팬이 된 순간,1
마이클,이렇게라도 다시 볼수 있어서 너무 좋았습니다 감사합니다,1
마이클,"올해 최고의 영화네요~
그시절 감동과 추억이 새록새록",1
마이클,펍스타라는 칭호도 모자라는 전설 그 자체!,1
마이클,"아기공룡 둘이의 마이콜 공연이 더 재밌다 
이걸 2부작을 하겠다고?",0
마이클,마이클의 노래를 들어서 행복했다,1
마이클,2시간으로 마이클잭슨을 담기엔 부족하네요 ㅠ,1
마이클,"올타임레전드 마이클잭슨 그리고 연출의 안톤 후쿠아
기대를 정말 많이 했어서 그런지는 몰라도
생각보다는 좀 아쉬움이 남네요
뭐 그래도 마이클 잭슨의 춤 과 음악을 듣는것만으로도
볼 가치가 있네요 강추요",1
마이클,"마이클 잭슨의 스토리를 영화로 보게 되어서
좋았습니다^^",1
마이클,"전체적으로 미화된듯 싶긴 하지만 마이클잭슨에 대해서 좀더 자세히 알수있는 좋은 영화였습니다.
특히 마이클 배우의 연기가 좋았습니다.",1
마이클,마이클. 스크린으로 봐도 좋은데 공연을 진짜 봤으면 얼마나 좋을까.,1
마이클,세상에서 최고의 아티스트 마이클을 보게되어 행복 했어요,1
마이클,재미있게 잘 보았습니다.,1
마이클,2편이 너무 기다려집니당,1
마이클,이런 영화 자주 나왔으면 좋겟당,1
마이클,"여러편의 뮤직비디오를 본 느낌.
이야기가 중간에 끊겨버린듯한 결말이 조금 아쉬움",1
마이클,영화 잘 보다가 갑자기 끝나버린 느낌..,1
마이클,중학교 다닐때 알게되서 60을 바라보는 나이에 그를 다시만나 얼마나 가슴떨리고 감동인지 눈물이 났네요 20대 아들 데리고 같이봤어요 아들도 팬이 됐다고 합니다 사랑해요 마이클 영원히~~♡,1
마이클,몰랐던 이야기들로 인해 마이클에 대한 이해가 되는 느낌이랄까..노래가흘러나올때마다 전율이 느껴져서 정말 대단한 슈퍼스타였다는걸 다시금 깨닫게 되었네요.,1
마이클,Jxuebeoqnvjfp,1
마이클,그럭저럭 재밌게봤어요.,1
마이클,"관람 시간내내 흥이올라 발을 가만 두지 못했네요, 한번더 보러 와야 겠어요",1
마이클,OST가 너무 좋았어요!!,1
마이클,후속작 무조건 나와야한다.. 이게 끝은 아니겠지 설마..,1
마이클,"와우~! 마이클 조카님이시어~!
태어나서 마이클을 열연해 주셔서 매우 감사합니다~!",1
마이클,영화 재밌게 잘 봤습니다.,1
마이클,"마이클 2 조속히 나오길 기대합니다.
간만에 영화 보면서 몸이 절로 움직였답니다~^^",1
마이클,시간가는줄모르고 재밌게 잘 봤습니다,1
마이클,"전체적인 배우 연기력이나 음악은 너무 좋았어요!
노래만 알았지만 오늘 영화를 보면서 추억여행이 되었던것같아 좋았고 아버지에게서 벗어난게 통쾌합니다! 또볼거에요!!",1
마이클,옛생각이 절로 나는 리듬과 비트 아주 좋았네요.,1
마이클,마이클잭슨 천재성과 부모의 강압적인 태도에 인간으로 외로움이 느껴지는 그래도 그런 음악적천재성이라며 그삶도 받고 살아야 하는게 맞다 싶다,1
마이클,즐거웠습니다. 추억여행,1
마이클,배우가 똑 닮아가 몰입감이 좋네오,1
마이클,영화보는 중간 중간 어깨랑 무릎이 들석들석 하드라고요,1
마이클,영화가 너무 재밌어서 시간이 금방 갔다고 느꼈어요,1
마이클,마이클 잭슨의 음악을 듣는 것만으로도 감동적이고 더욱 더 그가 그리워지는 영화,1
마이클,"잭슨파이브의 탄생과 아버지와의 관계
가족 서사를 통해 마이클의 일생을 조금이나마 알게 되었네요.
수많은 얘기들을 다 담지는 못했지만 만족!!
무중력 댄스 서사도 기대했지만 아쉽네요.",1
마이클,Beat it!!!,1
마이클,노래 즐기는 재미가 있어요,1
마이클,"마이클 잭슨 히트곡을 몰입감 넘치는 스크린X 화면으로, 돌비 애트모스의 강렬한 사운드로 느끼는 맛, 그를 향한 추억과 애정만으로도 충분한 의미를",1
마이클,그냥 슬프네요 맞으면서까지,1
마이클,"마이클잭슨을 모르고봐도 너무 좋았습니다
이거는 진짜 할말이 필요없어요 명작입니다
몇번이나 디시 보고 싶은 영화입니다 너무 잘봤습니다",1
마이클,"전설은 그냥 만들어지지 않다는걸 느낍니다 
자기와의 쌰움에서 이긴 순간들이 너무 좋았고 음악이 귀를 너무 즐겁게 해주네요 
올해본 가장 명작 입니다",1
마이클,잭슨 아역 연기 잘하네요,1
마이클,"영화지만 연출한게 없네
마이클잭슨 플레이리스트를 보는 것만으로 좋네요.
ost가 완벽!",1
마이클,음악 영화로는 충분한 가치를 지닌 영화,1
마이클,"마이클 잭슨에 대해 잘 모르고, 그런거 관심없고 그냥 ip로 돈벌고 싶은 사람들이 만든게 느껴짐.",0
마이클,스토리는 구색용이고 철저히 음악영화 혹은 공연영화. 그런데 그럴 거면 공연실황 리마스터링하는 게 더 낫지 않나? 귀는 신나고 춤과 연기 보는 맛도 있는데 그냥 다 공허하게 흘러간다.,0
마이클,마이클 잭슨의 음악적 연대기를 보고 싶었는데 잭슨5이야기가 중심이라서 아쉽다,1
마이클,아 정말 노래 체급이 말이 안되는.. 마잭의 시대에 살지 않았지만 그의 노래가 일상에 많이 스며든것이 느껴지는 영화,1
마이클,"음악과 춤에 흠뻑 빠져드네요 마이클...
2편도 기대해요",1
마이클,아버지그늘에서 벗어나 솔로로 일어나기^♡^,1
마이클,마이클 잭슨 독립영화를 보았다,1
마이클,학창시절 좋아했던 마이클 잭슨을 극장에서 그의 음악과 함께 만날 수 있어 너무 항복했던 시간이었습니다. 영화를 보고나니 마이클이 더 그립네요. 영화의 여운으로 한동안 마이클의 음악만 들을거 같습니다.,1
마이클,큰스크린으로 빵빵한 음향으로 듣고 보는 무대가 좋았음,1
마이클,ost가 너무 좋았고 마이클이 어떤 인물인지 알게 되는 스토리도 좋았다.,1
마이클,전설은 영원하다. 연출과 연기 다 탑,1
마이클,좋은 음악과 높은 싱크로율로 푹 빠져서 봤어요,1
마이클,볼만함. 뮤직 비디오를 본 느낌,1
마이클,"최고당! 최고~ 영화보는 내내 흥을 감추지 못한 1인!!!
크레딧이후에 딱히 쿠키가 없어도 끝까지 앉아있게되는 신비로운 경험~ 나오면서 바로 2차관람예약하게 됨!!
또보자~ 마이클!!♡",1
마이클,"보헤미안 랩소디보다 좋았다. 인간적인 스토리도 감동이었고, 노래도 좋았지만 압권은 역시 퍼포먼스였다. 마이클의 춤을 표현하기에 다소 조잡한 단어일테지만, 팔딱팔딱대는 그 에너지 가득찬 춤에 전율이...!",1
마이클,마이클잭슨 다시 또 생각나네요.,1
마이클,"마이클...너무너무 멋있는 가수.
너무 좋아요. 영화.",1
마이클,"미국판 서프라이즈 보는 느낌, 그냥 못 만든 영화",0
마이클,"노래와 마잭이 다 해서 보고 나면 또 보고 싶어지는 영화!
자파잭슨 힘냈다!!",1
마이클,음악이 끊임없이 나오는데 지루힐 틈이 없어요. 빌리진 장면에선 심장이 터지는줄 알았습니다. 다음편 빨리 나왔으면 좋겠어요.,1
마이클,"영원한 마이클
그의 일대기 1편~♡",1
마이클,삼촌을 연기했다는게 놀라웠어요,1
마이클,인생은 어디까지. 갈 수 있는지? 깊게 들어갈 수 있는지? 알 수 있었어요 ~~~,1
마이클,2편이 나왔으면 좋겠어요,1
마이클,마이클잭슨이 살아있는 느낌이드네여..,1
마이클,"마이클 배역의 주연배우 연기와 댄싱의 훌륭함은 극치를 이루고 있음.
또한 잭슨파이브를 연기한 나머지 네명 또한 상당한 연기력을 보여주고 있음.
마이클 아버지의 스토리는 팩트인지에 대한 검즘이 요구됨.아",1
마이클,이럴꺼면 라이브영상보지,0
마이클,그는 언제나 나의 팝의황제.,1
마이클,개인사에 대한 내용ㅈ이없어서 아쉬워요,1
마이클,전개가 어떻고를 떠나 몇번이나 소름이 돋았는지 모르겠네요. 굿굿굿,1
마이클,상영내내 나오는 음악만으로도 이미 황홀~,1
마이클,마이클 잭슨이 다한영화. 근데 그 인생에 비하면 수박겉핥기 아닌가 싶어서 아쉬움이 남았다. 남들 다 아는 성공기만... 연기도 노래도 다 좋은데 전기영화 한편으로는 다 풀어내지 못하는건가 싶기도 하고ᆞ,1
마이클,"MJ 영원하라~
영화는 그를 담는데 부족했다...",1
마이클,마이클 영화 잘 봤습니다,1
마이클,음악이야 머 말할 것이 없음. 다만 이전에는 어렴풋이 알았던 가족사를 보니 박수홍이 생각날 뿐.,1
마이클,그립고 그립고 그립다...,1
마이클,마이클 잭슨 노래가 많이 나와서 너무 좋았어요,1
마이클,잘봤습니다. 2부작으로 제작 되는듯 하지만 2부도 기대됩니다요. 좋아~용,1
마이클,"너무 다큐멘터리 같다..
마치 자서전 같다...
음악의 비중이 적다~
속편은 마이클 잭슨의 아픔과 몰락이
주된 이야기일것인데..
이번처럼 만들면 실패할거 같다~",1
마이클,"평론가들이 혹평을 해서 기대를 조금 낮게 해서 관람을 했는데 매우 만족스러웠습니다.
연기도 음악도 모두 너무 좋았습니다. 이부가 기대되네요",1
마이클,큰사운드로 노래만 들어도 좋네요,1
마이클,두번째의 마이클 형님과의 만남!!ㅎ,1
마이클,마이클 잭슨의 전성기에 대한 찬사,1
마이클,팝의 황제 다시 스크린으로 복귀하다,1
마이클,동시대를 살았지만 마이클오빠가어린시절불행을뛰어넣어천재로써 너무 안타까운 ~~,1
마이클,역사상 가장 화려한 아티스트의 전기영화,1
마이클,OST만으로도 영화관에서 볼 가치가 있는 영화,1
마이클,아버지 역할은 어디까지가 정답일까....,1
마이클,"천재는 외로운 운명이네요 
재미있게잘봐네요",1
마이클,재미나게 신나게 음악감상 했네요,1
마이클,"마이클잭슨 살아생전 세대여서 상영내내 몰입 좋았고, 실제 공연을 한편 보고 나온듯한 느낌이 들었습니다..
20대 아들세대는 모르는 음악이 많다고 하더라구요~~",1
마이클,마이클 잭슨 공연 보는거 처럼 기간 가는줄 모르고 너무 재밌게 봤습니다.,1
마이클,마이클 잭슨의 스토리와 OST 재밌었습니다. 다만 갑자기 끝나버려서 조금 아쉽네요.,1
마이클,"마이클 세대는 아니지만 시간가는줄모르고 노래도 좋고 싱크로율도 매우비슷해서 재밌게봤다
2도 나와서 전성기 이후까지도 나왔음 좋겠다",1
마이클,역시 한편에 그의 서사와 노래들을 담을 수 없었구나 이미 매체들로 루머는 루머였으며 진실이 아님을 그가 얼마나 힘들어 했는지 노래에 자신의 감정들을 가사로 다 써 내려갔다는 걸 알고 보니 찡하다,1
마이클,"스토리는 약간 아쉬웠지만, 멋진 춤과 신나는 음악 등 재미있습니다.",1
마이클,마이클잭슨에 대한 그리움을 더욱 커지게하는 매력적인 연출!,1
마이클,역시 마이클잭슨. 아직도 사생활에 논란거리들이 있지만 그의 음악에 대한 천재성과 혁신에 대해서는 더 말할게 없다. 40년이 더 된 모습들이 지금봐도 어색하지 않는 건 그의 재능을 입증한다.,1
마이클,마이클 잭슨을 모르다가 보니 노래 및 서사가 최고입니다.,1
마이클,"영화 보는 내내 춤추고 싶어지는ㅎ
그래서 엔딩크레딧때 잭슨 노래 3곡정도
나오는데
다른 관람객들은 다 나가구
전 끝까지 들으며 맘껏 춤췄어요ㅋㅋ",1
마이클,"역시 위대한 예술가는 천재적 재능과 런제나 외롭고 힘든 상황이 존재하는구나!!
괴롭힘과 억압 속에서도 자신만의 세계를 창조해 나가는 모습이 너무나 감동적이었습니다.
지켜주지 못해 미안하고 그리워요!!",1
마이클,"갑작스런 엔딩과 평면적인 구성이 다소 아쉽지만, 마이클 잭슨 자체만으로도 의미있는 작품!!",1
마이클,"마이클잭슨의 삶과 음악 !!!!
속편 얼릉 내놔요",1
마이클,불멸의 팝의 황제 스크린으로 부활하시다,1
마이클,최고의 영화였습니다.,1
마이클,"8.3/보고 듣는 재미가 쏠쏠한 영상 위인전.
/
부담스럽고껄끄럽거나논란있는부분최소한으로줄이고,대신바람직하고보기흐뭇하며귀감이될만한이야기들로채워놓은영상위인전보는느낌.물론즐길거리가풍성하긴함",1
마이클,아무도 대체할 수 없는 인물이라 이정도면 노력 많이 했네라는 생각. 그리고 그를 사랑했던 사람들이라면 분명 눈물 흘릴 수 밖에 없는.,1
마이클,"나의 최애가수 
보는것만으로 좋았다",1
마이클,나도 마이클잭슨이 있던 시대를 살아보고싶다.,1
마이클,"매우 즐겁고 행복했습니다. 물론 유명한 노래, 춤 등 많은 것이 알려줘 있어지만 이렇게 집중해서 콘서트 온것 처럼 편하게 관람하게 되어 행복했습니다. 내용 좋고 음악 좋고 좋았습니다.",1
마이클,글쎄요. 서사가 너무없고 보다 볼만하니 끝나서 지루했어요. 많이 아쉽네요,1
마이클,"스토리와 캐릭터가 너무 평면적이라 아쉽다.. 
목소리는 비슷한데 몸이 더슬림했어야.. 무대씬은 마이클잭슨이 그리워질뿐..ㅜㅜ 
기대를 내려놓고보면 볼만은하다~",1
마이클,마이클 잭슨의 조카인자 가수인 자파 잭슨을 주연으로 기용한 '신의 한 수'로 마이클 잭슨이 부활한 듯한 모습과 노래를 보여주지만 아버지와의 갈등과 극복이 제대로 묘사되지 못한 것처럼 이야기는 엉성하다.,1
마이클,마지막 컨서트 장면이 압권~~씽어롱상영관 오픈해야 할듯요~몸이 들썩거리구 따라 부르고 싶은거 참으라 ㅎㅎ,1
마이클,"어릴적 추억속의로 빠져서
좋았어요",1
마이클,이야기를 알고 봐도 지루하지 않고 중간중간 나오는 음악과 퍼포먼스로 인해 눈과 귀가 즐겁다.,1
마이클,팝의 황제 '마이클 잭슨'이 너무너무 보고싶어진다. 영화자체는 2% 아쉽고 허전함이 남는다.,1
마이클,마이클 찐팬들만 가서 보세요,1
마이클,Dkwnslxnxlsnxxd,1
마이클,새삼 대단한 사람이었다는 생각이 듭니다.,1
마이클,마이클 잭슨의 노래들이 좋네요,1
마이클,"노래가 좋은거 말고는 쓰레기였다.
스토리의 깊이는 얕고... 뮤직비디오 볼거면 유튜브 봤지. 마이클 잭슨을 좋아하지만 중간에 뛰쳐나오고 싶은 영화였다.",0
마이클,재미있게 잘봤어요!!,1
마이클,너무 빨리 갔다... mimen,1
마이클,햐 간만에 상기 포인트만점으로 올클릭요 실제 조카라서인지 나중 웃을땐 잭슨형 얼굴필이 비슷하네요 감동였고요 아빠는 정말ㅠㅠ후속작이 어여 나오길 빌고요 긴글 쓰고 싶지만 어제 라면물 끓이다 엎어져ㅠ,1
마이클,"최고의 전율을 느끼게 해주는
 영화 "" 마이클 ""였네요",1
마이클,"다른 설명 필요 없이 마이클 젝슨의 음악이 스크린에 꽉찬, 명곡이 너무 많아 다 담기지 못한 영화~상영시간이 좀더 길었으면 하는 아쉬움이 남은 영화~마이클 젝슨의 못다한 천재적인 재능이 안타까운 영화~",1
마이클,djtkfugul ykxxykful jgxkh,1
마이클,어.... 그냥 노래 듣고 싶으신 분들이 가서 마이클 잭슨 노래 들으시면 됩니다... 굳이 돈내고 들으실거면... 네...,0
마이클,"포스터가 스엑이 젤 이뻐서 스엑으로 봄
스토리는 살짝 루즈하지만 음악만으로 볼가치있다 대박",1
마이클,영화가 진행이 될수록에.. 마이클 잭슨과 닮아 보이는 마법이 펼쳐진다 :),1
마이클,"보헤미안랩소디 5번 극장에서 봤는데..
그감동은 없구요..자파잭슨의 무대는
마이클잭슨의 반의반도 못따라 하는 어설픔과
여튼 전조금 실망스러운 영화였네요.",0
마이클,재미있었어요 노래 좋아요,1
마이클,화려하게 장식된 플레이리스트,1
마이클,"2편짜리라고 말을 해 주든가… 영화 자체는 볼 만 합니다… 그리고 하나, I’ll be there 가 짹쓴파이브 노래라는걸 다시 상기시켜줬어요",1
마이클,"기득권 및 언론에 찢겨져 버린 마이클 잭슨을 심층적으로 파고 들기지 못한 거는 뭔가 아쉬움이 있다. 하지만
마이클잭슨 입문용으로 대중적으로 즐길수 있는 영화
마이클 잭슨 댄스/노래만으로 볼만하다",1
마이클,그럭저럭 볼만했어요~,1
마이클,"옛날 학창시절이 생각나며
팝의 황제 역시 마이클잭슨의
노래 춤 너무 멋지고 ᆢ
영화 너무 잘 봤습니다
2부도 기대됩니다",1
마이클,극장에서 볼수있어서 좋았습니다.,1
마이클,연출은 별로 노래는 좋지만,0
마이클,"연출이 문제였을까 했으나, 편집된 부분들과 재촬영의 문제였을듯",1
마이클,극장에서 볼수 있어 좋았네요 다음편도 나오면 좋겠네요,1
마이클,"음악은 ""유니버설 랭귀지""라는 말이 공감~ 수영장 한가운데 창작하면서 동시대 가수 프린스를 말하는게 풉하고 웃음이 나왔음. 흥겹고 즐겁게 관람했어요~^^",1
마이클,마이클 잭슨은 영원하다,1
마이클,"2편을 예상하고 찍으신 건지 보다가 뚝 끊긴 것같은 기분,,배우들 연기가 좋아서 실제 마이클잭슨의 일대기를 보는 것같았는데 음악을 상황에 맞춰 억지로 넣은 느낌..그래도 음악과 춤은 굿굿!!",1
마이클,영화 재미있게 잘 봤어요,1
마이클,음악 미쳤어요. 자파 잿슨 연기도 미쳤음,1
마이클,"영화내내 흘러나오는 마이클잭슨의 음악들은 너무 좋았고, 특히 우리가 사랑하는 마이클의 노래와 춤, 그리고 인생을 한편의 영화로 감상할 수 있다는 것이 이 영화를 봐야만하는 이유이고 볼수 밖에 없게만든다",1
마이클,노래는 역시 너무 좋았어요,1
마이클,마이클의 노래가 들릴때마다 너무 좋았습니다. 그런데 후속편이 나눠져 있다는걸 몰랐네요ㅠㅠ 후속편도 얼른 보고싶네요~ 후속편에서는 마이클의 고뇌와 말도 안되는 루머 등 더 깊은 내용이 있으면 좋겠네요.,1
마이클,마이클과 잭슨의 무대,1
마이클,주인공 배우의 마이클 잭슨 무대 연기 말고는 다 영 별로에요. 이것보다 훨씬 잘 만들 수 있었을 텐데. 그렇지만 주인공 배우의 마이클 잭슨 무대 연기가 엄청나긴 합니다. 한 3장면 나오는데도 극장 가서 볼만함,0
마이클,3부작으로 나올 영화일까요 흐음..,1
마이클,"마이클 잭슨의 오리지널 댄스와 노래실력을 그대로 재현하는 것은 당연 불가능일 것이고, 준수하게 재현한 것 같습니다. 스크린엑스로 관람하니 너무 재미있었고, 재관람할 예정입니다.",1
마이클,"오랜만에 마이클의 무대를 다시 바서 좋았습니다
하지만 마이클을 죽게한 사람이 만들었다네요 ㅠㅠ",1
마이클,세계 팝의 전설 MJ에게 경의를 표합니다.,1
마이클,콘서트 보는 기분이였어요~!,1
마이클,슬퍼할 준비를 하고 있었는데,1
마이클,스릴러 스릴러나잇,1
마이클,"너무 평이했다. 가장 화려했던 시기는 넘기고, 프롤로그만 보다 끝난 느낌",0
마이클,연도와 함께 시기별 마이클의 인생연대기를 잘 다룬거 같아 좋았고 후편이 또 나와야댄다는게 완결안된점이 아쉽네요,1
마이클,퍼포먼스와 사운드가 대단한 영화입니다,1
마이클,마이클 알러뷰!!!! 알러뷰모어!!!,1
마이클,역시 핏줄은 대단한 자산입니다,1
마이클,햐챻턓턓ㅌㅎ톃처헣ㅌ터챻챻ㅊ,1
마이클,"마이클 잭슨의 노래말 알던 나에겐 그의 시작을 알 수 있게 해준 영화. 무대 연출, 빠른 스토리 전개로 2시간이 빠르게 지나감.
앞으로도 비평가 혹평은 믿고 걸러야겠다는 생각.",1
마이클,사운드와 음악이 마이클의 공연에 간것 같았다,1
마이클,콘서트 갔다왔습니다,1
마이클,2시간 상영시간이 마치 1시간도 안되는것 같은 마법의 영화 ~ 역시 마이클잭슨은 전무후무한 팝의 황제입니다.,1
마이클,"2부작인가요?

최고 전성기에서 뚝 끊기네요

전에 성추행 관련 영화화 안하기로 합의 한거 잘 해결해서 후속편 나오면 좋겠습니다",1
마이클,마이클 재미있게봤어요,1
마이클,"아직
반밖에
보여주질 못해서 더 기대대는",1
마이클,"서사보다는 인물의 삶과 무대를 중점으로 둬서 흥미있는 스토리는 아니었다. 하지만 얼마나 영향력을 미치는 사람이었으며, 그의 무대와 춤, 노래를 감상 하는 목적이라면 충분히 즐길만한 영화였다.",1
마이클,마이클의 20대까지만 다룬 점은 아쉬운데 눈과 귀가 호강,1
마이클,"콘서트를 다녀온 느낌
대단한 한 사람을 다시 보게 되어서 좋았다
보는 내내 흥분되고 즐거웠다",1
마이클,마이클..마이클..,1
마이클,공연 장면 연출이 너무 훌륭했어요,1
마이클,두시간이 너무 짧게 느껴져서 끝나지 않았으면 했다,1
마이클,"마이클 잭슨에 대해 알게되었다
훌륭하고 가여운 사람...
다음편이 기대된다",1
마이클,"재밌어요 진짜ㅏ 유명한 노래가 너무 일부만 나온 느낌이긴 하지만,,,, 다시 볼수있을 정도였습니다.",1
마이클,아직도 마음이 둠지둠지 하네요~ 진짜 전설은 전설이다!!,1
마이클,누군가의 인생을 2시간동안 보여준다는거..대단합니다. 그것두 마이클의 인생을....,1
마이클,노래와 퍼포먼스가 많았던 영화,1
마이클,평이하게 흘러가는 마이클 잭슨 주크박스,0
마이클,마치 콘서트에 온 느낌 아쉬운 점은 여기서 끝난다고…?,1
마이클,마이클 잭슨의 음악은 역시,1
마이클,"행복했던 시간
음악은 영원하고
그의 인생은 아름다웠고 위대했음을 알게 되고 안타깝고 그를 다시 볼 수 있어 좋았음",1
마이클,사운드가 좋은 상영관에서 보고 싶을 정도로 음악의 비중이 커서 좋았습니다.,1
마이클,"저는 지루함없이 재밌게봤습니다.
지금 들어도 노래가 너무 좋습니다.🎶",1
마이클,추억이 행복이 되는 소중한 시간~ 후속편 완전 기대~~,1
마이클,배우 연기 👍 관크때문에 몰입이 깨지긴했지만 영화자체로는 즐거웠어요 음악도 오랜만에 추억돋고,1
마이클,"전개 구성과 결말에 아쉬움 조차도 잊게 만드는 역대 최고 팝스타의 아우라, 2시간이라는 시간이 정말 짧게 느껴진 영화.",1
마이클,영원한 팝의 황제!!,1
마이클,"보는 내내 시종일관 슬펐어요. 안타깝고 그리웠습니다.
눈과 귀는 황홀했습니다. 배우가 마이클을 200프로 소화해낸 것 같아서 더 몰입이 잘됐어요. 꼭 보세요. 아맥으로!",1
마이클,음악영화로는 예쓰! 전기영화로는 글쎄…;,1
마이클,공연보러 왔습니다~,1
마이클,재밌게 잘 봤어요. (정부지원 할인권),1
마이클,마이클 잭슨의 음악과 춤 열정 천재 아티스트,1
마이클,배급사에 속은 느낌이라 기분이 좀 그렇다.. 그래도 마이클 잭슨과 같은 시대를 살았던 사람이라면 꼭 보길 추천.,1
마이클,마이클의 어린시절부터 솔로데뷔까지만 있어서 좀 아쉽긴했어요. 그래도 오랜만에 명곡들을 들을수있어 넘좋았고 콘서트씬들은 진짜사운드처럼 좋네요,1
마이클,"좋은영화 잘 감상했습니다.
한국이 늦게 개봉해서 아쉽고 2편은 동시개봉되길
희망합니다",1
마이클,80년대를 할았던 사람으로 마이클 잭슨에 열광했던 1인으로 이 영화는 감동과 즐거움이 아닐 수 없다. 그는 천재였으며 불쌍한 삶을 살았다. 음악 굿!,1
마이클,"오래기다린영화.,인천아이맥스.소리짱좋아요.사랑해요.마이클",1
마이클,"최소한의 스토리, 몰아치는 퍼포먼스.
스토리가 얇은데도 퍼포먼스 체급으로 날 감동시킴.",1
마이클,기대 안 했는데 너무 재밌고 연기가 미쳤어요..,1
마이클,일단 사운드는 거의 비지 않고 노래가 전부 다 좋았기 때문에 음악 영화로서는 성공한 것 같음. 다만 마이클 잭슨과 아버지간의 대립구도보다 마이클 잭슨의 속마음이 좀 더 묘사 됐더라면 어땠을까 싶음,1
마이클,"꼬마 마이클을 따뜻하게 안아주고 싶다.

내가 기억하는 마이클은 90년대 후반부터의 모습이기에
몰랐던 일화, 몰랐던 모습이 많았다.

인간 마이클은 그저 순수하고 맑은 사람이었음에
그의 요절이 더 슬프다",1
마이클,재미있게 잘 봤습니다.,1
마이클,왜그리 눈물이 나던지 ㅠㅠ. 이런 천재와 동시대를 살았다는게 하나의 행복입니다.,1
마이클,"이보다 뛰어난 마이클 잭슨에 영화가 나올 수 있을까요?
2편도 기대합니다",1
마이클,영화 재밌게 잘봤어요.,1
마이클,마이클잭슨의 일생을 그린 전기영화였으면 더 좋았을듯.,1
마이클,마이클 잭슨의 음악만으로 영화의 단점들을 모른 척 해줄 수 있음.,1
마이클,"너무 재미있게 잘봤어요.
음악이 너무 좋아요",1
마이클,"음악영화는 ScreenX로 보는 걸 극추!
어린 시절부터 홀로서기까지의 얘기를 다룸
왜 마이클잭슨이…하며 이해가 되는 장면들의 연속!
마이클을 조카가 연기했다는데 씽크로율 높음
특히 아역 배우의 연기가 돋보임",1
마이클,마이클의 인간적 내면을 알 수 있는 시간이 더욱 의미있는 영화였습니다^^,1
마이클,"영화보는내내 콘서트장에있는듯한 공간감과 몰입감이 최고!
screenX로 꼭 봐야할 영화!",1
마이클,무조건 극장에서 봐야할 영화!! 벌써부터 속편이 기다려집니다. 전반적으로 고증도 잘됐고 무엇보다 음악이 주는 감동이 매우 큽니다. 1980년대를 모르는 분들은 마치 타임머신을 타고 그 당시로 가는 느낌이 들듯,1
마이클,음악 빼곤 다 별로…,0
마이클,심한 미화와 날조에 가까운 각색 인간 마이클이 아니라 제작사가 만들고 싶은 마이클의 좋은부분만 짜집기한 졸작,0
마이클,역시 아이맥스에서 보니 콘서트장에 있는거 같았어요,1
마이클,마이클 잭슨의 어린시절부터 보여주는 다큐멘터리 같은 느낌의 영화! 마이클 잭슨 좋아하시는 분들은 꼭 봐야함,1
마이클,즐거운 시간이였습니다,1
마이클,"무대만 봐도 좋았다, 연기도 매우 좋았다.",1
마이클,정말 재밌어요 꼭 영화관에서 봐야하는 영화인듯 하네요,1
마이클,시간 가는줄 모르고 봤네.. 역시 돈 많이 버는 사람들도 다 굴곡이 있어...,1
마이클,마이클 그의 음악은 정말 세상을 바꾸엇다,1
마이클,처음 등장씬부터 전율이 쫘악~^^ 삐레삐레(beat it)하면서 따라 불렀던 기억이ㅋ 빌리진. 스릴러. 힐더월드 등 주옥같은 노래들이 감격스러워서 심장이 내내 쿵쾅. 시대의 영웅이 살아있는 것만 같은 느낌이었어요.,1
마이클,"스크린 x로 봐서 마이클 잭슨 콘서트 온 느낌!
연출이랑 배우 연기가 돋보였고, 명곡 메들리 영화였음",1
마이클,너무 몰입됩니다. 무조건 봐야합니다..,1
마이클,고2아들이 마이클 관람 원해서 가족들 전부 보러왔어요.어릴 때부터 1988년 공연까지의 내용이예요. 영화는 속편을 염두하고 만든 거 같아요. 영화에서의 콘서트 장면은 생생하고 참 좋아요. 남편은 좀 지루했데요,1
마이클,마이클 음악에 나도 모르게 엉덩이 들썩,1
마이클,"천마의 재림, 그 열기를 느껴",1
마이클,영상과 음악만으로도 충분함!,1
마이클,지금 개봉한 건 전반부 내용이고 후반부는 2년 후 개봉 예정이라던데 그래서인지 전개가 느리고 별 내용이 없는 느낌. 배우가 마이클 잭슨 조카라서 그런지 싱크로율이 엄청났고 삽입곡들이 다 좋아 귀가 즐거움.,1
마이클,2부가 너무 기대됩니다.,1
마이클,시사회때 너무 재밌게봐서 개봉하는 날 바로 또 봤는데 최고입니다,1
마이클,영원한 팝의 황제 마이클잭슨..,1
마이클,애인이 봐서 즐거운 시간이였어유,1
마이클,"마이클의 음악은 시간이 흘러도 여전히 베스트, 허나 영화는 마이클의 후광에 업혀가려고만 하는 것 같다.",0
마이클,너무 감동적이고 마이클이 다시 살아왔으면 했댜,1
마이클,온몸이 들썩들썩 2시간이 금방 지나감,1
마이클,"영화적 재미는 수작이네요.
마이클잭슨의 조카인 자파잭슨이 삼촌의 연기를 하느라 고생했음...
한편으로는 실제로 존재하고 있는
잘난 아티스트가 가족으로 있으면 빨대 꼽기 쉽다는 이면을 보여준듯...",1
마이클,목소리랑 춤선을 똑같이 구현했어요!,1
마이클,"마이클잭슨 음악에 다시 빠졌어요! 어릴 땐 어딜가나 흘러나오고 칭송되는 그의 음악들이 익숙해서 그냥 당연한것처럼 수동적으로 느꼈는데, 영화의 서사만으로도 대단한 사람! 콘서트 간 것 같은 느낌이었어요!",1
마이클,시간이 너무 빨리 가서 몰입에세 빠져 나오기 힘들었다 마이클 잭슨을 직접 보고 그의 노래를 듣는데 정신이 없었다. 훌륭한 작품이다.,1
마이클,적당했다~~ 몇 노래는 잘 몰라서 아쉽,1
마이클,영원한 GOAT의 이야기는.. 대충 만들어도 그의 선율이 덮어버리고 마는 듯.,1
마이클,2시간 영상에 그를 오롯이 담아내기엔 역부족 ㅜㅜ,0
마이클,잘 만든 뮤직비디오를 본 기분.,1
마이클,재미있게 잘봤어요...,1
마이클,"마이클!
그는 진정 팝의황제다
그가 너무 그립다!",1
마이클,"뻔한 전기영화였지만, 마음을 울리고 다시보고 싶은 영화는 오랜만이였다.",1
마이클,학창시절에 응얼거렸던 빌리진 등을 회상하면서 마이클을 관람했는데 잠시나마 30여년전으로 회귀했네요~^^,1
마이클,전율이돋는..나..MJ좋아하네,1
마이클,명불허전 마이클잭슨,1
마이클,2시간 짜리 마이클 잭슨 뮤직비디오.,1
마이클,전설의 찬란했던 시절,1
마이클,"어제 '마이클' 개봉일에 관람하고 왔습니다. 엔딩크레딧 뒤에 쿠키는 없지만, 노래 완곡으로 들려주셔서 좋았습니다. 영화 상영내내 잭슨파이브의 마이클에서 마이클 잭슨이 되기까지의 다양한 음악ㆍ춤들 감동!",1
마이클,너무 단편적인 부분만 보여준 것 같아 아쉽다,1
마이클,마이클 잭슨 전기영화 나오면 꼭 보려고 했는데 소원성취했네요. 빌리진 전주곡 나올때는 온몸에 소름이 돋았어요.,1
마이클,오랜만에 마이클 음악을 들어서 너무 좋아요!,1
마이클,"내용은 알멩이가 없다
곡의 서사도 부족하다
그러함에도 음악만은 즐겁다",0
마이클,"놀랍네요~~^^
마이클 잭슨도 영화도!!",1
마이클,재미있게 잘 봤습니다 ~~,1
마이클,"가족이라는 관점과 한계에서 벗어나 전세계적인 사랑을 얻게 된 마이클의 입장도 이해가 되지만, 그 당시 배경을 생각하면 아버지가 나머지 형제를 생각하는 마음도 한편으론 이해가 된다. 어머니의 비중이 큰듯",1
마이클,노래만으로. 영화를 볼 가치가...,1
마이클,노래 만으로도 영화관갈 가치가 있음,1
마이클,"IMAX 추천
스토리는 아쉬울 수 있지만 ost랑 배우들의 연기는 완벽한 영화 였다",1
마이클,마이클 잭슨인데 무슨 말이 더 필요할까.,1
마이클,His Story Continues!!,1
마이클,마이클잭슨 노래를 극장에서 들을 수 있어서 좋았다.,1
마이클,음악영화 좋아하면 볼 가치 충분한 작품!,1
마이클,내용없는 그냥 전기영화,0
마이클,"마이클잭슨과 똑닮은 조카의 연기, 훌륭한 노래들. 그거면 충분했습니다. 너무 너무 감사한 시간이었습니다",1
마이클,마이클잭슨 마이클잭슨,1
마이클,나의 젊은 시절 우상이었던 마이클 잭슨의 무대에 초대받아 입장객들과 함께 열광하고 온 듯,1
마이클,훌륭한 연출과 배우들의 연기 인상적이다.,1
마이클,아이맥스에 최적화된 음악전기 최고다!!,1
마이클,좋은 사람인데 넘. 빨리 우리를 떠났네요~,1
마이클,진짜 살아있는 그를 영접하는 기분이다,1
마이클,너무너무 재밌게 잘 봤습니다.,1
마이클,"좋아하는 가수의 노래를
맘껏듣고즐겼다",1
마이클,그의 음악은 아직 살아있다,1
마이클,훌륭한 연출과 배우들의 연기 인상적이다.,1
마이클,잘만든 영화는 아니지만 마이클잭슨을 좋아해서 잼있게 봤어요.,1
마이클,굿굿 잘 봤어용 ~ 2부도 있네...,1
마이클,노래가 정말 좋네요.,1
마이클,"마이클의 일대기를 다룰줄 알았는데, 뮤비보는 느낌이 들어 좀 아쉬웠음
그래도 잘 봤습니다",1
마이클,너무너무 재미있게 봤어요,1
마이클,"마이클이
이런 사람이었구나 하고
알게되었다. 천재이고 착한 사람이었구나",1
마이클,"다시 마이클에게 빠져듭니다
마이클의 열정, 삶..
여운이 가시지 않네요
천재적인 뮤지션.
우린 여전히 그를 사랑합니다",1
마이클,마이클잭슨 노래들 큰화면으로 좋은 사운드로 들을 수 있어 좋았습니다~!!,1
마이클,마이클잭슨 전기영화 굳,1
마이클,푹 빠져들었어요 역쉬 최고가 되기위해서는 재능도 있어야 하지만 무던한 노력이 필요하겠죠~~,1
마이클,"꼬리가 없다. 약간 어색. 노래 좋고, 잠은 오고…. 졸다가 20분은 놓친 듯.",1
마이클,그의 거대한 히스토리를 이렇게 단편적으로 담다니... 약간 아싑...,1
마이클,별4개 마이클잭슨 팬으로서 2탄도 고~,1
마이클,"마이클잭슨은 영원한 뮤직션입니다.
감동 그자체입니다.",1
마이클,재미있고 즐겁게 봤습니다,1
마이클,정말 재미있게 잘 관람했습니다!!,1
마이클,기대보다는 조금 아쉬웠어요.,1
마이클,"한 세기를 압도적으로 앞선 마이클~~♡
환경이 수용할 능력?이 되어주었지만 인간마이클의 삶 너무너무 ~~뜨거움이 감상평적는 지금도 흐느낌으로 온다.
마이클의 부분이라도 곁눈질하게 해준 모든분 감사 🙏",1
마이클,정오12시10분에 잘보고 왔어요 n차볼까고민중입니다,1
마이클,그의 명곡들로 채워진 ost들만 들어도 충분한 값어치가 있는 영화 + 조카의 완벽한 연기까지,1
마이클,기대를 너무 했나 생각보다는 그렇게 대작은 아닌 느낌.. 좀 아쉬워요,1
마이클,음악이 모두 유명하고 신나서 흥얼거리게 됩니다,1
마이클,"2탄 나오나요??
갑자기 끝내기 이씀?ㅎㅎ
2시간동안 그의 음악과함께 해서 행복했네요",1
마이클,"리뉴얼된 인천스크린x. 감동, 재미 모두 업그레이드.",1
마이클,신나고 재미있었어요. 히트곡 반가움^^ 좋았습니다.,1
마이클,"영화를 보며
나는 멈췄고
몸이 먼저 기억했고
내몸이 흔들렸고

마이클을 만났던
중학교 시절
그 움직임으로
나를 만났고

잊은 줄 알았던 내가
문득 돌아와
너무 오래 미뤄둔 내모습
거기있었음을 발견했네요",1
마이클,인류 역사상 최고의 엔터테이너가 스크린으로 돌아왔다,1
마이클,재밌다2나오나요 시간순삭,1
마이클,오랜만에 푹빠져서 봤습니다 굳굳,1
마이클,"80년대 마이클 잭슨과 시대를 같이 했다.
그가 그립다.",1
마이클,마이클 다시 보고싶어 요,1
마이클,"이토록 순수한 천재를 왜그리 억까했을까
황색 언론매체 싫다 진짜. .

마이클2 나오길 바랍니다.
유년 ㅡ정점까지만 다뤘네요",1
마이클,기대보다는 ㅠㅠ 그래도 마잭은 마잭이다..,1
마이클,내용보다 노랠 들을수 있어 행복 했습니다,1
마이클,"말이 필요없음..
생각보다 퀸시의 분량이 많이 없었음..",1
마이클,"주옥같은 노래들 
아이맥스로 보는걸 추천
마이클잭슨 그립다",1
마이클,최고의 가수 마이클 잭슨의 일대기,1
마이클,영화 잘봤습니다...,1
마이클,음악이 좋아서 잘 보았어요,1
마이클,"마치 콘서트에 온듯한, 노래만 들어도 너무 좋았습니다. 
그냥 보면 됩니다.",1
마이클,영화 재미있게 잘 봤습니다.,1
마이클,"마이클의 어린시절 어려운 성장기
좋았어요",1
마이클,마이클 잭슨 마이클 잭슨,1
마이클,마이클잭슨이그립습니다.,1
마이클,드라마부분이 좀 별로예요,0
마이클,"초반부터 아버지와 같등만 강조.
마지막 많은 음악이 그나마 좋았음.
주인공의 얼굴이 달라 몰입감이 덜함.
갑자기 시즌2 예고하듯 끝남.
역시나 마이클잭슨의 대단함을 2시간만에 다루기는 힘들다고 생각됨.",1
마이클,"한 편의 영화가 아닌 마이클의 콘서트에서 그와 함께 노래를 부르고 온 듯한 느낌. 자막이 다 올라갈 때까지 마이클의 노래를 듣기 위해 앉아 있어야 했다. 힐더월드, 위아더월드 등의 명곡은 마이클2에 나오려나.",1
마이클,마이클잭슨의 노래들만으로도 다른말이 필요없습니다 곧 2차 갈 예정,1
마이클,중반에 약간 지루함. 노래를 어릴때가 훨씬 잘부름. 스릴러 앨범 곡 만들때 에피가 부족함. 그럼에도 팝황제의 귀환은....,1
마이클,"역시는 역시
마이클의 클래스가 느껴지는 
스크린 X로 또 보려고 합니다",1
마이클,두 편으로 나눠 제작하지 않았다면 스토리가 탄탄했을텐데 아쉽지만 춤과 노래는 여전히 멋져요,1
마이클,하도 좋지 않은 소리와 돈욕심 가득한 주변인들때문에 또 억울하게 알려진 이야기들까지 생략되기도해 기대치가 낮았음에도 음악에 몰입하게 되는 힘은 여전해서 몰입해서 보게 된다. 2부도 빨리 나왔으면 한다,1
마이클,사상 최고의 가수에게 바치는 신성화,1
마이클,마이클스타의 성장기 뒤엔 엄한 아버지가 계셨네요 스타의 성공의 양면성,1
마이클,평범한 스토리라인이지만 음악과 연기가 살려낸 영화. 3.5점 / 5점,1
마이클,겸손하고 최고의 슈퍼스타,1
마이클,Just legend,1
마이클,다시 마이클의 콘서트를 보다...,1
마이클,너무너무 즐겁고 행복했던 마치… 선물과 같은 영화였다. 마이클 잭슨은 역시 레전드,1
마이클,"스크린X로 보세요
공연한편 감상한듯한 느낌
재미나게 감상했습니다",1
마이클,"그의 성공까지 어려운 길을 간접적으로 본 느낌이었다
노래들은 지금 들어도 띵곡들 뿐!",1
마이클,가나다라마바사아자차카타파하,1
마이클,마이클 잭슨의 콘서트에 와 있는 기분. 서사가 좀 아쉽지만 2편을 기대해본다.,1
마이클,마이클이 얼마나 아이콘인지 잘 전달됨. 각본은 많이 아쉬움,1
마이클,"노래랑 무대는 좋은데 스토리랑 결말이 아쉬워요
마이클 잭슨 노래를 좋아하면 볼 만하지만 그렇지 않다면 추천하지 않습니다
엄마가 보고 싶어 하시는 영화는 처음이었는데 엄마는 완전 만족하셨습니다",0
마이클,'황제'라는 별명이 왜 생겼는가를 몸소 느끼게 해주는 작품. 마이클 잭슨의 불행한 유년시절과 대비되어 더 화려해 보이는 무대 위의 잭슨을 느끼지 못한 세대가 마주할 수 있는 가장 확실한 방법이 이 영화인 듯,1
마이클,"좋아했던 가수가 아니었음에도 그의 노래에 몰입하게되고 흥얼거리게 되는 두시간의 마법!
뭔가 스토리가 빠진듯한 내용은 흠...하지만 다시없을 대단한 뮤지션이였음에 박수를!!!",1
마이클,Abcdefghijklmn,1
마이클,마이클 잭슨 리스닝 파티 영화,1
마이클,"마이클 잭슨의 파란만장 스토리, 노래들 인상 깊었습니다.",1
마이클,안좋은 평들을 많이 보고 가서 걱정했는데 기대치가 낮아서 그랬나 넘 재밌게 잘 봤어요 콘서트 보는 느낌이라 몸이 들썩들썩 노래가 너무 좋고 무대가 멋있어요,1
마이클,내용이 지루하고 추천 안합니다,0
마이클,또 하나의 뮤직 영화가 탄생 예감,1
마이클,"여론과 대중의 비난을 받고 그 이후의 대처..도 궁금했는데..
내가 좋아하는 노래는 안나왔다는..",0
마이클,재밌게 관람했습니다,1
마이클,"MJ 그만 괴롭혀
후속은 절대 안본다",0
마이클,생각없이 보러간 건데 마이클이 좋아졌어요,1
마이클,흥미롭게 잘봤습니다.,1
마이클,"배우 연기는 좋았으나 스토리라인, 엔딩 너무 아쉬웠다
세기의 슈퍼스타 일생을 담기에 영화의 그릇이 작지 않았나",1
마이클,굿.굿.굿.굿.굿.,1
마이클,마이클 잭슨의 노래를 스크린에서 보고 즐길 수 있어서 넘 행복했어요 재관람 ~♡,1
마이클,마이클 잭슨 음악을 극장에서 듣는것만으로도 감동,1
마이클,상영시간이 짧게 느껴졌어요. 연기도 잘하고 노래를 신나게 들을 수 있으니 좋았어요. 엔딩크레딧 끝날때까지 자리에 앉아 노래를 들었어요. 2편 나올거라 기대 해요.,1
마이클,휴먼네이쳐 나올때 펑펑 울었다... ㅠㅠ,1
마이클,배우들 연기와 음악이 좋았어요,1
마이클,마이클잭슨의 대단함이 고스란히 느껴져요 콘서트 관람한듯 심장이 쿵쾅쿵쾅!!!,1
마이클,재미있게 잘 관람했습니다.,1
마이클,원곡이 주는 음악적 즐거움 외엔 너무 재미없는 전기영화. 법적인 이유로 빠진 어린시절 한 부분이 이렇게 클줄이야... 실제 사촌이라는 배우도 마이클의 삘을 열심히 흉내만 낼 뿐.. 다만 그의 음악엔 이견없음.,0
마이클,"넘 재밌게 잘봤어요!! 마이클의 삶과 노래, 공연을 영화로 감상할 수 있어서 넘 좋았습니다♥ 눈물도 나고ㅠㅠㅠ다음편도 넘 보고싶어요",1
마이클,신이 내려준 최고의 슈퍼스타,1
마이클,그의 명곡들을 흥얼흥얼 듣다가 끝나버린 영화.,1
마이클,빨리 속편도 제작해주세요 싱어롱 개봉해주세요 편집된 장면으로 감독판도 개봉해주세요,1
마이클,"지나치게 단편화된 갈등구조의 지겨움
훌륭한 영상미와 OST로 화려함만 가득
속 빈 강정인 현실에 2편의 제작 완성도도 의심
보다 중요한 스토리가 전개될 만큼 
각본을 단단히 다져야 할 듯 함",0
마이클,"""마이클 잭슨""",1
마이클,"음악을 계속 들을수 있어서 좋았고요.
어린시절을 어린아이답게 못 보내서인지 성인이되어서도 아이같이 순수한 모습에 뭔가 애잔한 느낌이 들었어요~",1
마이클,"자파잭슨 모든게 완벽했어!! 인생영화 등극!!
작년에 마이클 티져보고 개봉하는날 꼭 봐야지 했던 기대작이었는데 기대이상이었습니다. 파트2부턴 지금 30대도 좋아할만한 곡들이 나올 예정이네요!!",1
마이클,후속작을 빨리 낋여오시오!!!!,1
마이클,재밌게 잘 관람했습니다.,1
마이클,영화관에서 콘서트장으로 변한다,1
마이클,뭔가뭔가 너훈아쇼를 본 느낌,0
마이클,"3년 전, 그의 조카 ‘자파’가 그의 일대기를 그리는 영화 
‘마이클”에 나온다는 소식에 설렜다. 그리운 전설의 팝황제그를 다시보며 눈물이 났다. 감동과 추억돋이로 가득찬 카타르시스로 행복해진 127분이다",1
마이클,2시간 짜리 마이클 메들리,1
마이클,"앞부분은 조금 지루한 면이 있지만, 뒤로 갈 수록 재밌어요. 특히 마지막 콘서트는 정말 볼만했습니다. 재밌어요.",1
마이클,처음부터 끝까지 마이클노래가 가득해서 좋았음.,1
마이클,기대 별로 안했는데 재밌게 봤어요,1
마이클,이거 파트 원. 사전에 왜 안 알려줬던건지. 마켓팅술수였나.ㅋ2부는 법정이슈로 제작 못할듯 이거로 끝인듯함.마이클이 착한사람이다보니 개나소나 개수작으로 사건시비 걸어서 돈뜯어내려는 인간들때문에 죽음,1
마이클,실관람평 실관람평 실관람평,1
마이클,마이클 잭슨의 노래 실컷 들을수 있어서 좋았어요,1
마이클,몰입하게되는 무대와 연출,1
마이클,"마이클잭슨의 화려한 모습과 음악세계..그리고, 뒷편의 고뇌와 아픔을 음악으로 승화시키는 모습에서 지금까지 잘 알지 못했던 단면을 볼 수 있는 작품",1
마이클,위대한 뮤지션의 위대한 여정을 잘 표현했는데 다음편을 의식했는지 약간 후반부가 무덤덤하게 그려짐..,1
마이클,2부작이 아니라 3부작으로 만들어야겠다!!,1
마이클,마이클 잭슨은 신이에요,1
마이클,잘 봤습니다 마이클 좋았어요,1
마이클,낮잠까지 자고 간 상태여서 컨디션 좋았는데 너무 엉성한 구성과 스토리에 하품이 나왔습니다. 그의 공연과 잭슨을 연기한 노력은 좋았지만 역시 영화에선 이야기가 가장 중요하다는걸 새삼 또 느끼네요.,0
마이클,정말 마이클 잭슨은 슈퍼스타 그 자체ㄷㄷ,1
마이클,노래는 당연히 좋을 수밖에 없고.. 한창 흥 오를때 뚝 끊긴 느낌,1
마이클,마이클 잭슨을 이렇게밖에 못 쓰다니…,0
마이클,마이클잭슨 노래에 취해 시간 가는줄 몰랐네요~ 마지막앤딩이 넘 허무하게 끝나서...2편을 염두해 둔것인지...,1
마이클,마이클 재밌게 봤습니다. 역시 최고네요..ㅎㅎ,1
마이클,보는 내내 답답했음. 아빠가 너무 미화돼서 나오고 죽은 마이클 잭슨이 이거 보면 열받을거 같음. 실화랑 너무 다르게 미화돼고 줄야서 나온 부분들이 너무 많음,0
마이클,영화를 보는 내내 마이클잭슨의 명곡들이 흐르고 그가 보여준 무대들이 오버랩 되면서 더욱 더 그가 보고 싶었네요ㅠㅠ영화는 온전히 그를 담아내지 못한것 같아 아쉽지만 그래도 잘봤습니다.,1
마이클,서사는 엉망 그러나 천마는 보는것만으로도 즐겁다,1
마이클,"자파 잭슨의 연기와 춤 퍼포먼스는 좋았지만, 스토리와 연출면에서 너무 단순한 아빠와의 갈등만을 포커스로 둔 것이 아쉽다.",0
마이클,"잭슨 아빠하고 돈킹하고 거래한게 아닌 이상
이렇게 스토리 없고 공연영상 위주로 연출.. 마이클팬은 무조건 볼거니까 관객을 잡아논 물고기 취급 하는 영화 
게다가 다음편까지 뽕을 뽑으시겠어…",0
마이클,잭슨 빼고 마이클. 그럼에도 마이클.,1
마이클,마이클 잭슨의 삶을 조금이나마 엿볼 수 있었던 영화. 이런 천재가 또 나올 수 있을까?,1
마이클,미쿡에선 평론가 vs 관객 평이 심하게 갈린다던데.. 조용히 평론가 편에 서보고 싶따.. 우리형 이런분 아닌데..,1
마이클,진정한 팝의 황제의 귀환,1
마이클,어렸을때 부친의 학대 로 아이들에게 관심 많아 도와주면 유명인 이라고 곤욕치뤘지. 영화 개봉하니 사기꾼 또 나타났던데 엄중처벌 받기를. 저당시 노래는 당연하고 문워크로 세계적인 히트치고 천재적 가수,1
마이클,"마이클잭슨을 추억하면서 넘 재미있게 잘 봤어요~~
콘서트를 본 느낌~2탄이 나올것 같네요~",1
마이클,잼있어요 또 보진 않을거 같네요 ㅎ굿,1
마이클,마이클을 담기엔 2시간이 부족. 다음편이 기대됨.,1
마이클,마이클잭슨이 그립네요,1
마이클,"마이클 잭슨의 위대한 모습과 인간적인 모습 모두 잘 표현했어요. 차기작도 기대되요.

#마이클잭슨#더킹",1
마이클,"공연실황 보는느낌이여서 발장단췄어요 ㅋㅋㅋ
드럼베이스 음향효과 사운드 쥑입니다🙌
배우가 연기가 아니라 찐댄서 찐싱어에요❤️‍🔥
보헤미안랩소디보다 더 신나긴했어요 
마이클 노래 좋아해서🫶",1
마이클,마이클 잭슨의 노래를 스크린에서 보고 즐길 수 있어서 넘 행복했어요 재관람 ~♡,1
마이클,엔딩이 아쉬웠지만 마이클잭슨 음악 좋아하는 사람으로써 잘봤습니다,1
마이클,와 진짜 무조건 아이맥스로 보세요 지립니다,1
마이클,좋은 음악 영화라고 생각합니다,1
마이클,다른건 몰라도 역시 노래만으로 볼가치가있는 영화,1
마이클,눈과 귀가 호강합니다ㅎㅎ,1
마이클,전설을 뛰어넘지 못하다. 가창력은 좋다.,0
마이클,조카가 마이클 빙의 제대로 했다,1
마이클,"shallow, inert picture.",0
마이클,마이클잭슨의 음악을 들을 수 있어 콘서트장에 온것같은 기분이 들었고 주연배우가 정말 많은 준비를 했다는 생각이 들었다 춤이나 무대가 진짜 마이클을 보는듯한 착각을 불러일으킬만큼 완벽했다고 생각한다,1
마이클,아직 안나온 노래도 많은데 넘 빨리 끝났어요 아쉽! 배우연기가 최고예요!!,1
마이클,진심 최고에요 마이클잭슨 잘 몰랐던 저도 우와하고 봤습니다 정말 최고에요 꼭 보세여,1
마이클,이전의 명곡들을 다시 들으니 이전의 기억들의 소환되서 더 감동적이았음,1
마이클,"마이클잭슨 영상이 전혀 없어서
아쉬웠지만 배우도 멋있었고
천재아티스트의 삶에대해 더
자세히 알수있어 좋았어요",1
마이클,"보헤미안 랩소디에 한참 못미쳤고 스토리가 1부만 나욌네요
3부작인가요?",0
마이클,"마잭… 팝의 황제 그 말밖에는 할말이 없어요 
영화 넘 좋아요!!",1
마이클,음악영화 역시 즐거워요^^ 다만 전성기의 전반부만 다루어지는게 조금 아쉬웠습니다. 2를 기다려보아야겠네요.,1
마이클,마이클 잭슨이 세계적인 스타인 건 알았지만 얼마나 대단하고 재능 있는 사람인지 다시 느끼게 되는 영화. 그런 그를 재현할 사람이 존재할까 싶었는데 엄청난 노력이 느껴지는 싱크로율에 조카님께 박수를.,1
마이클,그냥 같이 따라 부르면 어느새 영화끝,1
마이클,"대중문화에 있어 
가장 위대한 아티스트와 만남",1
마이클,나 마이클잭슨 좋아했네 최애였네,1
마이클,"영화 자체는 별로인데, 노래가 좋습니다",1
마이클,인물에 일생 서사가 가득담긴 영화인줄 알았으나 사실상 콘서트라 봐도 무방했는데 이게 미디어에 연출된 마지막 콘서트라 생각하니 더더욱 여운이 깊고 잘 봤다,1
마이클,마이클잭슨은 마이클잭슨이었다,1
마이클,"시간에 쫓기는 듯한 전개가 아쉽기도 했지만, 영화로 그를 다시 만나게 되어 뭉클하고 울컥하고 행복했습니다.",1
마이클,콘서트를 보고 온 듯 한,1
마이클,몰입감은 좋았지만 뭔가 아쉬운,1
마이클,솔직히 각본은 루즈했지만 그걸 한참 아득히 뛰어넘는 명곡들의 메들리가 너무 강렬했다,1
마이클,여러분 만족 안 되시면 유튜브에 모타운25주년 빌리진 검색 ㄱㄱ,1
마이클,묘하게 다르게 생겨서 와닿지가 않아요 너무 짧은 스토리,1
마이클,얼른 2편을!!! 마지막 그렇게 끝나면 안된다 얼른 뒷 이야기를!!,1
마이클,솔직히 진짜 킬링타임용으로도 별로네요 그냥 노래만듣다가 온거같은느낌. 그냥 유튜브에서 마이클잭슨 뮤직비디오나 몇편보는게 낫습니다. 6000원 할인권아니였으면 돈엄청 아까웠을듯,0
마이클,보헤미안랩소디만큼의 감동은 덜했지만 충분히 값내고 볼 영화 인정,1
마이클,감동적이었습니다^-^,1
마이클,마잭을 뛰어넘을 자는 없고 없을 것 같다.,1
마이클,노래는 말할것도 없이 좋아요 But...,0
마이클,"무대 위에서는 시대를 바꾼 천재였고, 무대 밖에서는 끝없이 논란 속에 살았던 사람.
전설이라는 이름 뒤에 숨겨진 인간 마이클 잭슨을 어떻게 담아낼지가 가장 궁금한 영화.",1
마이클,다시 볼 수 있어서 너무나 행복했어요,1
마이클,"배우분도 비숫한 이미지고요.
감독연출도 봤던영화 좋아하는
작품 만드신분이였고요.

실존인물 내용도 자세히
알게되고요, 역시 음악하는
사람은 다르구나 다시한번
알게되었고 표정연기랑
춤도 대단했어요.",1
마이클,마이클잭슨 팬이 아니라면 영화가 많이 지루할것 같습니다 아는 노래 빌리진하고 비트잇 두개바께 몰라서 공감이 많이 덜 됐습니다 마지막 엔딩은 똥싸다가 중간에 끊고 나온 느낌이였습니다,0
마이클,평일 오후가 즐겁게 마무리되었어요. 좋은 음향 시설로 듣는 것만으로도 만족스러웠어요.,1
마이클,노래는 좋았으나 내용이 뭔가 많이 부족하다는 생각이 들었다.,1
마이클,"4년을 기다려왔던 영화!! 드디어 개봉을 했네요ㅠㅠ!!
아역배우가 연기를 너무 잘해서 몰입감 있었어요
마이클 잭슨의 보지 못했던 어린 시절을 마주 보는 느낌이라
너무 감동적이고 마음에 오래 남을 것 같아요",1
마이클,명곡외 모든게 문제,0
마이클,음악이 너무 좋았어요,1
마이클,"사운드적으로 즐거운 영화.
스토리전개는 좀 떨어짐",1
마이클,막 좋다고 하기엔 아쉬움이 많이 있는..,1
마이클,"기대를 너무 많이 했나 좀 지루했어요
마지막엔 갑자기 뭐지???? 이런 느낌
그리고 마이클잭슨 아우라가 너무 세서 그런지 배우가 노력했지만 마이클 잭슨 그는 아무나 흉내낼수 없는거구나라는 생각이 들었어요",0
마이클,잭슨이란 자아가 마이클이라는 초자아에 압도 당할때,1
마이클,"80년대로 돌아가 맘껏즐겼네요.
마이클의 가족어대한 챡임감과
여리고 아픈 가족관계도 천재성을 
인정함으로 그를 응원합니다.
그가 그립네요",1
마이클,연기와 노래는 좋았다,0
마이클,다시한번 마이클을 볼수있어서 행복했습니다....ㅠㅠ,1
마이클,영화 너무 좋았습니다. 추천합니다!,1
마이클,배우가 너무 잘해서 몰입해서 보게되네요 한창재미있을때 끝나서 아쉬워용 ㅠㅠㅋ,1
마이클,"음악과 그의 이야기 
역시 기대 이상 !!!",1
마이클,"마이클 잭슨 시대는 애기 때 였는데 티비에서 볼때는 그 시대 대단한 분이라고만 생각 했는데 어린이 때 부터 그런 아픔이 있는지 몰랐던 부분과 타고난 천쟁성 까지 대단함
88년까지먀 나와서 아쉽긴 하네요ㅜ",1
마이클,기대이상으로 재밌었어요!! 추천합니다,1
마이클,위대한 것은 이 영화가 아닌 마이클 잭슨.,1
마이클,너무 멋있고 노래 나올 때 마다 온몸에 전율과 몸이 막 자동으로 반응하는 느낌 스토리도 탄탄하고 섬세한 포인트들이 감동을 줬다. 울기도 많이 울었고 내적댄스도 췄다 ㅎㅎ 너무 인상깊은 영화였습니당,1
마이클,댄싱어롱 열어주세요. 박남정 초대하고 싶어요.,1
마이클,마이클 마이클 노래 지금 들어도 10년 후 에 들어도 좋은 노래,1
마이클,마이클 잭슨 너무 그립습니다.인류가 존재하는 한 가장 위대한 뮤지션이자 아티스트이자 인류애 가득한 그를 존경합니다,1
마이클,마이클 잭슨 노래 너무 좋아요,1
마이클,"공연보는 기분이고 보는내내 들떴어요~
스토리가 아쉽긴하지만 극장에서 보는 재미가있었어요.",1
마이클,무대가 끝나는 게 아쉬웠다.,1
마이클,재밌네요. 마이클을 좀더 알게되는 영화입니다~,1
마이클,"웅장함이 살짝 아쉬움. 스무스 크리미널이 없어서 아쉬움.무대에서 춤출때 표정, 발동작크로즈업, 뒤돌아선 관객뷰샷 등은 멋진연출.",1
마이클,최고입니다. 허나 실제 마이클 관련 가해자들에 대한 무거운 이야기도 담겨져야 비로소 하나의 전기 영화라 할 수 있겠습니다. 찬란하고 멋있는 모습만 보일 게 아니라 후속작 혹은 2편에서 다뤄져야 합니다.,1
마이클,"마이클! 마이클! 마이클! 마이클! 
마이클잭슨의 노래를 듣는 것만으로도 감동이었던 2시간",1
마이클,전기 영화로는 엉망이지만 즐거움은 가득하다.,1
마이클,"기대이상으로 재밌게 잘봤습니다. 노래와 춤, 스토리 빠지는 부분이 없네요.. 영화를 보는내내 마이클잭슨이 많이 보고 싶어졌어요... 2편이 빨리 나오길 기대합니다^^",1
마이클,재미있게 잘봤습니다 ㅎㅎ,1
마이클,"마이클잭슨 노래 들으니까 좋았네요
2편 빨리 ㄱㄱ",1
마이클,"와~ 정말 신나고 즐겁고 재미있게봤어요 
돈독올라서 마이클을 돈벌이수단으로 밖에 안보는 
정신나간 아버지 이야기도 첨 알게됐고, 이 영화 강추합니다",1
마이클,"마이클 잭슨의 일대기를 볼줄이야ㅜㅜ
너무 그리워요",1
마이클,"처음 알게 된 인간 마이클은 리스펙...
마이클의 시대를 맛본 것만 해도
큰 행복이다..

진짜 미쳤다ㅠㅠ",1
마이클,마형 뭐가 그렇게 급해서 빨리 갔어,1
마이클,재밌게 잘 봤습니다~,1
마이클,제가 좋아하는 곡이 많이 안나와서 아쉬웠어요~,1
마이클,안타까운 이야기를 알고 보니 안쓰럽다. 노래가 너무 좋다. 두 번 정도 더 봐야겠다.,1
마이클,자파 잭슨 퍼포먼스 진짜 비슷!!,1
마이클,"2편 빨리 개봉했으면 ㅠㅠ
긴 예고편 본 느낌이네요 너무너무 잘 봤습니다 정말 아직까지 가슴이 두근두근하네요 🎩🔥🕺",1
마이클,어쩌면 마이클에게도 진작에 이런 영화가 필요하지 않았을까 싶다. 그동안 매체에서 다뤄온 마이클 잭슨에 대한 묘사는 '괴물'이었으니까. 팬 입장에선 마이클을 긍정적으로 다뤄준 작품이라는 것에 그저 감사.,1
마이클,"싱크로율 99.5 퍼센트.
열정과 배려와 사랑고 나눔으로 살다간
우리의 마이클.
그의 음악을 기억하고
그의 삶을 기억하고
좋은 세상을 향해 늘 노력하던 위대한 뮤지션을
잊지 말자.",1
마이클,"마이클 잭슨의 조카 자파 잭슨의 연기와 캐릭터 소화력, 그리고 명곡이 다한 영화",1
마이클,마이클! 마이클!! 마이클!!!,1
마이클,마이클 IMAX 관람 즐겁게 잘 봤습니다,1
마이클,콘서트에 온것같아요,1
마이클,역대급 음악영화가 또나왔네 마잭을 잘 모르더라도 노래랑 춤이 이끄는영화,1
마이클,마이클잭슨 너무 착해요👍,1
마이클,진짜 마잭 보고싶어 엉엉엉,1
마이클,잘봤습니다 글자수제한없애요,1
마이클,"영화관에서 나온뒤 노래 계속 찾아 듣는 중입니다😆
주연배우 연기 넘 좋았고
얼마나 피나는 노력을 했을지 상상이 가서 감동이었어요!
후속편이 기다려져요. 2차로 또 보러 갈겁니다!",1
마이클,"마이클잭쓴!!!!
영화보고 노래듣게 됬어요!!ㅎ
영화 몰입감있게 잘봤습니다",1
마이클,마이클 재밌게 잘봤어요,1
마이클,"노래는 좋았다
장점이 노래뿐인건 좀",0
마이클,마이클잭슨에 성장과정과 노래에대한열정에 박수를보냅니다,1
마이클,엄마랑 같이 봤는데 재밌어해서 저도 좋았어요,1
마이클,천마 강림 후 그의 고뇌는 다음 시간에…,1
마이클,"마이클잭슨을 좋아했던 학창시절의 추억있다면. 강추!
집사람이랑 너무 재미있게 봤네요...보는내내 그가 그리웠네요
2편이 있다는게 순간 짜증났지만? 또 다시 볼수있다는 설렘으로 기다려집니다",1
마이클,"배우가 마이클 잭슨 가족 구성원의 아들이어서 그런지 이질감 없었습니다 또한, 그의 음악을 많이 알고 있는 상태에섳들으면 훨씬 재미있을 것 같아요",1
마이클,"배우가 마이클 잭슨 가족 구성원의 아들이어서 그런지 이질감 없었습니다 또한, 그의 음악을 많이 알고 있는 상태에섳들으면 훨씬 재미있을 것 같아요",1
마이클,재밌게 잘 봤습니다,1
마이클,"한국이여, 이게 뮤지션이다.",1
마이클,마이클잭슨이이란 아티스트가 얼마나 좋은 사람인지 알게해줬어요. 노래를 들으며 더욱 그리워지더라고요.,1
마이클,"오로지 노래감상이라면 가치가 있다
뮤지컬 같은 느낌
가수의 팬이면 실망할수밖에 없는 영화
마이클딸이 이 영화는 왜곡된 부분이 많다고 하는지
중요한 논란이나 성찰은 거의 생략되어
앙꼬 없는 찐빵같은",0
마이클,"마잭형님 노래를 이렇게나 많이 알고 있다니, 이렇게나 몰랐던 노래가 있다니!!",1
마이클,"2편을 만든다는건지???
서사가 좀 부족해도 마이클잭슨이 살아돌아온거 같았음 
그런데 말입니다
인간적으로 저녁에 리클라이너관에서 발도 안씻고 와놓고선 맨발내놓는 몰상식한짓은 하지맙시다!!!",1
마이클,좋아요 재미있어요 추천합니다,1
마이클,분명 어려서부터 많이 들었던 노래들인데도 imax로 보고 듣고 하니 심장이 두근두근하고 마치 그곳에 있는듯한 현장감이 느껴지네요 ㅎㅎ 기가맥힙니다!,1
마이클,위대한 가수 마이클 잭슨을 극장에서 봐서 너무 좋았네요,1
마이클,재미있게 관람했오요,1
마이클,음악영화중 최고 !!,1
마이클,조금 마이클 잭슨 인물의 내면을 볼수 있었음 여긴 오직 마이클 가족 사랑 아빠만 빼고~~,1
마이클,"마이클 잭슨의 이야기 좋았어요
공연 장면들은 한 편의 쇼를 보는 듯 몸이 들썩들썩 했어요
ㄴㅓ무 몰입해서 흥이 오르더라고요
다음 이야기를 빨리 보고 싶어요....",1
마이클,좋았어요좋았어요좋았어요,1
마이클,"끝을이런식으로 끝내다니~히트곡도많이안나오고
~조카분은 많이연습한것같네요~^^그래도 마이클을따라갈순없는것같네요~",1
마이클,2026년 최고의 영화 감동 즐거움을 주었다,1
마이클,좋아요 재미있어요 추천합니다,1
마이클,"팝의 황제 마이클 잭슨 형님의
일대기를 다룬 소재의 영화라니요
이걸 극장에서 안볼수가 있나 해서
개봉 하자마자 바로 봤는데 너무
즐겁고 재밋게 잘 보고 왔습니다
N차 관람 쌉가능",1
마이클,메소드 연기가 좋았다. 2가 나오면 좋겠다~,1
마이클,어느순간 리듬타는 나를 발견,1
마이클,정밀 콘서트장에 온거같아요 잼나여,1
마이클,마이클에 대해서 더 많은것을 알고 봤다면 더 재미있었을거 같다 대단한 사람이었네요,1
마이클,"확고한 신념을 가지고 자신만의 음악을 만들어낸 사람
그 ""사람"" 에 대해서는 제대로 담지 못한 영화
그러나 그의 음악을 큰 스크린에 살려 내었다는 점에서는 재미있게 볼만한 영화",1
마이클,"새록새록 기억나네요~
빌리 진 나오는데 정말 몸이 저절로 들썩들썩~~",1
마이클,잭슨5에서 홀로 서는 과정까지....2편은 언제쯤...,1
마이클,"지금 들어도 어깨가 들석들석
넘 좋아요
천재무지션 잭슨
명곡들으며 좋은 시간 보내고 왔습니다",1
마이클,사건을 다룰 수 없어서 개연성이 약화되어 MJ 하이라이트 영상처럼 됨,1
마이클,who's best? 마이클,1
마이클,그래 차라리 끊어가는게 낫겠다,1
마이클,MJ는 희대의 천재가 맞다.,1
마이클,영화가 좀 더 길었으면 좋았을거같아요 ㅠㅠ 시간이 후딱 갔어요!,1
마이클,마이클을 볼때마다 울컥한다,1
마이클,"우와 역시 전율이~
가까이서 콘서트를 본기분 다저스 스타디움에서 웅장함~
아이클잭슨에 일대기 최고~",1
마이클,영화 보는 내내 내가 눈을 깜빡이는게 싫었다,1
마이클,마이클잭슨 팔아서 고작 이정도? 4천원 아깝다… ott용 영화,0
마이클,즐거운 관람이었습니다,1
마이클,"우리의 20대 전후 최고의 뮤지션. 빌리진을 듣다보니 가슴 뭉클해지더군요. 조카의 삼촌연기 완벽한거 같습니다. 2시간동안 잘봤고요, 속편도 빨리 보고 싶네요^^",1
마이클,"영원한 팝의 황제! 마이클 잭슨
그가 너무 그립다

시사회 포함4번째 관람이였지만 전혀 지루하지 않고 회차를 거듭할수록 너무 신나져~",1
마이클,"2시간이 후딱. 계약 문제 때문인지, 히트곡이 많이 안 나와아쉬움. 그래도, 인간 MJ를 쫌 이해하는 계기가 되어 좋았음. 런던 공연에서 날라 다니는 모습은, BTS 멕시코 공연의 지민을 연상케함. 싱어롱 상영관 없나~",1
마이클,비평가와 관객의 평가가 극단적으로 갈리는 이유를 알겠네. 스토리는 얕고 평면적이라 영화적으로 좋은 평을 들을 순 없겠는데 작은 티비로만 봤던 그의 공연 모습을 스크린에서 본다는 것만으로도 흥미진진.,1
마이클,진짜 마이클은 그 무엇으로도 담아낼 수 없지만 많은 걸 담아냈다. 마이클의 유년기와 그 때 음악을 듣기 위해서라면 영화관 스피커로 들으시길. 집에 서라운드 우퍼 스피커가 있어도 맘대로 쾅쾅 틀지 못한다면.,1
마이클,"너무나도 잘 봤습니다 
마이클하고도 너무 닮아서 몰입감이 장난아니네요
똑같이 춤추느라 연습 많이 하겠네요 고생 많겠네요
레전드가 돌아가셔서 많이 아쉽네요",1
마이클,험난한시절스토리도좋았고 무엇보다 귀가즐겁고 음악이나 가창력이예술이었습니다,1
마이클,마이클 잭슨이라는 인물에 대해 더 알고 싶어졌다,1
마이클,관크해서 미안해요. 내 손이 발이 입이 가만히 있진 않아요~,1
마이클,"MJ 광팬인데... 솔직히 말씀 드릴께요. 돈낭비 입니다. 안보시는 게...

아예 마이클 내면의 세계를 좀 더 비춰주던가, 아니면 음악에 집중하던가. 걍 끔찍한 혼종

역시! 여지껏 나온 뮤지션 전기 중엔 보헤미안 1황!",0
마이클,무찌다. 마이클. 초딩때 소풍가서 장기자랑에서 마이클 춤추믄 겜오버. 황제여 영원하라.,1
마이클,별은 당연히 5개입니다. 잘 만들었습니다. 불쾌할 정도로 너무 잘 만들어 몰입하다 불쾌함을 느낍니다. 그의 인생을 열심히 표현했지만 부족했고 그렇다기에 영화는 군더더기 없이 재밌었습니다. 정말 영화,1
마이클,"영화 자체의 내용과 연출은 상당히 좋지만, 그의 서사를 모두 담지 못해 아쉽다.",1
마이클,"진짜 well made
마지막장면이 진짜 안타까울정도로
재밌었음!",1
마이클,팝의황제 마이클! 남보다못한 패밀리..,1
마이클,"브라이언 싱어 감독판 <마이클>을 다시 만들어 달라!! 달라!! 달라!!
<보헤미안 랩소디>는 극장에서만 5번이상 봤는데 <마이클>은 오늘 한번이 끝이네요 
노래 나오는 장면 빼곤 건질게 없네요 ㅠㅠ",0
마이클,아쉽지만 마이클잭슨 무대를 극장에서 볼 수 있어서 좋았습니다,1
마이클,"잘 봤어요!
음향 좋은 곳에서 보면 더 좋을 것 같아요!",1
마이클,마이클 잭슨 그를 이해하고 그의 음악을 이해하게 되었다,1
마이클,"재미있게봤어요. 감정표현도 좋았고, 음악 넘 좋았어요. goood",1
마이클,"영화의 결말이 이와 같아서 너무 좋다.아름답다.마이클잭슨. 영화에서까지 와서 당신의 일대기를,전기를 다 훑으려 했지만...그러고 싶지 않다 
 무대만으로도 당신은 퍼펙트하고 아름답다.",1
마이클,원본을 찾아보게 됨,1
마이클,마이클 잭슨이 다시 환생한 듯한 연기가 놀랍다,1
마이클,공연 부분 멋있어요,1
마이클,"주인공 배우가 춤 등 너무 애썼으나,
관련 영화가 너무 일찍 나온거 아닌가 싶을정도로 살아생전 MJ 형님의 얼굴이 계속 아른거렸어요 T.T
그래도 신나는 비트의 대표곡들과 박진감 넘치는 무대공연씬 최고!",1
마이클,귀가 즐겁고 눈이 즐겁다,1
마이클,생각보단 별로예요 기대가 너무 컸나봐요,0
마이클,노래 연기 춤 연출 스토리 어느 것 하나 빠진 것 없이 잘 만들어진 영화네요!! 후속작이 또 나왔으면 좋겠어요~,1
마이클,영화를 보며 신이나 노래가 나올때마다 발이 스텝을 밟네요. 마이클 영화보는 내내 즐거우면서도 마음이 아프네요. 끝자막에도 계속 나오는 노래가 너무너무 좋아요. 다 듣고 나오니 기분이 좋네요.,1
마이클,"마이클 조카라지만 노래도, 춤도, 외모도 뭔가 조금 아쉬움 ㅠ 그리고 연기를 너무 못함 ㅠㅠ 감정 연기 1도 안 함 그래도 잭슨파이브, 마잭 1집을 들을 수 있어서 좋았음 후속편이 있는 걸 영화 끝나갈 때 알았음",1
마이클,"말해 뭐합니까 명작입니다 꼭 보세요
두번세번 더 보세요 ㅠ 
전 볼거니깐요 ㅠ
저한테는 최고의 명작스",1
마이클,"순수한영혼의
천재적인아티스트
2편빨리~~~",1
마이클,팝의 황재 마이클잭슨,1
마이클,정말 가슴이 벅찰만큼 반갑고 즐거웠어요^^ 짧았지만 그의 공연을 이렇게 느낄수 있어서 감동 또 감동 입니다. 다음 이야기가 빨리 나왔으면 좋겠어요.암튼 지금도 여운이 ㅎㅎ 한번더 보러갈것 같아요~,1
마이클,너무재밌게 봤어요 굿굿굿,1
마이클,"기대감이 커서일까.. 아쉽고 아쉽고..그렇다.
좋고 많은 노래들중.. 솔로곡 이 너무 적다.
가장 좋았던 부분은 마지막쯤. 콘서트 장면이 잘 나온것 같다.
아버지를 줄이고 무대를 더 하지..",1
마이클,"Michael Jackson is king of pop 
마이클의 이야기 계속된다.",1
마이클,"학창시절 팝송을 좋아하게 해 준 마이클잭슨의 일대기 전반부
아버지의 사랑만 더 받았다면 더 오래 우리 곁에 더 있었을지도 
그의 음악은 천재적이고 지금 들어도 너무 좋다",1
마이클,파트1이라는 것을 감안해도 기승전결은 낙제점.,0
마이클,그저 마이클잭슨 더이상 무슨말이 필요합니까,1
마이클,황제여 편히 쉬소서 ..,1
마이클,눈과 귀가 호강하는 영화였습니다,1
마이클,시간가는줄 모르고 봤어요 음악도 함께 너무좋아요,1
마이클,돌비 애트모스 강추. 마이클의 음악을 감상하는 것만으로도 충분히 가치 있는 영화였습니다. 그의 인간적인 면모와 가족을 향한 사랑 등 미처 알지 못했던 부분들을 새롭게 발견할 수 있어 더욱 인상 깊었습니다.,1
마이클,그냥 노래 듣는거 만으로도 볼 가치 충분,1
마이클,몸이 덜석덜석 즐겁게 잘봤습니다...2편도 곧 나오길 바래봅니다.,1
마이클,너무 재밌어요 마이클 잭슨 최고,1
마이클,"마이클은 마이클 잭슨을 죽음으로 내몬 사람들이 다시 만든 아이러니한 영화다. 개연성은 아쉽지만, 공연 연출과 음악만큼은 압도적이며 왜 그가 시대의 아이콘이었는지를 보여준다.",1
마이클,마이클 다음 2편도 기대해봅니다,1
마이클,역시나 마이클잭슨은 넘사벽의 최고의 천재 아티스트... 다음편도 기대해요,1
마이클,멋진 콘서트 보고 온 느낌...,1
마이클,너무나 위대한 가수라는 것을 보여주는 한편의 대작같은 영화이며 다양한 음악을 접할수 있어서 흥미롭게 관람 했습니다,1
마이클,마이클 잭슨의 무대를 보는것처럼 느껴짐,1
마이클,너무 안타깝다. 네버랜드에선 영원한 피터팬으로 아픔없이 사랑하는 친구들과 원없이 행복하기를.. 그립고 보고싶고 너무너무 그립다.,1
마이클,콘서트 보는듯 다시 보고싶은 가수,1
마이클,"어른들의 사정에 의해 후반부를 재촬영한 것과
명곡들 탄생의 고뇌,노력,아이디어보다 너무 편안한
기조로 가는것 등이 좀 아쉽습니다.
88년 Bad 투어때까지의 노래만 즐길수 있는 것도.
후속작에서 볼 수 있을 듯.",1
마이클,진짜띵작3번봄ㅎㅎ 꼭보세요,1
마이클,와따메 최고였습니더 우리들의 전세계 팝의 챔피온형님 천국에서 즐거히 잘 계시지우.. 영화 짱 이였십니더 마이클잭슨행님.파트2 도 하반기 개봉하지예?..,1
마이클,"가수 마이클과 그의 노래들은 좋지만 영화 마이클은 별로다..
영혼없는 영화..",1
마이클,마이클 너무 재밌게 봤습니다!,1
마이클,내생애 이런영화는다시는없을것 최고,1
마이클,"잘 만든 전기영화.
마이클잭슨의 명곡들을 많이 들을 수 있어서 좋았습니다.",1
마이클,"우리시대 최고의 히어로, 그 누구도 부정할수없는 마이클잭슨의 일대기와 주옥같은 힛트송들의 향연으로 보는내내 몸이 들썩거리고 발을 조심히까닥거리며 너무재밌게봤고 다음편이 기다려집니다~~♡",1
마이클,"잊혀지지 않을 천재 뮤지션은 영원하리...
추억 돋는 감동 스토리 영화였어요",1
마이클,몬가가 몬가 모시깽한게 모시깽함,1
마이클,"아버지와의 관계가 주로 나왔던계 신기했음
노래나 연출은 상당히 괜찮아서 즐길수 있었음
다만 잘보다가 끊겨버린 느낌이 강하다
브랙&화이트 힐더월드가 나올줄 알았는데...많이 아쉽다
그래도돈안아까움",1
마이클,영화 잘 봤습니다~ㅎㅎ,1
마이클,흥미롭고 재미나게 잘 관람했습니다~~^^*,1
마이클,"'피터팬'에서 (아버지의 억압에 적극적으로 맞서는)""피터팬""으로 성장 스토리",1
마이클,재밌게 잘 봤어요. 영화가 끝난 뒤에도 빌리 진 노래가 계속 들리네요~~,1
마이클,"반가둬요, 형님. 2편도 기대할게요.",1
마이클,좋았어요. 좋았어요.,1
마이클,한편에다 담긴 불가능한 분량이라 많이 잘렸음에도 노래만으로도 좋았습니다. 속편 암시하는 자막나온거보니 벌써부터 기다려지네요.,1
마이클,시사회때 보고 두번째봄.,1
마이클,"우리가 잘 아는 마이클잭슨, 그 이전의 이야기들",1
마이클,스토리면에서는 제작사정상 아쉬움이 많이남지만 배우들연기는 정말훌륭합니다 다시보고싶을 정도로요 옛기억이 소환되어 마이클이 그리워 눈물이 날것같았어요 마이클이 보고싶네요 그시절의 저도그립구ㅇ,1
마이클,"마이클 잭슨은 당연히 명불허전, 드라마는 꽝!",1
마이클,천재 아티스트의 삶은 좋지만은 않구나,1
마이클,"호~오 요한마디로 설명이되는 잭슨형님~
살아돌아온듯한 느낌이랄까! Billie Jean 노래가 흘러나올때는 전율을 느낄수 있었어요
감사합니다~이런작품을 메이킹해주셔서^^~
감독님/배우님 엄지척드리고요 강추해요~",1
마이클,가만히 앉아서 볼수 없는 영화~마이클잭슨을 좋아했던 시절로 돌아가 가슴이 벅차서 끝났는데 일어날수가 없었어요~,1
마이클,진짜 명작이에요 꼭 봐야해요.,1
마이클,Heal the world 2편을 기다리며 넘 잘봤어요,1
마이클,바자다가사마나아라하,1
마이클,"그리움이 커지네요...
노래도 좋고...

하지만 조카분의 연기력과 마스크는 좀...",1
마이클,옛날 생각이 많이 납니다.,1
마이클,보는내내 아쉬움은 누구도 그 사람의 눈빛을 연기 할 수 없다는것 닮은듯 다른 낯선 눈빛에 ai영상같은 이질감은 아마도 조카였기 때문에 더 그렇다고 생각된다,0
마이클,마이클의 노래를 많이 들어서 좋음~~,1
마이클,조아요 아주 조아요,1
마이클,음악 너무 좋아요 평론가들의 악평 이해불가,1
마이클,마이클 2편 기다립니다^^,1
마이클,"그의 공연이 끝나가는 걸 붙잡고 싶어 마지막까지도 앉아있게 된다. 두시간이나마 '슈퍼스타'와 동시대를 살아가는 기분을 느껴 행복했다. 하나뿐인 빛, 마이클!",1
마이클,팝의 황제의 음악과 삶,1
마이클,"오리지날이 너무 위대해서 아쉽다...
그래도 노래듣는거만으로도 충분했다",1
마이클,보헤미안을 안 봐서 잘은 모르는데 그냥 볼만했습니다. 다른평에 뭐 지루하고 그런부분도 있다는데 그냥 간간히 가족얘기에서 그런느낌 조금있고 노래는 대부분 좋아서 잘봤습니다.,1
마이클,어렸을적 스토리는 몰랐는데 한편으로 마음이 찡하고 노래를 들으면 감동적,1
마이클,마이클의 음악만 들어도 좋았다,1
마이클,보고싶다 마이클형 2편에서 봐요,1
마이클,나의어린시절 최고의가수 마이클 잭슨 굿,1
마이클,"솔직히 마잭형 팬으로서
객관적인 영화 평가는 불가하다.
무조건 좋다.
후반부로 갈수록 싱크로율이 엄청나서
그냥 살아 돌아온 줄 알았다.",1
마이클,마이클 잭슨 마이클 잭슨,1
마이클,"마이클잭슨 재밋게봣습니닿ㅎㅎㅎ
오랜만에 노래들으니까 좋앗어요!!!!",1
마이클,재밌게 잘 봤습니다,1
마이클,꼭꼭 사운드 좋은 상영관에서 보세요!!!,1
마이클,좋아하는 감독이 좋아했던 가수의 생애를 다룬다기에 발걸음 했습니다. 목소리를 듣는데 그 놀라운 싱크로율에 나도 모르게 눈물이 났습니다.법적인 문제로 반이상 편집하고 재촬영했다고 들었습니다.,1
마이클,"끝나기도 전에 다시 보고 싶은 영화!! 노래,춤도 너무 감동적. 네버랜드를 동경했던 그 동심이 노래와 삶으로ㅠㅠ감동!!",1
마이클,"화면 안에 전부 담을 수 없는 그때의 그 열기, 온기",1
마이클,마이클 스크린엑스 포스터 TTT,1
마이클,음악의 신 부활... 그 자체였다,1
마이클,춤과 노래가 실감나네요,1
마이클,나의 20대를 떠올리게 하는 Beat it과 빌리 진을 들으며 나도 모르게 눈물이 났다.,1
마이클,즐겁게 잘봤어요-~~~,1
마이클,"좋았어요👍 몰입감 최고
👍마이클의 일대기를 알게되서 맘아푸고 가슴찡한..이런 음악 영화가 많이 나오면 좋겠어요😁",1
마이클,"신나게 영화관람하고 나와서 기분이 좋았어요.
마치 콘서트를 다녀온 기분이랄까요??
조카분 대단하시네요.
마이클이 부활한 느낌을~~~",1
마이클,위대한 전설의 마이클잭슨이 부활한 듯한..자파잭슨의 노력과 흔적이 보인다. 마이클잭슨의 몰랐던 부분도 알게 되고 감동과 연민이 느껴졌다. 좋아하는 명곡들이 흘러나올 때 절로 내적 흥분이ㅋ2부가 기대된다,1
마이클,이러한 가수를 다시 볼수 없음에 맘이 먹먹해지게 되네요 재현해준 배우노력에 박수보냅니다 천재 마이클잭슨 부재에 그리움이 커집니다 이렇게 볼수 있음에 감사드립니다,1
마이클,스토리상 어릴 때부터 보여줘서 좋지만 마무리가 좀 아쉽다. 전체적인 흐름은 다소 더 있을 거 같은 느낌에 영상임.,1
마이클,"아는노래와 마이클잭슨의이야기..
2편이 나온다면 다시보고싶습니다",1
마이클,마이클 잭슨이 살아서 돌아온줄,1
마이클,마이클을 좋아하니 영화도 좋았다,1
마이클,마이클잭슨을 잘 몰랐지만 이번 영화를 보고 참 따뜻한 사람이였다는걸 알았습니다! 노래도 더 찾아서 들어보고싶어요!,1
마이클,정말 진정한 전기영화 ㅠㅠ 보는 내내 온몸에 전율과 가슴이 먹먹했다.. 얼마나 외로웠을까ㅠ ㅔ,1
마이클,"추억이 새록새록 돋네요.
남주는 진짜 마이클잭슨이라해도 과언이 아니네요.
보는 내내 즐거웠어요^^",1
마이클,"이시대 마지막 슈퍼스타 마이클짹슨
고등학교 시절이 떠오르며 다시 보고싶은
영웅이 그리워지는 시간이었다",1
마이클,마이클 재밌게 봤습니다,1
마이클,재밌게 잘 봤습니다~~,1
마이클,"용산 screen x로 봤는데 4면이라서 마이클 콘서트처럼 몰입이 되고 너무 신났어요!!
몰입감과 즐거움을 주는 MJ
재밌었어요 ㅎㅎ
특전 수령 행복",1
마이클,영화에서 유일하게 좋았던 건 마이클의 노래 뿐이었던 것 같음,0
마이클,뒷얘기가 더 많은데 딱 제일 빛나던 시점에서 막을 내려서 아쉬웠어요.,1
마이클,음악 영화 중에 보헤미야 다음으로 최고였음,1
마이클,"너무 보헤미안랩소디 급을 기대했던건지
마이클은 좀 아쉽네요

슈퍼스타의 이면적인 모습들이라던지
모두가 궁금했던 사생활적인 부분 같은 서사도 궁금했는데, 그런 스토리는 거의 없고
그냥 무대로만 가득한",0
마이클,친구랑 마이클잭슨에 반하고 왔어요!!,1
마이클,"그리운 마이클 잭슨 음악을 들으며 공연을 보는 건 좋았으나 
결말과 스토리는 좀 아쉽다 ;;;",1
마이클,마이클의 음악을 듣는것만으로도 벅차는 감동...,1
마이클,물론 아쉽지만 찬란한 순간을 즐길 줄 안다면 충분할 영화,1
마이클,4d로 보니 공연이 더 실감나게 느껴졌습니다,1
마이클,"후편도 기대돼요~
마이클 연기가 너무 좋았어요",1
마이클,너무 재밌네요 2부작으로 나뉜지 몰랐어요,1
마이클,"조금의 과장을 보태서 마이클잭슨이 환생할 줄 알았어요..
그의 노래는 물론 목소리도 비슷하고 춤은 정말 거의 똑같이 추니까 놀랐어요!!
시간 가는줄 모르게 봤습니다~~",1
마이클,"잘 봤습니다.

인간으로써의 마이클잭슨 이야기가
꽤나 흥미롭게 진행되었습니다.
중후반부는 사실상 콘서트에 온 느낌이었어요.
속편도 기대됩니다.",1
마이클,너무 재밌었어요 콘서트 보는듯함,1
마이클,"""His story continues""",1
마이클,솔직히 엄청재밌다고 하기엔 부족한데 마이클잭슨 팬이면 살짝 불쾌할수도 그래도 무대씬은 좋음,1
마이클,마이클 잭슨의 일대기를 영화로 볼 수 있어서 좋았다,1
마이클,미국 대중문화의 정점을 가장 미국스러운 방식으로 다룬 공연예술,1
마이클,원앤온리 아티스트. 그립다,1
마이클,마이클 잘 관람했습니다!!,1
마이클,오랜만에 즐겁게 봤어요.,1
마이클,마이클 잭슨에 대해 알 수 있어서 좋았다. 너무 멋진 마이클 잭슨!,1
마이클,"언젠간 나올줄 알앗던 소재.
기대만큼 재미있었음.
두번 다시 없을 최고의 가수!",1
마이클,마이클 성장캐 마이클,1
마이클,사운드가 좋은 영화관에서 관람을 추천합니다.,1
마이클,"Michael is an amazing movie with its brilliant actor,Jaafar Jackson, original songs and great scales. Jaafar-Michael’s nephew does a great performance in this movie with his acting and dance portraying Michael.This is a must for all movie and music fans.⭐️⭐️⭐️⭐️",1
마이클,무난무난.. 뒷이야기가 궁금해진다,1
마이클,"마이클잭슨 음악듣기 좋은 영화
귀가 너무 즐거운 영화",1
마이클,"차라리 퀸 영화같이 공연을 보여주든지했으면 좋았겠다는 생각이 드네요
좀 아쉬운 영화~",1
마이클,연출 각본 선곡이 너무 아쉬움. 이 좋은 소재와 음악을 잘 활용하지 못했네,0
마이클,스토리와 연출이 평이해서 살짝 지루하지만 워낙 유명한 명곡들이 줄줄이 나와서 몰입해서 봄. 주인공이 마이클잭슨 조카라고 들었는데 춤과 연기 모두 좋음. 마지막이 넘 뚝 잘려서 2편이 있겠거니 했어도 당황,1
마이클,진짜 최고…!! 마이클 잭슨이 살아 돌아온거 같은 느낌이었어요! 꼭 IMAX로 보시길!,1
마이클,스릴러 뮤직비디오 장면 진짜 소름돋음 마이클 잭슨 노래랑 가족 관련된 부분 이랑 꿈을 향해 가는 세계적인 가수의 전반적인 스토리가 굉장히 인상깊었음 노래가 매우 좋음 콘서트장면은 진짜 대박인듯,1
마이클,끝은 조금 아쉽지만 재밌어요. 2편이 기대됩니다.,1
마이클,마무리가 아쉽긴하지만 전체적으론 무난했네요,1
마이클,극장에서 MJ의 노래를 즐길 수 있는 것만으로도 만족,1
마이클,흥미롭게 관람했습니다.,1
마이클,"마이클 잭슨의 완벽한 빙의, 자파 잭슨의 혼을 담은 노래와 연기 그리고 한 편의 음악 액션 영화를 보는 듯한 안톤 후쿠아 감독의 파워풀한 연출이 빛난 <보헤미안 랩소디>의 감동을 능가하는 음악 영화의 탄생!!",1
마이클,감명있게 보았습니다.,1
마이클,마지막 런던 공연을 위한 모든 빌드업. 소름,1
마이클,마이클잭슨은 전설임을 보여주는 영화였다,1
마이클,그의 무대를 잠시나마 느낀 시간,1
마이클,그의 무대를 잠시나마 느낀 시간,1
마이클,마이클 잭슨 히트송 메들리,0
마이클,진짜 마이클잭슨을 보는 듯,1
마이클,신이 세상에 잠깐 보내 주신 노래하는 천사 마이클 ㅠㅠ,1
마이클,"타고난 재능을 주신 신께 감사하며, 그 재능에 노력을 더해 세상을 환하게 하려는 선한 마음이 감동적~",1
마이클,개인적으로 너무 재밌게 봤습니다. 왜 마이클잭슨이 황제라고 불렸는지 알게 되었네요,1
마이클,마이클 환상같은 존재,1
마이클,나쁘지도 좋지도 않았음,1
마이클,가슴을 울리는 사운드 재미있게 보고 듣고 나왔어요,1
마이클,"마이클잭슨 노래 춤을 생생히 보는듯하여 즐거웠습니다 진짜 천재 엔터테이너인듯
그시대에 뮤직비디오까지~",1
마이클,8살에 멈춰있는듯한 순수한 마이클과 그의 음악... 너무 잘보고 잘 들었습니다 어서 2편 공개되기를🙏,1
마이클,마이클 최고의 공연,1
마이클,"포스터를 보았을때보다 영화를 보니 더 몰입이 되네요. 영화보는 내내 마이클의 콘서트에 온 것 같은 착각에 너무 행복한 시간이었습니다👍🏻 영원한 나의 영웅, 좋은 사람, 마이클!",1
마이클,"한사람의 인생도 얘기하고 
영화음악도 보여주려고 하니
2시간이 너무나 짧은것 같네요^^",1
마이클,감동..또 감동..어린시절 마이클을 다시 만나듯..내가 몰랐던 그의 아픔도 알게 되고..ㅠ 어느 하나 완벽하지 않은게 없어요..n차 관람예약입니다..엔딩 크레딩 끝까지 관객들 일어나지 않은 영화는 첨입니다..,1
마이클,콘서트와 비슷한 감동,1
마이클,피플어웨이즈톨미비케어풀왓유우두!,1
마이클,영화 한편으로 인물의 생애를 보다니...,1
마이클,90/100 michael is alive !!!,1
마이클,"마이클 잭슨의 음악을 몰랐는데 좋은 노래를 알게 된 것 같아요! 다만 밝은면 좋은 이야기만 담은 것 같아서 평면적이라고 느껴졌습니다.. 그의 인간적인 면모, 고민에 대해서는 조금 부족하지 않았나 싶었습니다",1
마이클,아티스트로써 완벽! 지금 나왔어도 덕질했을듯,1
마이클,기대작 이었는데 기대를 저버리 않네요 ^^ 스크린이 꺼질때까지 일어설수가 없었습니다,1
마이클,"마이클 잭슨의 향수만 남긴 영화.
마이클 잭슨이 그립다.",1
마이클,내 이름을 불러줘요,1
마이클,배우 연기력이 아주 뛰어났다,1
마이클,2편이 더 기대되는....언제 기다려..ㅜㅜ,1
마이클,모든 노래가 다 좋다,1
마이클,마이클의 인생 때문에 갑갑해지려고 하면 바로 콘서트 100개 때려넣어줘서 신나고 신나고 신남!!,1
마이클,"너무 감격스럽게 마이클 잭슨을 만난 시간 .
다시한번 관람할 계획입니다.",1
마이클,너무너무 그리워지는 마이클~~아이맥스로 바서 더 감동이었어요 눈물흘린건 비밀~ㅠㅠ,1
마이클,빰빰~빰빰~~~~빰삠,1
마이클,마이클잭슨. 전설이네요.,1
마이클,마이클 잭슨이 환생한줄..러닝타임이 너무 짧게 느껴진다.,1
마이클,신나는. 음악.공연을 실컷 감상해서 좋았어요.,1
마이클,넘 감동적이고 완벽한 무대였다. 빨리 2편이 나오길 기다린다.,1
마이클,빌리진 이즈 낫마이 러버~,1
마이클,더 유명한 곡들이 많았지만 후편으로 나뉘어 나온다니 아쉽고 오히려 슬픈 부분은 나오지 않아서 그건 또 좋았다 콘서트를 함께한 기분,1
마이클,마이클을 연기한 배우가 단순 흉내내는 정도가 아니라 몰입했네요. 앞으로가 더 기대되는 배우네요.,1
마이클,"너무 멋있고 좋았읍니다
팝콘도 맛있었네요,",1
마이클,"위대한 아티스트이자 슈퍼스타인 마이클 잭슨.
어린시절부터 가장 화려했던 시절까지의 스토리가 오히려 마음 편한 느낌이었어요.
정말 위대한 아티스트~!!!",1
마이클,"어릴적 아니 지금까지도 나의 영원한 슈퍼스타를 다시 만나서 즐거운 마음의로 영화를 봤습니다.특히 배우들의 연기가 너무 좋았습니다.
특히 마이클 잭슨을 연기한 배우의 연기가 너무 좋았습니다.",1
마이클,스토리는 조금 아쉽지만 퍼포먼스는 압도적,1
마이클,IMAX관에서 봐서 그런지 더 웅장하고 현장감있게 잘봤네요 강추,1
마이클,"마이클잭슨팬으로 개봉날만 기다리다 보게되었습니다 
마이클이 잭슨5를 떠나 홀로서기를 하는 것에만 포커스를 맞춘것같아 아쉬움이 컸습니다",1
마이클,보는 내내 눈물이 흐른다. 고등학교 시절 우상이었던 마이클 잭슨을 이렇게 다시 볼 수 있다니.. 내겐 너무나 벅찬 감격이기에 영화 만들어 준 제작진들과 배우들에게 온 마음을 다해 박수를 보냅니다.,1
마이클,너무 얘기가 뚝뚝 끊긴 느낌,1
마이클,"2편 나올듯
삶 일부만 보여줌

보헤미안랩소디랑은 다른 느낌.
초등학생때 마이클잭슨 한국온거 생각남

성형 디테일을 잘 살림",1
마이클,좀 아쉽지만 음악이 전부 커버해준다,1
마이클,음악과 연출이 스토리를 잊게 만든다,1
마이클,"영화보면서 노래가 와닿고
춤출때 온몸이 들썩거렸네요

현생에서 태어났으면 넘 힘들었을거 같은.. 
착한 피터팬 마이클...",1
마이클,"동시대를 살진못했지만 그 현장에 함께있는듯한 실황을 본 기분이예요. 특히 아무리 조카라지만 마이클의 노래,춤,목소리까지 재현한 자파 잭슨의 연기가 몰입감을 높여줬습니다",1
마이클,우리들의 영원한 슈퍼스타,1
마이클,"영화 보기전 유투브 다큐를 보고 갔다....
다큐가 백배 낫다!!!",0
마이클,오프닝부터 엔딩까지 살아 숨쉬는 명곡들의 향연.,1
마이클,다른 거 다 모르겠고 보는 내내 발짓을 했어,1
마이클,끝날때 약간 응? 하긴했지만 재밌게 잘봤어요^^,1
마이클,큰기대 안했지만 몰입감높고 OST너무 좋아서 절로 몸이움직이네요 레전드를 영화로나마 다시접해서 좋았어요 마이클잭슨 시대의 아이콘 레전드,1
마이클,마이클...보고싶어요.,1
마이클,무조건 아이맥스로 보세요 감동적이고 넘 재밌게봤네요 ^^,1
마이클,귀 호강 제대로 하고 왔네유..🎤,1
마이클,"재밌어요 천재, 가족 그리고 명곡",1
마이클,지금까지 좋은 노래 들려주지 뭐 그리 급하게 가셨습니까?,1
마이클,"사람이 이렇게 아름다울수가 있을까... 
그의 음악은 영원히 이 세상에 흐를것",1
마이클,자파잭슨씨 삼촌을 다시 보는거 같아 좋았습니다.,1
마이클,꼭 음향이 좋은 곳에서 보세요.,1
마이클,"마이클 영화 보는내내 감동, 마이클 잭슨을 더 사랑하게 된거 같아요. 살아온 삶도 노래는 더 많이 사랑해요.",1
마이클,재밌게봤어요 역시노래들을 맛이나네요,1
마이클,시간가는줄 모르고 봤어요.2편이 빨리 나왔으면 좋겠어요.,1
마이클,극장에서 여러 번 보고 싶어요.,1
마이클,시즌 2로 향하는 결말만 좀 완벽했으면..,1
마이클,같은 시대를 살았다면 어떤 느낌일까?,1
마이클,마이클마이클마이클마이,1
마이클,스토리 아쉬운점있고 음악은 좋았어요.,0
마이클,이런 사람을 왜 모함해서,1
마이클,잘 봤습니다 잘 봤습니다,1
마이클,보헤미안랩소디 Win!!,1
마이클,"몰랐던 그의 삶도 알게 되었고, 그의 삶이 궁금해지고 노래도 다시 찾아듣게 되네요. 조카님 싱크로율 대박",1
마이클,1부라고 적어주세요.,1
마이클,"일대기인줄 알았는데....
그냥 사춘기 반항 영화네
ㅡㅡ",0
마이클,마이클잭슨의 일대기를 잘 연출해주어 재밋게 관람했습니다.,1
마이클,최고의 음악 영화네요!!!!,1
마이클,내가 이 양반을 알고 음악을 안다는게 참으로 다행이다 생각함.,1
마이클,"좋은 영상과 음악을 듣다 보니 2시간이 금방 지나간다..
마이크 마이어스가 보헤미안 랩소디에 이어서 또 출연한게 재미있다..",1
마이클,그는 영원히 피터팬이다.,1
마이클,마이클이라는 제목으로 한 이유를 알겠습니다.,1
마이클,"마이클 잭슨, 외계인 아녔어? 우리가 열광했던 팝의 황제 귀환. 아직도 마이클 잭슨의 모습을 생생히 기억하고 있기에 영화에 몰입하지 못할줄 알았는데 잭슨5부터 따라가다보니 몰입하게됨. 2편 나오나?",1
마이클,우리 기억속에 마이클잭슨은 영원히,1
마이클,"그립고 또 그립고~~
얼마나 노력을 많이 했는지 감동 그 자체예요. 
슬픔. 행복. 기쁨. 멋찜. 모든 감탄사라도 부족하네요. 강추합니다.",1
마이클,배우 연기부터 진짜 콘서트장에 온 것 같은 몰입감..최고,1
마이클,"너무 재미있었어요
마이클 잭슨 노래도 좋고 멋있었어요",1
마이클,"명곡의 향연
마이클 잭슨",1
마이클,"드라마틱한 마이클잭슨의 이야기를 지리멸렬하게 연출했다.그러나,귀에 익숙한 음악이 나오는 순간 모든 것이 용서가 되고 심장이 두근거린다.아쉬움이 크지만 마이클잭슨에 대한 그리움이 있다면 강추.",1
마이클,조카라 그런가 정말 흡사하네요.,1
마이클,너무 완벽한 마이클의 다큐를 보는듯 했어요.,1
마이클,마이클잭슨에 대해 알아가는거 같아서 좋았어요 얼른2가 나와야 더 재미있을듯해요ㅠ,1
마이클,마지막 배드로 마무리는 좋은데 … 그전 다른 노래눈 맛보기로 니오는 듯 .. 아쉽네여,1
마이클,멋있음 진짜 멋진사람이였구나 알게됨,1
마이클,그는 전설이었다.ㅜㅜ,1
마이클,"주인공 자파의 연기가 크게 어색하지 않아서 재밋게 잘 봤어요
멋진 공연모습이 많아서 즐겁게 봤네요",1
마이클,노래도 많이 나오고 너무 재밌었어요 강추👍🏻,1
마이클,마젝의 전반전 일대기를 보여줘서 좋았음,1
마이클,조아조아 추천합니다 조아조아,1
마이클,음악 예습하고 가시면 더 재밌음 뮤비포함,1
마이클,"명곡이 와 정말 너무너무 좋아요 😍 
어린시절 보다가 맘이 아팠어요 
영화 최고에요 👍",1
마이클,"아들이 좋아합니다.
재밌게 봤어요",1
마이클,영화 속 공연을 보는 것만으로도 엄청난 전율이 흐르는구나. 아버지의 손아귀에서 벗어나 마침내 명실상부한 역사상 최고의 슈퍼스타로 우뚝 서는 Michael Jackson... 그의 이야기는 아직 끝나지 않았다.,1
마이클,눈물난다..너무 잘만들어서,1
마이클,재능과 스타성이란. 이런 스타가 또 나올 수 있을까.,1
마이클,"한곡도 빠짐없이 명곡...감동과 볼거리를 두는 영화
열린결말이라 잠시 갸우뚱!! 배우들의 연기도 너무 멋져요",1
마이클,"그리운 불세출의 스타 마이클잭슨!!
실제 삼촌인 마이클을 표현해 내려고 엄청 노력한 모습이 보이네",1
마이클,마 이 클 cgv 대 학 로,1
마이클,공연 실황 보는 느낌 나네요,1
마이클,마이클 잭슨의 음악을 다시 들을수 있어서 너무 좋았어요. 너무 행복하네요.,1
마이클,아티스트 들의 아티스트 그는 마이클잭슨,1
마이클,"눈과 귀가 호강하는 와중에
제일 어린 막내 마이클을 부친의 가정폭력앞에 방관하는 형제나 모친의 수동적인 모습이 마음 아팠네요.
천재적인 아티스트로서의 재능에 아버지의 폭력도 영향을 미쳤겠죠.",1
마이클,"""아무리 조카라도 표정도, 춤도, 목소리까지 저렇게 닮을 수 있나?  소름 돋게 행복하다.  그의 춤과 노래를 극장에서 볼수 있다는 것만으로👏👏👏👏",1
마이클,재밌게봤지만..역시..마이클잭슨을 대체할 사람은 없다,1
마이클,마이클은 역사다...,1
마이클,나도 모르게 리듬타고 있다.,1
마이클,"마이클의 잭슨5시절을 잘몰났는데 알게됬네요

유년시절 환경이 좋진 안았지만

그의 재능이 엄청것인지 알수있었네요

대스타는 떡잎부터 다른듯요",1
마이클,"추억은 언제나 즐겁고 예쁜것만 기억하고 싶다 
성공뒤에 가려진 슬픔과 아픔이 굉장히 큰 사람이란걸
이미 알고있지만 잊고살던 슈퍼스타를 예쁘고 즐겁게 회상 할수있어서 행복한 관람이었다",1
마이클,"마이클을 얼마나 알고 얼마나 좋아하는지의
정도 차이가 영화에 대한 느낌과 감정이 다르게
와닫는것 같음.
100% 싱크로율은 아니지만 기대이상으로
자파의 연기와 춤 그리고 무엇보다 목소리에
깜짝 놀랐음.",1
마이클,"다시 만난 마이클
그는 역시 특별한 사람이었다! 
음악 다시 찾아듣게 될듯^^",1
마이클,진짜 마이클 잭슨이 환생한 거 같다,1
마이클,귀는 즐거웠지만 영화적 완성도는 글쎄..,1
마이클,"차라리 다큐였으면 좋았을텐데,,",0
마이클,극적인 요소나 연출된 구성은 거의 찾아볼 수 없고 시간순으로 이벤트를 나열했네요. 그래도 노래가 좋아서 봤습니다.,1
마이클,역시나 레전드! 차근차근 성장해 나가는 모습이 아름다웠다!,1
마이클,마이클 잭슨을 모르는 사람이라면 봐야할 영화,1
마이클,"마이클잭슨의 삶에 관심은 없었다. 그의 노래에도,
하지만 영화는 당시 그의 음악적 표현이 오늘날의 근간이란 걸 보여준다. 영화는 끝내지 않았다 그의 삶을... 음악을... 그럴 수 없다는 것이 진리다",1
마이클,팝의 제왕의 빛나고 처절한 일대기,1
마이클,살아있었다 마이클..!,1
마이클,굿굿. 사운드가 빵빵한곳에서 한번더 볼 생각입니다.,1
마이클,넘좋았어요 시간가는줄몰랐어요,1
마이클,"좋은 음악 들을 수 있어 좋았고, 짧아서 아쉬웠어요.",1
마이클,"마이클 형의 노래와 춤을 대하는 멋진 마음
그리고 관객들과 어린아이를 대하는 마음
이 형! 찐이다.",1
마이클,소문대로 짧게 끝나버리는 것때문에 몰입이 깨지긴햇지만 그레도 같은 시대를 살았다는 것만으로도 너무 좋앗습니다 영광이엿어여 노래 계속 생각나네여 인천 스크린엑스 관리뉴얼 생겨서 봣는데 환상이엿음,1
마이클,슈퍼 스타란 말이 어울리는 사람. 2 편도 나올 듯한데 기다릴게요.,1
마이클,"영화의 분위기에 휩쓸려 흥분되고 아주 즐거웠습니다.
아버지의 행동이 마음아팠네요!",1
마이클,마이클 잭슨의 환생,1
마이클,“마이클 닮았다”에서 어느샌가 “마이클이다”라고 생각하는 나를 발견,1
마이클,영화관 사운드로 들으니까 좋네요 후속작도 빨리 나왔으면 좋겠어요,1
마이클,"영화를 보는 내내 이제는 별이 된 팝의 황제를 떠올리는 시간이 되어서 너무 좋았어요.
죽기 전 그가 준비했던 대체 불가한 무대를 볼 수 있었으면 얼마나 좋았을까 라는 생각에 그가 많이 그리웠어요.",1
마이클,LEGEND 라는 말 밖에...,1
마이클,"진짜 감동 그 자체! 
극장에서 봤지만 콘서트 현장에 있는 것 같은 감동과 전율을 온몸으로 느꼈음. 영화가 끝나고도 자리를 뜨지 못하는 관객들이 참 많았다.",1
마이클,가나가라마바사아자차카타차하,1
마이클,2시간짜리 뮤비여도 돈값함,1
마이클,"첨엔 아역도 성인이 된 마이클도 별로인데?
라고 생각 했다가 
점점 빠져 들었어요. 
해외 공연 할 때는 영화속 관객들과 같이 박수
쳤어요.
공연 더 보고 싶다는 생각만 들어서 집에 오자마자
컴터 켭니다.",1
마이클,"정말 마이클잭슨처럼 너무 비슷해서 몰입해서 보고
 음악과 영상도 좋구 즐겁게 잘 봤어요",1
마이클,잭슨형 그곳에선 행복해야해.. ㅠㅠ,1
마이클,"엄청난재능이 있는사람이었구만.
저걸왜봐. 했었는데 의외로 잼났음.",1
마이클,"part1입니다. 마이클 잭슨 인생 전체 전기 영화라기 보다는 잭슨5 시절 부터 해서 솔로 독립까지의 이야기에요.
스토리가 가장 중요한 시점에서 끝난다고 볼 수 있지만 그의 음악만으로도 눈과 귀가 즐겁습니다.",1
마이클,정말로 감동적인 영화를 보았네요.,1
마이클,마이클의 멋진 춤과 노래를 다시 보고 듣는 것만으로도 너무 좋은 영화였습니다.,1
마이클,큰 스크린에서 보면 훨씬 즐겁게 볼수 있는 영화,1
마이클,"놀라운 음악, 군더더기 없는 영상미, 깔끔한 연기",1
마이클,몇번은 더 나와야 진국이 될 마이클잭슨,1
마이클,상처와 외로움을 딛고 스타가 되기까지,1
마이클,그의음악과아티스트적인모습을듣고보는건즐거웠지만 너무단편적이지않았나싶음그럼에도스크린으로음악들을즐기는건흥이날수밖에없자나ㅜ이영화마저그를이용해돈을벌려는수단이란걸알았다면안봤을텐데ㅠ,0
마이클,"i miss you
착하고 재능있지만 슬픈 마이클
너무 연기잘하는 자파잭슨
엉덩이 붙이고 들썩이지않으려 엄청 애씀",1
마이클,무대랑 연기는 완벽한데 스토리가 너무 텅 빈 느낌,0
마이클,아맥으로 봤는데 나오는 노래마다 다 좋더라구요,1
마이클,"잭슨5 막내가 홀로서기까지의 긴 여정과 춤, 그리고 음악! 돌비사운드로 꼭 보세욧! His story continues...벌써 2편 기대:)",1
마이클,영화관에서 들으니까 노래들이 더 좋고 춤추는 장면들 많아서 재밌었어요,1
마이클,마이클 잭슨의 따뜻한 마음이 군데군데 드러난 장점 위주로 연출된 느낌. 시간순삭입니다^^,1
마이클,스토리보다는 음악을 듣는 영화,1
마이클,위대한 뮤지션이었지만 개인으로서는 성공만을 바라는 엄격한 아버지로부터 사랑받지 못한 외로웠던 어린아이의 마음을 가진 마이클이 아버지로부터 벗어나 스스로 자신의 길을 나아가는 여정.,1
마이클,즐겁고 행복하려고만 한 콘서트 영화,1
마이클,"작년부터 오늘만을 기다렸는데, 음악에 푹 빠져서 시간 가는 줄 몰랐어요. 
마이클 잭슨이라는 전설적인 인물과 음악과 무대를 멋지게 재현해주셔서 감사한 마음으로 봤어요❤️
2편이 빨리 나오면 좋겠네요.",1
마이클,40년된 노래가 지금 유행하는 어느 노래보다 핫하다 마이클잭슨같은 엔터테이너는 영원히 없을듯,1
마이클,나의 베스트 오브 베스트 마이클!,1
마이클,음악 너무 좋고 너무 재미있게 잘 봤습니다. 재관람 의사 있습니다.강추,1
마이클,미쳤다. 역시.역시. 역대 최고다.,1
마이클,영화는 생각보다 잔잔했고 마이클잭슨은 레전드다,1
마이클,처음부터 끝까지 졸지 않고 봤음,1
마이클,신이주신길을 걸어가 마이클,1
마이클,다른 건 몰라도 마지막에 나온 공연은 압권이네!,1
마이클,보헤미안랩소디 머큐리 비교불가 관람중 닭살만다섯번,1
마이클,"2시간 순삭이네요~
시간 너무 짧아요~
마이클 너무 잘 봤어요~",1
마이클,눈도 귀도 즐거웠어요.,1
마이클,"마이클 잭슨 역을 맡은 배우의 연기에 흠뻑 빠져
너무 감동적이었어요 N차 예매각이네요.
힐링 영화 입니다.",1
마이클,"볼까말까 망설이다가 봤는데 보길 너무 잘했다는 생각을 했다. 마이클 역의 배우분 노력이 어마어마 했을듯. 스크린엑스로 보니까 현장감이 느껴져서 콘서트 다녀온 느낌이 들고. 노래와 춤, 멋진 마이클!!",1
마이클,"그냥 마이클이잖아요 
한국 공연 왔던 마이클이 생각나네요
황제는 영원하다",1
마이클,오랜만에 눈과 귀가 즐거운 영화였어요👍,1
마이클,조셉 나쁜놈 조셉 나쁜놈,1
마이클,목소리가 여배우가 연기하는줄 알았는데 조카였다니. 마이클의 목소리를 과거영상들 뒤져서 다시 알았습니다.,1
마이클,"그래, 마이클의 일대기를 영화 하나에 다 담기란 힘들지...",1
마이클,두시간보는내내눈을뗄수가없네요.천재가수에 요절너무아쉽네요.조카에연기두 너무몰입이됐구요.보고싶다마이클잭슨.,1
마이클,"재밌음
근데 결말 이게 최선이었어?",1
마이클,"검잼나요
콘서트보는듯한 느낌
감동입니다",1
마이클,극장에서 보는 재미를 느낄 수 있었는데 오프닝이 인상적이었음,1
마이클,"마이클의 허밍으로 시작하는데...저는 허밍만으로도 감동적이더란~~ㅎ
4D로 봤는데 마이클잭슨 음악은 워낙에 비트가 신나다보니 거기에 맞춰 들썩이는 좌석이 놀이동산인 양 재미났어요. 아름다운 이를 봤네요.",1
마이클,"마이클잭슨 성장과정을 보며 
천재성을 느끼며 음악을 들으니 
시간가는줄모르고 재미있게 봤다네요",1
마이클,빌리진밖에 몰라도 볼만함,1
마이클,초대박 영화^^b N차관람 필수 ㅎ,1
마이클,음악은 물론이고 시간이 지날수록 미세하게 변화되는 마이클의 표현을 잘했고 나이를 먹을 수록 성형이 자신감에 작용하는 감정적인 부분이 이해가 됐고 진짜 동물을 사랑하고 순수한 천사같은 마이클을 만나요,1
마이클,"그냥 
그가 보고싶다.

잘 가다가 중간에 늘어지기 시작..
난도질 된 영화가 두고두고 아쉬울 뿐",0
마이클,"마이클 잭슨 영화 최고였습니다. ❤️
마이클 잭슨 최고!!",1
마이클,"마잭이 마약보다 중독성 강합니다.
마약말고 마잭 하세요...",1
마이클,시간 가는줄 모르고 본 간만의 영화 였네요~,1
마이클,음악이 좋고 스토리가 맘에 들어요,1
마이클,와 대박입니다 음악 영화중에서는 최고네요!! 2편도 나올꺼 같은데 기대됩니다 ㅎㅎ,1
마이클,Your wish is my command. Who’s bad? Michael!!!,1
마이클,"몸이 반응한다 심장이 뛴다

그리고 아무리 조카라 해도 다른 사람인데 너무 찰떡이었음",1
마이클,"마이클잭슨 영화로 봐서 행복했어요
그의 음악과 함께 행복한시간",1
마이클,"좋은 연기, 멋진 영상미",1
마이클,그의 노래를 스크린에서 듣는 것만으로 좋았네요,1
마이클,마이클은 신이다. 신,1
마이클,음악의 신 강림!!!!,1
마이클,마이클의 원맨쇼 아주 잘 봤어요,1
마이클,연기를 넘 잘하고 재미있어 시간가는줄 모르고 봤어요~,1
마이클,"영원한 마이클
음악 듣는것만으로도 충분했습니다",1
마이클,완전 감동 음악이 너무 좋았어여,1
마이클,"잭슨의 삶을 이해하는데 도움이 되었고 음악 듣는 재미가 있어요. 배우가 최선을 다했지만 워낙 마이클 잭슨이 유일무이한 아티스트다 보니 서있는 자세, 손동작 하나만 봐도 엄청난 차이가 느껴져서 아쉽..ㅠ",1
마이클,역시 이게 바로 마이클 잭슨이지,1
마이클,마이클 잭슨의 전기영화 익숙한 음악이 즐겁다. 2편이 기다려진다,1
마이클,음량 좋은 관에서 꼭 보세요,1
마이클,영화 구성은 별로 였는데.. 그런데.. 재밌고 신나!!,1
마이클,무대 장면 더 보고 싶음,1
마이클,최최최고입니다!! 마이클,1
마이클,"재밌었요~~ 유족분들 눈치보면서 만들었지만 그래도 지구
 역사에 길이 남을 훌륭한 사람이란걸 잊지 않을께요ㅎㅎ",1
마이클,마이클…어디서든 행복했으면 좋겠어요,1
마이클,"극장에서 팝콘먹는소리도 안났다
어서빨리 2편을 주세요",1
마이클,마이클 앤 돌비 그저 갓...,1
마이클,구아저이리디퍼닻퓨ㅕㅎㅎ,1
마이클,"나의 마잭 오빠~~~다시 볼수 있어 좋았어요
나의 첫스타였는데",1
마이클,"그시대에현장감을느낄수는없지만완전감도미네요
마이클이넘보고싶고요가슴이찡하고",1
마이클,노래만 몇개 알고 있었는데 스토리 볼수 있어서 재밌네요,1
마이클,차마 담아내지 못한 황제의 카리스마,1
마이클,Remember 팝의 황제. 그때의 음악이 감정을 들뜨게 한다.,1
마이클,개인적으로 퀸을 좋아하지만 영화 마이클도 이정도면 나쁘지 않은거 같음. 시원시원한 라이브 뮤직이 계속 나와서 스트레스해소가 됐음.,1
마이클,아..늦어서 못봐서 아쉽다,1
마이클,"무대와 음악과는 별개로 
마이클 한 사람은 어른아이 같아서 안타까웠어요.",1
마이클,마이클 노래를 들으며 추억속에 잠길수 있었던 시간,1
마이클,"엉덩이가 들썩거려서 가만히 앉아 못 보겠어요
싱어롱 플리즈!
였는데 이렇게 갑자기 끝나다니요",1
마이클,마이클 잭슨의 이야기를 처음 알게 되었는데 재미있고 흥미로웠어요!!,1
마이클,"순수하고 착한 인간미 있는 마이클 잭슨이 재능까지 가지지 너무너무 사랑 스럽네요
몰입감 있게 즐긴 단편인줄 알았는데 2부작이라니 너무너무 아쉬워요
정말 최고 슈퍼스타 마이클 잭슨 잼있게 잘봤어요 ㅎ",1
마이클,최고~! 말로 표현하기 어려움~ 두 글자면 됩니다,1
마이클,한시도 눈을 땔 수 없이 감동적이었습니다,1
마이클,왕의 마음은 쉽게 읽을 수 없다,0
마이클,마이클 노래를 아는 사람이라면 의자에 앉아만 있기 힘든 영화예요,1
마이클,영화 끝나자마자 박수터짐,1
마이클,전율과 아쉬움이 남는 영화인데요 아 ~~~~ 탄성만 먼가 다음이 기다려지는 영화입니다.,1
마이클,"아멕으로 꼭 보세요..콘서트장안에 있는 느낌
50대 부모님 모시고 보러가면 너무 좋아하실듯..
아직도 심장이 바운스 바운스하네요
조카라더니 연구 많이하고 촬영했겠어요
영화 끝나고도 한동안 일어날수없었ㅇ",1
마이클,너무너무 재밌었습니더,1
마이클,인간. 마이클. 잭슨은. 어디에…,0
마이클,아이랑 몰입해서 보았어요. 후속편이 기대됩니다.,1
마이클,마이클잭스 위대한 인물을 두고 이런 영화를 만들다니,0
마이클,먼 우주에서 잠시 지구에 왔다 다시 자기 별로 돌아간 마이클 사랑합니다!,1
마이클,"쿠키는 없어요. 생각보다 잔잔하게 흘러가는 영화. 음악영화 치고 드라마위주로 흘러가는 것 같아 아쉬웠으나 파트1, 파트2로 구성하면 참 좋을것 같은 영화~ 마이클을 더 보고 싶었던 영화~",1
마이클,보조도고소모노로호호너터처퍼,1
마이클,마이클 잭슨의 가족사는 수박 겉핥기식으로 보여줬지만 그의 음악은 찐이다! 1988년 런던 콘서트까지 중간에 자른 느낌이지만 다음편도 기대해본다!,1
마이클,아직미완성이지만 여운이 많이 남는영화,1
마이클,내용은 모르겠는데 아무튼 신났다!,1
마이클,"역시 팝의제왕,신나고 잼있는 콘서트 본것같아 즐거운 관람이었습니다
그의 시대에 살진 않았지만,영화로 나마 만날수 있어서 즐거웠고,영화가 그의인생 전체를 다 보여주진 못한거 같아,속편을 기대해봅니다.",1
마이클,마이클이라는 사람 자체가 너무 큰 아이콘,1
마이클,슈퍼스타의 삶도 녹녹치 않네요,1
마이클,"시사회당첨돼서 봤었는데 너무 좋았어서 아이맥스로 다시 봤어요
완전 멋지네요👍👍👍",1
마이클,스토리가 없지만 노래가 좋네요,1
마이클,압도적인 노래 춤 무대,1
마이클,전설적인 인물의 전반부를 담기엔 턱없이 부족한 시간,1
마이클,마이클잭슨으로 이따위 영화밖에 못만들다니 참...,0
마이클,"나만 몰랐을 톱스타의 가족사 및 사생활. 모든 걸 반영하진 못했지만 최대한 담아내기 위해 노력한 흔적이 보임. 주연 마이클의 행동, 손짓 하나까지 표현하기 위해 노력한 흔적이 영상에 그대로!! 감동!",1
마이클,재밌어요! 엔딩크레딧까지!,1
마이클,배우연기와 싱크로률 연출모든것이 좋았습니다. 다만 스토리가 살아있는 가족들의 눈치를 보느라 있는 그대로의 마이클 잭슨을 제대로 못담아낸것같은 느낌도 듭니다.,1
마이클,"기대했던 곡들은 2편에 나올건가보다..
하긴 MJ의 생애를 한편에 담는건 무리지.. 
쿠키영상없어용
영화는 MJ인생의 전반전만 나옴..",1
마이클,"음악은 좋지만 이야기는 확 주목받을 사로잡을 이야기가 없다
이야기의 나열",1
마이클,"노래와 연기는 너무 좋네요
연출만 더 좋았더라면 하는 아쉬움...
2편까지 염두에 두고 만들다보니
보헤미안랩소디에 비해 완성도가...",0
마이클,노래 너무 잘들었어요~~,1
마이클,스토리 부분이 조금 아쉽긴한데 노래가 정말 좋네요.,1
마이클,싱어롱을 기대하게 만드는 영화. 근데 마이클잭슨 정도면 3~4시간을 했어도 되지않았을까 싶습니다. 엔딩은 갑자기 똥싸다만 느낌이 확 들었어요. 더 했어도 끝까지 봤을듯 싶습니다. 런닝타임이 너무 짧아 아쉽..,1
마이클,"너무 감동적이고..재밌어요.
마이클잭슨 콘서트 온 느낌이었어요.
울컥하는 순간도 있었고..
자신감 넘치는 모습 보기 좋았어요.
곧 2탄이 나오길 기대합니다.",1
마이클,"시사회로 보고, 개봉날 기다렸어요. 마이클이 살아 돌아온 것 같아요. 재재관람 가야죠. 최고",1
마이클,"세상 누구보다 순수했던 아티스트의 삶
너무 재밋고 감동적이고 좋았어요!!!",1
마이클,재미가 없음 그래도 춤이랑 노래는 ㄱㅊ,0
마이클,몰입이 잘 되고 음악도 확실히 좋네요 재미있게 봤습니다,1
마이클,연기도 너무 좋고 우선 음악들이 명곡이라 시간 가는줄 모르고 감상했습니다!!,1
마이클,MJ의 명곡들을 듣는것만으로도 충분한 영화,1
마이클,음악과 인생 드라마 노래 좋고 화면좋고,1
마이클,예상과는 달랐지만 나쁘지는 않았어요,1
마이클,마이클 - cgv동탄호수공원,1
마이클,보헤미안 랩소디같은 영화 좋아하면 꼭 보세요.,1
마이클,"그냥 좋았어요~ 마이클이잖아요^^
노래를 듣는 것 만으로도 황홀했어요
언제 들어도 베스트입니다~~^^",1
마이클,영화보단 뮤직비디오 보는 느낌으로,1
마이클,"1부만 본것 같은 느낌...
2부 나오는 건가요? ^^;;",1
마이클,특별상영관에서 다시 한번 더 보고싶은 영화입니다.,1
마이클,"마이클잭슨 노래 좋지
그럼싫겠냐",1
마이클,"세계적인 스타,마이클잭슨의 공연을
보았다.감동적이다!",1
마이클,단편적이어서.아쉽지만 그 시절 추억을 춤추게 합니다,1
마이클,마이클 반가운 마음에 개봉일만 기다리다 오늘 관람하고 왔습니다. 학창시절 좋아하던 천재 아티스트! 조카가 마이클역을 맡았다고 하더니 마이클이 살아온듯 많이 닮아서 놀라고 순간 눈물이...N차 관람이요 ^^,1
마이클,재밌게 봤습니다 추천합니다,1
마이클,"음악 좋고 
아주 재미있게 봤어요.",1
마이클,즐겁게 재미있게 봤어요~,1
마이클,팝의 황제 환생한 듯.. 내적 댄스 절로,1
마이클,"재밌게 잘봤어요
음악이 끝내줬어요",1
마이클,"그냥 최고입니다
무조건 봐야됨",1
마이클,"천재적인 재능보다 곧고 단단한 정신력이 더 부러움.. 지속적인 가스라이팅과 온갖 악의적인 루머, 고통스러운 사고에도 무너지지 않는 강한 의지... 부디 그곳에서는 평안하시길..",1
마이클,"그와 같은 시대를 함께할수있었음에
무한 감사를..
영원한 소년이던 마이클이 다시 숨쉬다",1
마이클,"짧다고 느꼈는데 후속편이 있는거였군요.
이번편은 잭슨파이브에 대한 서사가 많아서 조금 아쉬웠는데 돈 밖에 모르는 아버지와 헤어진 후 홀로서기에 성공하는 마이클잭슨의 이야기와 명곡들도 기다릴게요.",1
마이클,재밌게 잘 봤습니다,1
마이클,"앞부분은 평이할 수 있으나 중반부터는 완전 몰입. 스토리보다는 음악 위주로 공연장 분위기를
잘 살리고 마이클의 모습은 좀 다르나 연기는 혼을 갈아 넣은 듯 넘 잘 함. 한번 더 보러 갈듯...
재밌어요~~",1
마이클,마이클 잭슨이 순간 다시 살아온듯한 미친 몰입감을 선사한다!,1
마이클,음악이 역시 마이클 잭슨은 마이클 잭슨,1
마이클,"뭐지...이 응가 싸고 응가 안닦은 이 느낌은?...
엔딩이 좀 이상하네...
그래도 노래 들어서 좋았음",1
마이클,"편하게 마이클을 즐길수 있는 영화
딴걸 바라진 말자",1
마이클,마이클 잭슨 세대는 어니지만 멋진 그의 무대를 보는 기분,1
마이클,"마이클잭슨 업적과 삶이 영화로 평가되지 않길
엔딩크레딧 노래까지 다 듣고 자리에서 일어났어요
끝까지 함께 노래 부르게되는 마이클",1
마이클,마이클의 선함이 나타나서 좋았어요 자칫 부정적인 이야기가 될 요소들은 최소화 되어서 부담 없이 다양한 관객이 관람하기 좋게 된 것 같아서 좋았어요,1
마이클,"마이클잭슨은 갔지만, 우리에게 영원히...
정말 마이클 잭슨이 다시 살아온듯 오랜만에 명곡을 들었네요. 시간이 금방 갔어요.",1
마이클,크래딧이 오를 때 더 보고 싶은데 깊은 아쉬움이 생기네요. 제가 마이클 잭슨을 알게됐을 땐 이미 팝의 황제였습니다. 그런 그가 일반적인 우리와 크게 다르지않음을 몰랐습니다. 그립고 보고싶습니다. 마이클!!,1
마이클,무대위에서 무르익어 간다. 마이클 잭슨 🙏,1
마이클,전설은 전설이다. 마이클 다시보니 반갑습니다,1
마이클,아버지란 사람이.. ㅠㅠ 마이클 그립네요,1
마이클,"보에미안 랩소디보다
잼낫어용~마이클잭슨 팬인데
넘 잼나고 감동이에요 ㅠ~
추천함",1
마이클,꼭 극장에서 보시길. 사운드만으로도 극장에서 볼 이유가 충분하며 소심한 내 발은 바닥을 쓸고 있음.,1
마이클,역대 최고의 음악 영화,1
마이클,"유명한 노래로만 알고 있고, 인생에 대해서는 몰랐는데 영화를 통해 마이클 잭슨의 전반적인 인생에 대해 알 수 있어 좋았습니다. 노래들이 적재적소에 쓰여 눈과 귀가 즐거웠습니다.",1
마이클,너무너무 재미있어요. 강추입니다,1
마이클,"이건 뭐죠 n차로 봐야겠네요
감사합니다~",1
마이클,JUST BEAT IT!!!! BEAT IT!!!!,1
마이클,JUST BEAT IT!!!! BEAT IT!!!!,1
마이클,마이클를 처음에 봤는데 노래가 알고 있는노래가 있어서 아주좋아요,1
마이클,"몰랐던 마이클잭슨 어릴적 이야기 알게 되었네요 
좋았습니다",1
마이클,이거 마이클이야. 마!이!클! 더 이상 무슨 말이 필요해~,1
마이클,천재성뒤의 어린마이클의 아프고 혹독한 학대가 그의 음악성을 더욱 빛나게 했는지도 모른다.네버랜드에서 동심속에 편히 안식하길~ N차로 볼 감동여운이 깊은 영화다!,1
마이클,아쉬움 한가득 안고서 돌아왔습니다.,1
마이클,팬이라면 무조건 봐야,1
마이클,마이클이 공연할때 너무 신남,1
마이클,역시 마이클입니다. 잘 봤습니다. 강추합니다.,1
마이클,제가 마이클 잭슨 시대 사람은 아니라서 궁금증으로 보러가게 되었는데요. 천재는 이런 사람을 두고 하는 말이구나를 알수있었어요. 연출은 아쉬웠구요. 마이클역 배우님 연기는 좋았습니다. 전 8점대 줄거에요.,1
마이클,"어린 시절 잭슨파이브 시작부터 83년 문워크를 선보인 모타운 공연, 88년 영국 웸블던 공연의 BAD 무대까지 
그저 밋밋한 줄거리를 화려한 무대 연출로 다 덮어버린다.
2편도 극장에서 봐야지",1
마이클,마이클잭슨이 다시 나온듯한 느낌을 받고 오랜만에 그의 노래를 다시 들으니까 옛날 생각이 나더라구오..스릴러 뮤직비디오,1
마이클,"너무 잘봤습니다.거의 마지막에 휴먼네이쳐 나오는데,그렇게 눈물이 나더라구요, 옛생각 많이 나서. 마이클 라이브공연 다시 찾아서 봐야겠어요.",1
마이클,전설오브 전설이 돌아왔다!!! 그 감동을 극장에서!!!,1
마이클,목소리가 실제 마이클과 비슷해서 놀랐습니다.,1
마이클,올해 꼭 봐야할 영화..마이클 잭슨이 환생한줄..,1
마이클,레전드는 영원하구나 멋있음,1
마이클,황제는 영원하다,1
마이클,"★★★★☆
영화관의 존재이유
마이클잭슨 무대 댑다 큰 화면이랑 빵빵한 음향으로 보여주려고",1
마이클,다신 없을 천재 뮤지션이구나 싶었다... 마이클잭슨의 음악도 즐기고 인간적이었던 모습과 어디서 영감을 얻고 예술에 녹여냈는지 볼 수 있어서 좋았음!!! 추천!!,1
마이클,Hee Hee~~~,1
마이클,"마이클의 일대기
역시 황제맞다 잘봤습니다",1
마이클,마이클 잭슨 공연을 직접 본 사람들은 얼마나 좋았을까 이렇게 영화로 봐도 너무너무 좋은데!,1
마이클,좋아요 즐거운 시간이었읍니다,1
마이클,노래를 못쫓아가는 스토리..,1
마이클,대본은 구립니다 근데 퍼포먼스는 죽입니다. 마잭의 삶에 대해 많이 알고 갈수록 좋아요 영화가 생각보다 그리 많이 알려주진 않는 느낌이라... 근데 알고 갈수록 보는 동안 미안해지기도 하고 맘아프고 그래요.,1
마이클,명불허전이네요! 쩝니다!,1
마이클,마치 황제(마이클잭슨)가 살아 있는 듯한 생생한 콘서트 현장 같았습니다.^^,1
마이클,내용과 구성은 아쉽...마이클 잭슨 노래를 큰 화면의 영상과 스피커가 웅장한 실내에서 보는 것으로 만족 .. 쿠키X,1
마이클,20세기를 살았던 모든 이들의 스타,1
마이클,조카한테서 마이클을 찾을수는없엇지만 그렇게 마이클은 특별하니까.세상 유일무이엿다는거를 또한번 확인햇음.여튼좋앗음~!,1
마이클,서사가 없어도 상관없어.,1
마이클,"배우 캐스팅, 연기력은 훌륭하며 몰입감은 있었으나, 스토리가 중간에 끊어진 느낌이네요.",1
마이클,마이클의 단독무대보다는 잭슨5의 무대의 비중이 큰게 아쉬움 하지만 중간중간 나오는 마이클의 고뇌와 성장 그리고 그 결과물인 무대 구현 및 재현을 너무 잘해서 2편이 기다려지는 영화,1
마이클,"2시간으로 그의 일대기를 담기엔 너무 부족하다 
잭슨과 그의 노래를 좋아하는 사람은 강추!
잭슨 아빠가 흥미로운 영화를 살짝 방해하네",1
마이클,일대기를 기대하고 본다면 비추. 음악 다큐를 기대하고 보면 대만족일 것. 마잭 곡들의 탄생 배경을 대역배우가 고퀄로 짧게 짧게 재연해준다는 느낌으로 보면 최고의 영화. 마잭 음악을 좋아한다면 꼭 보길 추천,1
마이클,마이클 너무 좋았다.,1
마이클,뮤직비디오를 보는 기분입니당,1
마이클,"장난아니네요, 마이클 😀",1
마이클,완전 좋았어요 배우의 연기도 당연히 놀랐지만 연출이 압도적이었어요!!,1
마이클,정말 마이클을 다시 보는듯한 느낌! 그란데 마무리는 아쉽…,1
마이클,진짜 마이클 잭슨을 보는 줄 알았다. 전반부 끝났으니 후반부 얘기 나와주라.,1
마이클,마이클 잭슨의 잭슨 파이브 시절부터 솔로 가수로 세계적 스타가 되기까지의 과정을 다룬 전기 영화였습니다.,1
마이클,"논쟁은 피해서, 기억하고자하는 마이클 잭슨만 남겨 울리는 메들리.",1
마이클,음악 춤 무대 연출은 좋으나 가족사에서 약간 미화,1
마이클,마잭 콘서트 다녀왔다,1
마이클,마이클 잭슨의 콘서트를 보고 왔습니다 마이클은 조카를 보고 뿌듯하겠어요~,1
마이클,"보헤미안랩소디 제작팀이 만들었다더니 느낌이 비슷하긴하네요.
마이클 잭슨 살아 생전에 관심갖지 않았던게 후회될 정도로 멋지네요.",1
마이클,재밌습니당♡♡강추합니다 ㅎㅎ,1
마이클,역시 월드스타입니다 TV로 보다가 극장 스크린과 사운드트랙으로 만나니 더 감동합니다,1
마이클,실제 마이클 잭슨의 콘서트를 보는 듯한 생생한 경험,1
마이클,노래가 너무 좋았어요,1
마이클,눈과 귀가 즐거웠던 영화,1
마이클,마이클잭슨을 좋아했던사람중1인으로서 영화로볼수있어서 좋았다. 그리웠다. 다만 굳이 후속편으로 나누어서 제작을해야했는지 의문이든다. 나중에 그 무겁고 슬픈 이야기들을 어떻게 풀려고하는지 걱정이된다,1
마이클,떼창은 할 수 없는 영화,1
마이클,마이클!! 마이클!! 마… 뭐야?? 끝난겨?,1
마이클,오랜만에 듣는 마이클 노래들과 문워크 춤 멋있고 좋았다,1
마이클,세대가 다르지만 잭슨의 삶을 알고 이해할 수 있어 좋았어요♡,1
마이클,어쩐지 2시간이더라니... 2편내놔,1
마이클,마이클 잭슨의 전기영화 보헤미안 랩소디랑 비슷한 플롯으로 만들어졌음 마이클 잭슨 노래 워낙 유명해서 아는 노래 나올 때마다 신났음,1
마이클,마이클 잭슨의 전기영화 보헤미안 랩소디랑 비슷한 플롯으로 만들어졌음 마이클 잭슨 노래 워낙 유명해서 아는 노래 나올 때마다 신났음,1
마이클,돈 더 주고 아이맥스나 스크린엑스관에서 볼 것을 후회가 되네요 사운드좋은관에서 보길요 역시 황제 입니다 우리의 마이클,1
마이클,굿굿 조ㅗ아요 굿굿 좋어요오,1
마이클,King is back,1
마이클,마이클 그 이름으로 모든걸 말하다,1
마이클,마이클 잭슨이 살아서 돌아왔다.,1
마이클,늘 그리운 마이클~ 마이클 공연을 다시 볼 수있어 좋았어요. 자파르잭슨의 완벽한 연기와 춤. 노래 실력으로 완벽함을 보여줬어요.,1
마이클,마이클잭슨의 노래가 많이나와서 좋았고 사운드도 빵빵함 특히 마지막 공연은 눈을 뗄수 없었음,1
마이클,너무일찍 떠나버린 그가 너무 그립네요..,1
마이클,영화 잘 만들어젔습니다 재밌게 봤습니다,1
마이클,아부지 거의 강패 비슷함,1
마이클,"너무 재밌게 잘 봤습니다.
시간 가는줄 모르고 몰입해서 음악 들으며 봤네요.",1
마이클,2시간 내내 시간가는줄 모르고 봤네요 보헤미안 랩소디도 재밌게 봤는데 이번에 마이클도 너무 좋았어요 돌비사운드에서 보시면 더 감상하시기 좋을거에요 2부 빨리 나왔으면 좋겠는데 보면서 너무 슬플 듯,1
마이클,배우의 연기가 아주 좋았습니다,1
마이클,그가 그리워지는 영화,1
마이클,네버랜드의 피터팬이 되고 싶었던 소년.,1
마이클,눈과 귀가 모두 호강했어요. 또 관람하고 싶어요,1
마이클,팝의 아이콘 ~!!! 추억속으로,1
마이클,"SC3, KC4
역대급!",1
마이클,"굳...,,,..,,...,,,",1
마이클,최고! 오랜만에 마이클 잭슨 노래. 영화보는데 몸이 저절로... 이렇게 신나는영화가.,1
마이클,"그 시절 팝의 황제 마이클잭슨의 일대기를 친구랑 엄마랑 2회차 관람할 수 있어서 좋았다. 
솔직히 공연장에서 봐야 하는 공연을 영화관에서 편안하게 즐겨도 되나 싶을 정도로 그는 영원한 팝의 황제임🥰🥰",1
마이클,"마이클 그가 그리워지는영화
금방끝나는거 같아 아쉬운
모든 그에음악을 다시듣구싶어졌당",1
마이클,마이클잭슨의 명곡들과 함께해서 좋았구요. 조카 연기와 춤 노래도 했는지 모르겠지만 대박이네요. 재미있게 잘 봤습니다.,1
마이클,어릴적 마이클잭슨이 힘든과정 스토리알게되어 좋았어요,1
마이클,마이클 노래를 극장에서 듣는것 만으로도 행복했다,1
마이클,"뭔 얘기를 하고자 하는지 알수없는 엉망진창 연출이지만
두시간내내 들려오는 음악만으로 행복했던 시간",1
마이클,마이클 잭슨 일대기 전편,1
마이클,"재밌지만 뭔가 아쉬운 구석이남아요
시간관계상 인건알지만",1
마이클,"당연 노래는 좋은데, 많이 빠진 느낌.",1
마이클,"마이클잭슨을 재연할 수 있는 사람이 이 세상에 과연 존재할까? 라는 생각으로 관람시작. 그시절에 알지 못한 마이클잭슨의 이야기에 감동 받았고 그를 더 위대하다 느낀 영화입니다.
He's still alive!!!",1
마이클,너무 재밌당 또 보고 싶어요,1
마이클,재밌게 관람 하였습니다 김사합니다,1
마이클,좀 아쉬운 것은 너무 스토리가 많아서 마이클의 음악이 다운됨.,1
마이클,음악 천재의 시대를 앞서간 음악적 열정을 엿볼수 있어서 너무나 좋았어요~~,1
마이클,그냥 무조건가서 보면됩니다,1
마이클,전설은 영원하다 네버랜드's 피터팬,1
마이클,인트로에 Wanna Be Startin’ Somethin’ 나오는 순간부터 쿵쾅쿵쾅. 왜 이리 일찍 가셨소…,1
마이클,2부 예고 영상! 에피타이저 느낌!,1
마이클,"나의 널뛰는 사춘기를 꽉 잡아 주었던 마이클잭슨!
앞으로도 영원할 나의 애정 넘치는 그의 곡들!
오늘 다시한번 그가 나의 곁에서 노래로 날 지켜주고 있음을 
가슴 벅차게 느꼈습니다!!",1
마이클,"시간 가는줄 모르고 봤네요~
마이클 잭슨 좋아하신다면 꼭 보세요~
2편도 기대합니다.",1
마이클,재밌게 봤어요. 호불호 분명히 있겠네요.,1
마이클,잭슨 파이브를 배신한 마이클 ??,1
마이클,"전설의 영화지만 전설은 아니었습니다.
할인 최대로 받아서 본다면 볼만하지만
큰화면으로 보는 유튜브느낌 
스토리는 없다보셔도 무방합니다.
보헤미안 랩소디 처럼 연대기는 아닙니다.
기대했던 내용이 아니",0
마이클,"작품성만보면 좀 아쉬움이 묻어나지만
노래듣는용으로는 나쁘지않다는",1
마이클,실제 사실을 생략한 부분도 많지만 명곡들과 라이브들을 스크린으로 보고 들으니 역시 팝의 황제기 부활했다는 생각이 드네요.,1
마이클,"마이클 잭슨 별이 되어도 달을 걷고 있을 거야 
음악은 인간보다 오래 산다.. 
하긴 마이클잭슨의 스토리 두시간여만 다 본다는 건 
말도 안되는 거지!",1
마이클,"내 발이 저절로 움직여요~
스크린 엑스 최고!!

마이클 잭슨..보고싶다",1
마이클,마이클 마이클 마이클 마이클,1
마이클,마이클잭슨 진짜 지렸다,1
마이클,너무 재밌던 영화. 잭슨5시절 슬픔도 알 수 있고 싱크로율이 엄청나다,1
마이클,너무 너무 아쉬워요.. 마이클 팬이라 더 아쉽네요,1
마이클,눈과 귀과 호화로운 작품입니다,1
마이클,보면서 가만히 있기가 매우 힘듬!,1
마이클,화려한 시기까지지만 음악도 연기도 좋음,1
마이클,"정말 시간 가는 줄 모르고 재미있게 잘봤고, 확실히 극장에서 보길 잘했네요",1
마이클,"기막힌 싱크로율. 폭발하는 흥.
민홍지 같은 깊이. 그럼에도 전율.
3.3/5.0",1
마이클,끝없는 도파민이 이어지는 공연의 연속,1
마이클,어른의 삶을 잃어버린 피터팬의 성장통,1
마이클,무언가 많이 생략된 느낌이 들지만 볼 만 했습니다.,1
마이클,마이클잭슨노래 다시듣는중,1
마이클,"아직까지 이런 슈퍼스타는 앞으로도 없을거 같다
많이 보고싶네요 마이클",1
마이클,"유일하게 존경하는 뮤지션 마이클잭슨..살아있을때도 죽어서도 끝까지 이용만 당한다.알면서도 볼 수밖에 없었던건 그의 노래를 최상의 사운드로 듣고 싶었다.
먹먹해지는 잭슨..행복하기를",1
마이클,"세상에는 승리한 자와 패배한 자만 있을 뿐이니
싸워서 승리를 쟁취해야만 하며
그게 너희들의 인생이다. 조셉 잭슨",1
마이클,너무 노래만 틀어준다는 평가가 있는데 개인적으로 그 부분이 오히려 이 영화의 몰입감을 높여줬다 생각합니다. 특히 영국 공연 부분은 몰입감과 사운드가 장난 아니었습니다.,1
마이클,와.... 정말 너무 멋있는 영화,1
마이클,🕺👨‍🎤마이클 잭슨이 다시 살아 돌아온 것 같은 기분이 들게 하는 영화 잘 봤습니다~,1
마이클,아이맥스로 보기에는 좀 아까운 영화ㅡ2D나 스크린X로 보세요ㆍ전반부 가족간의 다큐같은 이야기가 집중력을 떨어뜨리네요ㆍ어린 마이클과 조카 마이클의 춤과 노래는 마이클이 빙의된줄^^멋진 엔딩 ㅎㅎ,1
마이클,"마이클 잭슨 등장만으로도 이미 설레는 멋진 천재 예술가 내 마음속의 저장.

스토리도 음악도 좋은 영화
8살 마이클 잭슨이 불쌍해서 울었어요
현생에서 보고 싶네요.",1
마이클,"기막힌 싱크로율. 폭발하는 흥.
민홍지 같은 깊이. 그럼에도 전율.
3.3/5.0",1
마이클,역사상 최고... 다시는 나오기 힘든 천재 아티스트.,1
마이클,"마이클이 아버지의 폭압으로부터 자신의 삶을 구해내서 다행입니다.
영화가 축제가 되는 현장",1
마이클,"최고입니다
너무재미있어요
2편기대합니다",1
마이클,"마이클 잭슨 연기도 좋고 노래야 말해 뭐해,
하지만 극의 진행은 좀 아쉬움",0
마이클,오래전 흥분했던 잭슨의 음악과 뮤직비디오를 소환해 흥분의 오르가슴에 빠지게 한다.,1
마이클,마이클 잭슨과 사이가 굉장히 안좋았던 형의 아들인 조카가 이 배역을 맡아서 말도 많았고 이게 소니와 연관되어 찐팬들은 안본다지만 마이클에 대해 좀 더 알고싶은 마음에 본 영화. 그를생각할수록 마음 아프,1
마이클,마이클의 노래와 비트를 느낄수만 있다면,1
마이클,"오~~ 진짜 콘서트를 방불케 합니다
사운드 호흡 관객의 호응까지....",1
마이클,"마이클 잭슨의 공연 장면을 재연한걸 보는것만으로도 
즐거웠다. 그는 타고난 천재 뮤지션이었다는걸 영화보면서 
더 알게 되었다. 2편이 이미 제작되어 있나 어서 개봉하길!",1
마이클,"그는 전설이었다…
자파 잭슨은 마이클 잭슨 그 자체였다…",1
마이클,지금도 살아계셨다면...,1
마이클,너무너무너무 좋있다. 일대기 보고나니 더 이해된다,1
마이클,마이클 개봉날 봤네요^^ 마이클잭슨~ 너무 똑같이 재연해서 더 몰입해서 봤네요~ 추천해요,1
마이클,3회차 레전드의 컴백,1
마이클,"스타는 갔지만 음악은 남아서 여전히 우리의 마음에 감동을 주고 있다는걸 실감.마이클 잭슨의 조카 자파잭슨의 엄청난 싱크로율,음악영화가 주는 몰임감과 공연장면이 주는 감동...간만에 즐겁게 관람한 영화.",1
마이클,"노래 잘 부르고 심성 착한 잭슨 씨, 일면식 없는 이웃집 마이클 씨",0
마이클,음악과 드라마의 배분이 적절했다.,1
마이클,정말 위대 하다는 말 밖에 속편 기대 되네요,1
마이클,남편따라가서 너무 재미있게봤어요 ㅠㅠ 다음내용이 너무 궁금해요 시간가는줄모르고 보다 엔딩올라가서 너무 슬펐어요,1
마이클,파트2가 제작되어야 하는게 아닐까 싶은 아쉬움,1
마이클,파트2가 제작되어야 하는게 아닐까 싶은 아쉬움,1
마이클,마이클잭슨이 살아돌아온거같앗어요,1
마이클,마이클 잭슨 노래를 학창 시절에 듣고 30년이 지난 지금 다시 들으니 역시 대단합니다! 한 번 더 보고 싶은 영화입니다. 다음 편이 기대되네요! 귀 호강했어요!^^,1
마이클,이 정도 속도와 흐름 이라면 적어도 part3까지는 나와야할듯!,1
마이클,마이클 노래를 이렇게 다시 듣는것만 해도 충분하고 멋진일 이었어요..,1
마이클,실제있었던 만든거라 너무재미있었내요,1
마이클,"너무도 기대되었던... ㅎㅎ
마이클이 환생한 줄 ...",1
마이클,솔직하지 못한 비겁한 전기영화,1
마이클,마이클 잭슨의 잭슨파이브 시절 혼자일수밖에 없었던 이유를 간접적으로나마 이해할수있게 되었네요. 역사적 사실도 가미되면서 감동적으로 관람했어요. 시리즈로 나오려나 끝 마무리가 좀 그랬네요.,1
마이클,영화 재밌게 보았습니다,1
마이클,마이클 미쳐따! 너무 재밌었음. 눈과 귀가 즐거움.,1
마이클,"워낙 독보적인 마이클 잭슨 
모든것을 영상에 담기에는 
힘겨워 보이지만 나름 즐거운 영화",1
마이클,너무 평면적인 구성인,1
마이클,"마이클잭슨을 그닥 좋아하진 않았는데, 생각보다 들어본 노래가 많아서 놀람.",1
마이클,다 좋은데 스토리가 너무 안타깝습니다.,0
마이클,마이클 천재였어.,1
마이클,"기대이상입니다. 너무 멋있는 영화입니다^^
보시는거 추천합니다",1
마이클,"내용은 다소 아쉽지만, 추억의 노래를 듣고 볼 수 있어서 좋았습니다^^",1
마이클,내용이 부실 노래가 많이 안나옴,1
마이클,"보는 내내 안타까운마음이 가장컸어요ㅜㅜ
마이클잭슨 사랑해요ㅠㅠ",1
마이클,주인공이 마이클과 많이 닮았다고 생각했는데 조카라니. 1부라서 많이 아쉬웠음. 빨리 2부 개봉 바람.,1
마이클,"마이클
12세 관람가
2026.05.13(수) 15:40~17:57

인천 14관[SCREENX] (리클라이너,Laser)

SCREENX
일반 1",1
마이클,전혀 모르고 봤는데 귀 호강했네요,1
마이클,"콘서트나 싱크로율은 굉장히 좋은데
내용이 약하네요.",1
마이클,나의 10~20대 시절 소환. ^^,1
마이클,크~ 마이클 잭슨 좋지,1
마이클,"무조건 영화관에서 봐야하는 영화! 
재밌게 잘 봤습니다",1
마이클,그가 살아돌아온듯.. 감격!,1
마이클,전설의 이야기 전부를 볼수 없었지만 이정도도 훌륭히 표현한듯하다,1
마이클,마이클잭슨을 기리며 넘 멋지네요,1
마이클,쿠 키 영 상 없 음,1
마이클,마이클 잭슨의 퍼포먼스를 누리세요,1
마이클,노래에만 존재하는 마이클 잭슨의 존재감만이 장점이다.,1
마이클,마이클로 가득 찬 텅빈 영화,1
마이클,너무 재밌어요 꼭 보세요,1
마이클,팝의 황제 마이클 잭슨의 일대기를 영화로 보면서 음악도 아주 좋았어요. 다음편이 기대되네요!,1
마이클,다시 보러가야겠어요~,1
마이클,"마이클 잭슨을 기억하는 팬으로서 오늘 그의 조카가 연기한 마이클 잭슨은 마치 아직도 그가 살아있다고 착각할정도 였습니다. 마이클이 좋은 일도 많이 했고, 언론이 그를 너무 괴롭혔던거 같아요ㅠ",1
마이클,너무 재미있게 잘 봤습니다,1
마이클,"마이클 잭슨... 그 곳에서도 노래 부르고 계신가요...
그립습니다 ♡
마이클 2편, 꼭 볼께요...
^-^",1
마이클,좋은 영화 잘 봤습니다!,1
마이클,"보헤미안 랩소디랑은 또 다르네요
그래도 마이클의 삶과 노래를 볼수 있어서 좋았어요",1
마이클,완벽해요~~~ 다시 보고 싶어요.ㅠㅠㅠ,1
마이클,"역시 마이클 잭슨
그런데 보헤미안랩소디 의 구조와 너무 흡사해서
노래만 다른 느낌",1
마이클,마이클 잭슨의 숨겨진 이야기. 잘못 전달된 유언비어가 많네요. 마이클이. 살아 있었더라면. 정말 좋았을텐데.,1
마이클,재미는 있었지만 뭔가 전기 영화치곤 내용이 많이 부실한거 같아서 아쉬웠습니다.,1
마이클,"영화 <마이클> 정말 몰입감 있게 봤습니다. 
무대 연출과 퍼포먼스도 인상적이었지만 무엇보다 OST가 너무 좋았어요.
에너지와 감성이 영화 분위기랑 잘 어울려서 보는 내내 집중하게 됐습니다.",1
마이클,"눈과 귀가 즐거운 영화라는데는 그 누구도 부인할 수 없겠지만, 만듦새 자체로는 너무 나이브한 공식 전기 영화라 할수 있겠다. 1966년 잭슨파이브의 첫 공연부터 1988년 런던의 ’배드‘까지의 이야기다.",1
마이클,"두시간훌쩍
시간가는줄도 모르고
박자맞쭤 어깨리듬타면서
스트레스다날아가서
훌륭한음악인임을 또다시각인시켰어요",1
마이클,내가 최고인거 너도 알잖아!,1
마이클,내가 최고인거 너도 알잖아!,1
마이클,"10점 만점에 8점
He is the BEST.",1
마이클,영화 재밌게 잘 봤어요,1
마이클,개봉영화가 별로 없어서 나름 재밌게 봤어요,1
마이클,"노래도 다 좋고 무대 보는거 같아서 둠칫듐칫
엔딩크레딧에 리믹스로 쭉 노래 나오는데 죄다 명곡임
한동안 노래 계속 들을 각",1
마이클,"노래도 다 좋고 무대 보는거 같아서 둠칫듐칫
엔딩크레딧에 리믹스로 쭉 노래 나오는데 죄다 명곡임
한동안 노래 계속 들을 각",1
마이클,마이클 잭슨 공연을 보는것 처럼 너무 흥분되고 좋았습니다. 마지막에 저절로 박수가 나왔어요.,1
마이클,2편 기대 됨 좋은 노래 계속 나옴,1
마이클,마이클 당신은 참 아름다운 사람이었군요.,1
마이클,재미있게 봤습니다,1
마이클,"호랑이는 죽어서 가죽을 남기고, 마이클 잭슨은 이름과 음악을 남겼다.",1
마이클,마이클잭슨 잘 모르는 사람 입장에선 보여주다 마는 느낌이라 이게 뭔가 싶어요;; 노래도 전곡 부르는 게 거의 없음,0
마이클,마이클잭슨의 빌리진 너무좋아,1
마이클,재미맀는 마이클 잭슨이빈자,1
마이클,"시사회 관람했고, 재관람 할 계획입니다.",1
마이클,"너무 따뜻한 마음을 가진 영원한 스타 마이클잭슨 
기억할께요",1
마이클,넘치는 재료를 잘 담기만 해도 보통은 했을텐데 레전드를 이렇게 지루하게 그려내다니...대단한 능력입니다.,0
마이클,"영원한 스타의 이야기였다 ,, ☆",1
마이클,"최고의 아티스트, 팝의 황제를 극장에서!",1
마이클,삶이 영화 그 자체였던 위대한 존재 마이클 잭슨!!!,1
마이클,최고의 인생 영화임💖 시사회때 실시간 감동 & 용아맥에서 2차로 처음느낌 그대로의 감동+ 이런 대천재의 인간사를 뒤늦게 알게 된.. 당대에 누린 게 알고보니 영광의 시간들이었음을.. 자녀도 함께 느낀 큰 감동,1
마이클,녹음부스 연출에서 듣는 사람은 신나고 즐거운데 노래하는 마이클의 공간이 너무 서글펐어요 아티스트의 화려한 이면의 인간적이고 아이같은 마이클의 모습이 순수하면서도 슬프더라구요,1
마이클,흉내내기에 그칠 수 밖에 없는 전설,1
마이클,스토리는 빈약하지만 2시간짜리 공연본 느낌… 시간가는줄 몰랐다,1
마이클,마이클잭슨이 살아돌아온 것만 같이 공연과 춤을 재현해서 너무 좋았고 뭉클했어요~,1
마이클,아역이 노래너무 못하고 성인도 조카라고 닮기만 했지..연기도 노래도 춤도 기대에 못 미침 그저 실제 마이클잭슨이 만든 노래만 좋더라,0
마이클,마이클 잭슨 춤 너무 멋있다,1
마이클,"좋아하는 마이클잭슨의 노래가 더 많이 나왔으면 했어요.
그리고 초반에 폭력적인장면 팬들의 실신(?) 장면들이 있어서 아이랑 같이보기는 좀 그런거 같아요…",1
마이클,"제가 1980년대에 있는줄 알았습니다.
마지막에 흥이 내버려서 저도 같이 관중과 함께 소리를 쪼..끔
질렀는데 친구가 저한테 완전 쌍욕을 하더라고요. 그 친구 덕분에",1
마이클,그의 춤과 노래를 다시 볼 수 있다는 것만으로도 충분히 볼 가치가 있는 영화,1
마이클,명곡을 듣는 것 만으로도 좋다.,1
마이클,말이 필요 없는 단어 마이클 우리에게 위로를 ….,1
마이클,"영화는 괜찮았지만 후반부로 갈수록 지루하네요 
연기는 진짜 잘했는데 뒷심이 약하네요",1
마이클,굉장히 축약 버전이긴 해도 노래와 춤이 다했다,1
마이클,"짜릿하게 마이클 잭슨 영화 즐겼어요
음악 영상 전부 훌륭해요",1
마이클,역시 음악은 좋아요 중간에 약간 지루하긴 한데 좀더 박진감 있었다면 좋았을 듯,1
마이클,가족들의 이야기여서 아쉽다,1
마이클,완젼완젼 재밋어요 연기도 너무 잘하고 노래도 최고,1
마이클,올해 최고의 개봉신작이다!!!,1
마이클,콘서트 즐기러 온 느낌입니다 몸이 들썩들썩,1
마이클,"너무 감동적이고 음악도 너무 좋았어요
하지만, 엔딩이 좀 아쉬웠어요 엔딩곡도",1
마이클,추억소환의 노래로 꽉찬시간~땡큐마이클♡,1
마이클,영상미와 콘서트장에 실제로 있는 것같은 듯한 사운드,1
마이클,가부장적 부친의 역할은 마이클이 어렸을때는 조금의 긍정적으로 영향 미친것도 같아요. 마이클 잭슨은 레전드 중 레전드.. 음악으로도 인성으로도..,1
마이클,마잭의 음악만은 무척 좋습니다,1
마이클,재미있어요 영화를 왜 반만 만드 ㅠㅠ,1
마이클,"자파 잭슨이 연기를 잘함. 노래를 잘함. 춤을 잘춤

나머지는 똥",1
마이클,발을 가만히 두질 못하겠어요~!,1
마이클,재밌어요 마이클 잭슨 연기 대박이었어요 마이클잭슨 연대기,1
마이클,"기대가 너무 컷나보네요.
스토리는 뭔가 아쉽고 음악도 그닥.ㅠ.ㅠ",0
마이클,"한편의 공연을 본 느낌
보헤미안랩소디와 흡사한 연출이어서 좀 식상하기도함 
마이클잭슨 대~~단",1
마이클,비록 마이클 잭슨 세대는 아니어도 어렸을 때 어머니랑 손잡고 디스이즈잇을 보러갔을 때 느꼈던 전율을 다시 한번 느낄 수 있었습니다. 네 그렇습니다,1
마이클,"영화라기엔 뮤직비디오, 아니면 동물농장",0
마이클,영화를 왜 반만 만드냐..,0
마이클,재미있었어요 음악이요 아역 마이클이 전 기억에남네요,1
마이클,스토리와 연출은 아쉽지만 마이클은 대단했다,1
마이클,4DX로 보기는 아쉽네요 뒷이야기도 추가로 나왔으면 하네요,1
마이클,마이클 잭슨 노래는 좋은데 2편을 생각한건지 몰라도 노래를 많이 아낀느낌. 그리고 영화 전체적으로 별로였습니다. 마이클잭슨을 기대하고 갔으나 전혀 아닌듯한...아쉽습니다ㅜㅜ,0
마이클,마이클 팬이라면 충분히 즐길 수 있는 영화!,1
마이클,MJ의 노래에 묻어가려는 얕은 연출,0
마이클,"굳이 스토리텔링을 하지 않아도
걸어간 길과 히트곡만 보여줘도
그 어느 영화보다도 감동적였다",1
마이클,마이클 노래만 남았다,1
마이클,"재밌게 잘 봤습니다,,",1
마이클,공연 장면 이외 모든 씬이 마이너스,0
마이클,마이클 최고 전성기를 보여주는 영화. 너무 천재라서 우리곁을 일찍 떠난걸까. 네버랜드만 만들지 않았더라도 그걸 지키려고 힘들게 무대에 서지는 않았을덴데..,1
마이클,"마이클을 담기에는 스크린이 너무 작아보인다
진짜 마이클이 너무 보고 싶다",1
마이클,영화 내용은 뭐 그래도 공연장면은 진짜 마이클 잭슨 환생인 줄 알았어요,1
마이클,"I'll be there...
그러나 마이클, 지금 당신은 어디에...
영화 말해 뭐합니까?
전률이 짜릿!",1
마이클,"유일한 팝의 황제 마이클 잭슨!
눈과 귀가 호강하는 시간!!",1
마이클,"기대가 너무 컸나보다
어린시절 추억의 한장면을 떠올릴만큼 시대의 별이었는데
아쉽다",1
마이클,King of Pop 마이클잭슨의 노래를 큰 스크린으로 즐길수 있어서 영화보는 내내 감동이었습니다. 개인적으로 좀더 많은 노래가 나왔으면 더 좋았을텐데 ㅋㅋㅋ그래도 너무 좋았습니다~,1
마이클,"보면서몰랐던것도알게됐고음악나무좋았고
엄마생신전에같이봐서더좋았어요",1
마이클,"마이클 잭슨의 생, 그의 음악, 세계관, 소명의식을 새겨보는 감동적인 영화입니다. 가슴이 뛰는 영화",1
마이클,자파 잭슨의 연기는 훌륭했지만 서사적인 부분은 많이 아쉬운 느낌,1
마이클,한편에 담기에는 2시간이 짧았었나?? 이도저도아닌 1편이 되어버렸네요. 한번에 쭈욱 길게 가지...아쉽다,1
마이클,"솔직히 아쉽다.
그래도
Don't stop til you get enough 나올때 소름 돋았다.",1
마이클,마이클 잭슨의 전율의 무대에 흠뻑 취해 본다.,1
마이클,마이클 잭슨의 삶을 영화로 볼 수 있어서 신기했고 잘 봤습니다!,1
마이클,노래 춤 무대 메너 최고의 열정 관객 호응 오랫만에 최고의 영화를 봤읍니다 마이클의 인간미가 살아있네요,1
마이클,"Who is the best?
마이클잭슨이 실제로 노래했던 콘서트에 가봤다면 정말 끝장났을것같은데 이런 대역의 영화로 봐야한다니 아쉽다..",1
마이클,"연출 음향은 좋았으나 스토리부분에서 좀 루즈하며
파트로 나눠 장편으로 만든 부분이 좀 아쉬었다
노래는 너무 좋았다",1
마이클,마이클잭슨그립습니다 노래가 너무 좋아요,1
마이클,"마이클 잭슨 전설을 느끼는 영화
마지막 엔딩이 좀 뜬금포 ㅎㅎ
음악 좋아요",1
마이클,"최고였어요!! 마이클잭슨이니 당연히최고겠지만
 배우들연기도너무좋고 실제마이클이 너무생각나고 그리워지는영화였네요 ..감동.슬픔.멋짐.먹먹함.환희 다 들어가있는영화~!! 2시간이모자람.꼭후속편나오길~~",1
마이클,황제의 화려하고도 어딘가 허전한 행차식,1
마이클,마이클잭슨에 대해서 잘 몰랐었는데 노래 들으니까 다 알아요 ㅠㅠㅠ 영화 보고 나오면서 마이클 잭슨 시대에 살지 못한 게 너무 아쉬웠어요 ㅠㅠ 2탄에서는 마이클에 대한 오해와 진실 다 풀어줬으면🙏🏻,1
마이클,마이클잭슨 이야기의 반도 못담은 것 같아 좀 아쉬웠지만 그시절로 돌아가 추억에 잠길 수 있고 노래 듣는 재미가 있어요,1
마이클,마이클잭슨 생각나고 좋았어요,1
마이클,"정말 멋진영화입니다. 
감동의 도가니였어요.
그 시절로 돌아간 느낌이었습니다.",1
마이클,자파 잭슨의 연기와 마이클 잭슨의 음악에 감탄하면서 봤어요. 잘 봤습니다.,1
마이클,마이클의 어린 시절과 독립까지를 다른 1편. 팍 꽂히는 한방은 없지만 빛남 속에 숨은 상처가 너무 잘 그려졌네요.,1
마이클,마이클 잭슨 그리워요,1
마이클,"최고였다. 이렇게라도 그의 인생을 조금이라도 들여다본것만으로도 좋았고 노래와 춤, 무대가 너무 감동이고 행복했어요 또 보러갈거예요! 속편도 나온다고 하니 엔딩을 신나게 즐겼습니다 마이클 사랑해요♡",1
마이클,"2시간짜리 예고편을 본 느낌
2부부터 시작되는 마이클의 스토리를 영화로 어떻게 그려낼지가 기대된다..",1
마이클,마이클잭슨이여 영원하라!!!!,1
마이클,"일대기인줄 알았는데, 아쉬웠지만 멋있었어요",1
마이클,발꼬락이 저절로 리듬을 탑니다. 평론가 평이 어찌됐든 관객입장에서는 흥겨울 수 밖에 없는 영화! 2편 꼭 제작됐으면 좋겠네요👍,1
마이클,"마이클잭슨 노래 엄청 오랜만에 들으니 가슴 벅차네요.
공연장에 갔다온 느낌이네요.
잘봤습니다.",1
마이클,영원한 팝의 황제를 다시 만나다😢😍👍,1
마이클,음악감상겸.. 갑자기 엔딩이라 놀랐네요.,1
마이클,"이건 뭐라말할수없이 몰립감 감동 천재뮤지션
너무빨리끝나요 더보고싶었어요 
잼있었어요",1
마이클,마이클 잭슨 아버지가 자식들을 상품화 했다는게 가족들이 힘들었을 것 같다는 생각이 드네요. 그리고 너무 감동적 이었어요. 공연을 본다는 느낌이 들어요. 끝 마무리가 아쉽지만 2편 궁금해져요.,1
마이클,똥싸담 안 느낌의 영화지만 나쁘지 않았다,1
마이클,낲ㄴ버버버ㅇ너얼ㅇㅓㅛㅓ,1
마이클,즐기는 멋진 마이클잭슨을 다시 볼수 있어 좋았습니다,1
마이클,마이클잭슨 팝의황제를 스크린으로 볼수있어 행복합니다,1
마이클,마이클 음악 신나게 들은걸로 만족,1
마이클,감독의 연출과 연기가 돋보인 영화,1
마이클,꼭보세요..시간이 언제갔는지 모를정도임,1
마이클,여전한 내마음속 황제 그립고 울적한 고막투어,1
마이클,20세기와 21세기를 이어주는 아름다운 영화,1
마이클,보는 중간 중간 안타까웠다. 무대장면은 좋았다.,1
마이클,"사운드 위주로 롯데시네마 광음 메가박스 돌비
보시는걸 추천",1
마이클,싱크가 너무 좋아서 몰입이 잘됩니다 다들 얼마나 노력했을지 짐작도안가고 노력을 한다고 되는것도 신기해요,1
마이클,"연출, OST 모두 아주 좋았어요.",1
마이클,마이클의 음악을 영상으로 본것만으로,1
마이클,전설을 담아내기엔 부족하다,1
마이클,마이클의 일생을 보고 귀에 익은 음아들을 듣는 즐거운 시간,1
마이클,마이클잭은의 영화가 재조명되어 좋아요~~,1
마이클,"127분+에필로그 내내 전율이 흘렀다.
손짖하나 발짖하나 그의 숨결이!~~
리멤브리 포에버~~♡♡♡",1
마이클,"마이클! 그를 담기엔 2시간이 모자란다.
마이클 그는 진짜 신이란걸 다시 일깨워준 영화.
2편이 기대됩니다.
스타가 무엇인지 보여줍니다. 
마이클 잭슨.
잭슨스를 벗어던지고 마이클로 태어나다. 이게 1편입니다.",1
마이클,"제파 잭슨, 이전에 연기해 본 적이 전혀 없는 조카가 삼촌을 완벽히 부활시킴.",1
마이클,조카 연기 잘하는데,1
마이클,감사합니다 추천합니다,1
마이클,초반 유년기 빼고 성인 버전 마이클부터 끝까지 모두 보기 함들었다. 역시 연기는 연기자가 해야한다. 조카랍시고 데려다가 연기 시키니 흉내만 낼 뿐 보기 힘들 정도. 최고의 연기는 아빠역. 아빠가 주연이다.,0
마이클,"마이클의 재림, 하지만 part 1",1
마이클,잭슨으로 태어나 마이클이 되기까지. 이렇게 단편적이고 무미건조하게 엮다니. 평론가의 혹평과 달리 관객 점수는 높다던데 팬들도 실망했을거 같은데…? 배우의 노력은 인정한다만.,0
마이클,학생때 너무 좋아해서 MP3에 전곡 넣어서 들었는데 다시 극장에서 들을 수 있어서 너무 좋았습니다~,1
마이클,노래 별로 모를 줄 알고 봤는데 다 들어본 노래더라,1
마이클,"감동적인 부분 보다는 즐거운 추억 정도
잘 봤어요",1
마이클,글쎄?? ㅋㅋ 2편이 더기대됨,1
마이클,그의 삶을 영화가 다 담기 어려워보였다,1
마이클,이야 굿굿입니다. 마이클잭슨의 위대함을 다시한번 느낌,1
마이클,"보면서 심장이 미친듯이 뛰는 영화를 본게 정말 얼마만인지..
노래는 물론이고 마이클 잭슨의 전기를 영화로 볼 수 있어 정말 좋았습니다
무언가를 순수하게 열망하는 한 인간의 모습을 필름 속에 잘 담아낸 영화",1
마이클,"보는내네 벅참 영화가아닌 최고의 공연을 본것같고
 마이클잭슨 조카가 대역했다는데 멋지고 넘잘했네요",1
마이클,"마이클에서~~마이클잭슨이 되기까지~//
최고의 연기였다",1
마이클,마이클잭슨에게 죄송스러울 정도,0
마이클,"마이클 잭슨, 풀네임으로 부르디 않고 마이클로 부르갔어! 동시대를 살아서리 고맙고 감사함다.. 네버랜드에서 부디 평화롭길 바라디요, 동무는 세계 최고의 팝 아티스트 립네다, 다시 기억할 수 있어 감사하오!",1
마이클,몰랐던 마이클잭슨의 어린시절을 보면서 불쌍한 생각도 들고 수퍼스타는 저절로 생기는게 아니란걸 공감하며 제2탄이 벌써 기다려 지내요,1
마이클,"달아오를때 끝나버려서 아쉬웠다...
전기영화로써는 아쉽지만 음악 영화로써는 만족
후속작이 기대되네요",1
마이클,"영화를 넘 기대햇는지 뭔가 좀 아쉬운 스토리네요
 배우의 춤과 노래는 기대해도 좋네요",1
마이클,"뭔가 좀 아쉽다. 보헤미안 랩소디 제작진이라고 해서 그만큼(?) 나올 줄 알았는데, 너무 큰 기대를 했나 보다",1
마이클,"새삼 그가 얼마나 대단한 아티스트였는지! 가슴이 벅차올랐다, 오랜만에.",1
마이클,사운드도 크고 노래가 좋았어요,1
마이클,이거 2편 언제 나와요???,1
마이클,아니.. 마지막까지 얼마나 끝까지 앉아있었던지ㅜㅜ 아닐꺼야.. 뒤에 뭐가 있을꺼야..하면서와~~나중엔 먼가 허무함까지..그냥 한편으로 만드시던지.. 나도 모르게 빌리진 나올땐 함께 춤까지 출뻔한건 안비밀^^;,1
마이클,"시간가는 줄 모르고 봤는데 종반은 ?? 1부인거임?
 에고....",1
마이클,너무 재미있습니다~~~!!!,1
마이클,"마이클 잭슨이 돌아왔다
오늘밤은 마이클잭슨 노래듣고 자야겟다
듣다가 밤샐듯..
최고 짱짱
영화에서 그의 더많은 명곡들 더 못 들은게 아쉽긴함",1
마이클,"마이클 잭슨 전기영화인데

사실 마이클 잭슨 잘 몰라서...

나쁘진 않은데 마이클 전생애를 보여줬으면 더 좋았을지도",1
마이클,"아버지의 사랑과 지지를 받고 자라지 못한 마이클 내면의 슬픔이 보여 나도 모르게 눈물이 났다.
마이클은 정말 다신 없을 음악 천재임은 분명하다.
2편이 꼭 나와서 더 많은 명곡을 영화관에서 들을 수 있길!",1
마이클,"무언가를 순수하게 열망하는 사람은
이렇게 아름다운 모습을 지녔군요.
마이글 잭슨의 영혼이
영원히 행복했으면 좋겠습니다.",1
마이클,"팝의황제 마이클잭슨 
일대기를 들어던바
화려함속 외로움이 옅보여
찡하면서 대단하다 
연기 영상 음악 몰입
잘봤습니다",1
마이클,정말 엘비스와 더불어 연이은 미국 가요계에 한 획을 긋고 새로운 장르와 댄스 음악으로 발칵 뒤집어 엎은 엄청난 가수라는 생각이 드네요.,1
마이클,"영화제목을 마이클 애비로 냈어야 하는게 아닌지
기대했던 방향이랑 많이 동떨어졌네요 
그리고 곡을 너무 아꼈습니다 
저작권 문제때문인지 속편을 제작하려고했는진 
모르겠지만 암튼 기대이하였네요",0
마이클,마이클잭슨 내한공연을 다녀온적이 있기때문에 너무 기대하고 본 영화인데 전반적으로 참 지루하다 하지만 마지막 한 장면이 마치 공연실황 같았다. 뭐랄까 아쉬우면서 감동적이다,1
마이클,보는 내내 즐거웠다,1
마이클,마이클잭슨에 대해 다시 한 번 생각하게 되는 영화였어요! 정말 대단한 아티스트구나♡ 즐겁게 잘봤습니다~,1
마이클,아니 진짜로 이야기를 하다 말어 ㅠㅠ,1
마이클,영화 마이클 잘봤어요..,1
마이클,좀 길더라도 한편으로 만들었으면 좋겠어요. 다음편은 언제 나올라나??? 음악 영화 치고 노래 목소리가 너무 낮다. 다른 영화들처럼 노래 나올때는 음악에 집중하면 좋겠어요.,1
마이클,즐겁게 보긴 했지만 왜 평론가 평이 낮은지는 알 것 같다. 사건만 시간따라 나열되고 인과에 대한 묘사나 해석이 하나도 없음.,1
마이클,"마이클 감동 ~~
영화관에서 듣는 그의 노래는 최고!!",1
마이클,"모든 영화는 사람이 남길 수 있는 몇 안 되는 진실이고 그렇기 때문에 세상에는 영화가 필요하다. 감사하다 - 누군가의 보람이자 속절없이 한철뿐인 아름다움, 때와 운이 맞아 얼굴없이 오븟했던 극장안 인연들.",1
마이클,역시 보헤미안을 이길 순 없다~ 그러나 음악이 가진 힘이 있다,1
마이클,우리 모두에게 전설이 된 마이클의 삶에 대해서 조금이라도 알수 있게 된 영화입니다. 아쉬운 건 후속 편이 있는 것인지 재미있게 보다가 갑자기 끝나는 상황이지만....,1
마이클,어쨌든 노래는 좋았다..,1
마이클,"마이클 잭슨 고난이 많은 건 알았지만 영화로 보니 더 애잔하네요.. 그럼에도 선한 마음씨를 잃지 않아서 더 멋진 사람! 그 시절에 태어나지 못해서 아쉽네요잉~

애비 주거 💀",1
마이클,노래는 좋으나 영화는 좀 아쉬워요,1
마이클,화장실을 중간에 가고 싶었지만 타이밍을 안 줌. 노래 하나도 놓치기 싫어서,1
마이클,화장실을 중간에 가고 싶었지만 타이밍을 안 줌. 노래 하나도 놓치기 싫어서,1
마이클,"마잭의 일대기 존잼!!
후속나와줘요~~언능",1
마이클,재밌다 잘본거같습니다 이거보세요,1
마이클,그리운 시절 보고싶은 마이클...,1
마이클,"나의20대,30대 40대 지금, 앞으로도 마이클 잭슨은 별이다 영화 플롯은 조금 아쉬었지만 스크린에서 보고 다시 그와 함께 음악을 함께 한다는게 좋았다 마이클2 기다려진다",1
마이클,"우리가 보고 싶은건 위대한 딴따라의 모습이고 그의 음악이다. 영화는 위대한 딴따라의 음악을 유감없이 보여준다
마지막 10여분의 엔딩크레딧 끝날때카지 일어설수없었다",1
마이클,꼭 극장에서 보세요,1
마이클,타고난 음악적 재능 보유자 마이클~ 그런 아들을 돈벌이 수단으로만 여긴 매정한 아버지... 마치 콘서트장을 연상시키는 영화 한편~ 잘 봤어요^^,1
마이클,그 시절엔 괴이하다고만 생각한 시대를 앞서간 아티스트. 그가 치열하게 살다 간 선별된 족적이 잘 드러나네요.,1
마이클,간만에 감동적이고 진정성있는 좋은 영화 그리고 환상적인 음악 압도적이네요.,1
마이클,"열혈 팬은 아니었지만 내 추억이 서려있는 마이클~~~
그 때보다 많이 생각나고 보고싶다!!!",1
마이클,마이클 늘 듣던 음악 여전한 감동,1
마이클,"팬이면 필감이고, 무엇보다 자파르의 혼을 갈아넣은 삼촌 연기 재현이 전율 돋습니다.",1
마이클,"진짜 시간가는 줄 모르고 봤다.
100프로 진짜냐 아니냐를 떠나서 작품성과 연기력은 보장",1
마이클,볼만했어요ㅎㅎㅎㅎ열글자,1
마이클,"꼭 극장에서 보세요. 

저는 아이맥스로 한번 더 볼 예정입니다. 
너어어어어무 재밌어요 ㅎㅎㅎ",1
마이클,돈버는데는 쉬운게없다 마이클책슨 너는뛰어난목소리를가져서 부럽고멋있구나,1
마이클,"마이클 영화 개봉날만 기다렸어요
오늘 관람 했습니다
명곡들도 들을수 있어서 더 좋았어요",1
마이클,"안녕하세요. 
오랜만에 음악 들어서 좋았어요.
시간순삭이네요.
마지막 끝날때까지 후속편 나오길 바랍니다 
삼가고인의명복을빕니다.",1
마이클,"보헤미안랩소디 급을 기대했다면 많이 아쉽습니다. 특히 엔딩이 너무 읭? 스러운...
그치만 노래는 좋았음. 여러모로 조금 아쉽네요.",1
마이클,2편도 기대가 되는 퀄리티 입니다.,1
마이클,눈감고 봐도 즐거울것같은데 이게 진정한 베리어 프리 영화지,1
마이클,영원한 마이클잭슨~호우,1
마이클,"노래가 죽여주네요
효도템으로 추천합니다",1
마이클,그동안 아버지 땜에 고생을 많이 한 마이클 잭슨님 이 많은 노래를 남겨주셔서 감사드려요 그리고 영화도 잘 봤네요,1
마이클,마이클 잭슨 콘서트 같은 영화였어요,1
마이클,노래가 더 많았으면 하는 생각,1
마이클,"긴 인생을 짧은 시간에 보여 줄려고 하니
중간중간 문맥이 끊어지는 부분은 있지만 감동은 있네요
2편이 기대 됩니다",1
마이클,"마잭이 그리워지는 영화였어요. 특히 무대연출이 실감나서 
좋았습니다.",1
마이클,"볼만했어요.,.,.",1
마이클,"팝의 신인 그의 업적의 초반만 살짝 햝은 느낌. 성추행 스캔들 관련 장면을 법적 문제 때문에 다 들어내고 새로 찍었다고 하던데, 그래서 그런지 엔딩이 더 붕뜬 느낌. 데인저러스 앨범부터는 나오지도 않는다.",1
마이클,마이클 잭슨 최고!,1
마이클,마지막곡 BAD 하나로 충분했다,1
마이클,"전기 영화로써는 다소 어색하지만, 음악이 주는 힘과 전율을 느끼게 해주는데에는 좋은 영화다.
3/5",1
마이클,마이클잭슨 그립네요 노래듣는 재미가 있네요 보는내내 감동입니다,1
마이클,"우리가 알던 마이클잭슨의 노래가 나와서 내적 친밀감도 느껐고 ,배우의 연기도 좋았지만 제작사의 전 영화 보헤미안랩소디를 기대하고 극장을 방문한 관객이라면 조금 실망할 영화",1
마이클,콘서트를 보고 온 기분.. 후속작도 나오나요?,1
마이클,A~ 이건 아니잖아요~~ 보헤미안 랩소디 두자리수 관람한 자로써 차라리 150~160분 정도로 해서 한편이 낫지... 뭘 쪼개고 그려~ㅠㅠ 명곡 다 담으려면 대하드라마 만들어야겄네.,0
마이클,"역시 누가 뭐라해도 소재가 마이클잭슨이라
지루할수가없고 몰입감이 대단하다.
하지만 영화 마지막으로 갈수록 점점 뭔가 더끌어낼수없나 하는 아쉬움도있다...
그부분쯤에는 보헤미안 렙소디와 비교가될뿐..",1
마이클,"올해본 영화중 걸작입니다
후속편 있갰죠….?
빨리
니욌으면 좋갰어요",1
마이클,"넘 ~~감동 입니다~~★★★
마이클잭슨을 실지로 보는것
같습니다~~♥︎♥︎
감동적인 시간이었습니다~~♣︎♣︎다시 또 
보러올거 같아요~~♠︎♠︎",1
마이클,"제가 좋아하는 노래가 안나와서 아쉬웠지만 좋았어요.
마지막이 좀 찝찝하네요",1
마이클,너무 재밌었음 담편이 기대됩니다,1
마이클,마이클 잭슨 콘서트를 방불케 하는 멋진 음악영화,1
마이클,자파의 연기가 너무 자연스럽고 신인이라기엔 타고난 배우같았다. 자파의 팬도 되버린 영화. 마이클 아이러브유!!,1
마이클,마이클의 연대기를 볼 수있어서 매우 좋아요.,1
마이클,다큐멘터리가더좋았을,0
마이클,팝의 황제! 오랜만에 느끼는 전율,1
마이클,"한편의 콘서트를 보고 온 느낌
아이맥스 관이라 음향도 어마어마했습니다
스토리 자체는 그냥 큰 기대 없이 봤기 때문에 아쉬움은 없었습니다
마이클 잭슨과 동시대에 살았던 사람이라면 재밌을 거 같아요!",1
마이클,너무 짧아요 4시간 했어야 돼요ㅠㅠ 감동..,1
마이클,첨엔 기대한것과 달라서 의아함 당황함 하지만 보다보니 알게되었다 감독이 왜 이런 연출과 스토리를 가져가게 되었는지 영화 후반부에는 그저 마이클잭슨의 공연장 현장감을 느낄수있다는것에 감사했다,1
마이클,"MJ의 음악을 듣고자란 세대로서 
영화내내 흐르는 음악만으로도 마음을울리는
영화였습니다. 최애곡인 휴먼네이처를 오랜만에 
들을 수 있어서 행복했습니다",1
마이클,일대기를 그리면서도 음악과 함께 스토리를 잘 풀어나간듯합니다,1
마이클,"다른커플^^이 영화중간중간 떠들고 박수치고 그래서 별로였는데 영화는 잘만든거같음 
어린애도 잘해줬고 .. 어른역인 사람도 많이 노력한게 보임",1
마이클,최고였어요. 강추합니다.,1
마이클,옛추억이 쁨뿜 새록새록....,1
마이클,명불허전 사운드 영상미는 베리굿 부모의 욕심은 옥의 티,1
마이클,"배우들 연기가 좋았고, 간접적으로 마이클의 이야기를 접하고서 보니까 몰입도 되고 눈물 광광ㅠㅠ이었어요...🥲
정말 대단한 사람이라는 걸 다시 한번 느끼게 된 거 같아요
멋있는 사람.순수한 사람이라는걸요",1
마이클,베스트.정말 최고의 영화입니다,1
마이클,"온몸에 전율이 쫘악
손과발이 가만있지를 못하겠더라
일어나서 소리지르고 싶어서 혼났네",1
마이클,"온몸에 전율이 쫘악
손과발이 가만있지를 못하겠더라
일어나서 소리지르고 싶어서 혼났네",1
마이클,마이클 잭슨 팬이면 정말 재미있게 볼 수 있을 것 같습니다,1
마이클,울컥했다.. 마이글잭슨 당신은 영원한 제 마음속의 아티스트이자 세계최고입니다.,1
마이클,말이 필요없습니다. 이것이 도파민이다라고 보여주는 영화입니다. 마치 제가 직접 공연장에 와 있는 기분입니다 음향이 좋아서 집에서 보는거랑 차이가 클 것 같습니다.,1
마이클,"“역시 레전드는 레전드👍
노래 나오는데 괜히 소름 돋고 추억여행 제대로 했다",1
마이클,시대의 아이콘 * 세기의 아이콘,1
마이클,마지막 콘서트 장면에서는 마이클 잭슨이 환생한것처럼 느껴지는 무대였다!,1
마이클,스토리라 딱히 없지만 노래랑 배우들 캐스팅 연기가 참 좋았어요,1
마이클,Absolute cinema,1
마이클,영화 재밌게 봤습니다,1
마이클,마이클 잭슨 … 모든게 다 좋았어요. 말해 뭐해요. 무조건 보세요,1
마이클,스토리고 자시고 … 노래듣고 춤추고 들썩들썩,1
마이클,전체적으로는 잘만든영화지만 전체적인 스토리로 봤을땐 다소아쉬움이 남네요. 마이클젝슨의 일대기중 반도못본듯함...마지막엔딩때 문구로봤을때 2편이 나올지도??,1
마이클,"1996년 내한공연을 직관했던 추억이 생생한데...
30년만에 다시 MJ 의 무대를 볼 수 있어 감동적이었습니다!!",1
마이클,어려운 미션을 흥겹게 그럴싸하게 완수는 했다,1
마이클,"2시간 짜리 영화가 1시간으로 느껴질 정도로
재미있고&속도감 있어요.",1
마이클,"와우!
정말 놀랍다는 말 밖에는 ,,, 영상속에서 전해지는 감동을 어텋게 표현해야할지 모르겠어요
원더풀
마이클이 환생한듯, 천국에서도 기뻐할거 같아요
네버랜드에서 미소짓고 있을것 같아요
감사합니다",1
마이클,"세대를 불문 하고 황제의 세련됨과 클래식함은 영원불멸의 아이콘으로 기억 되리라, 이번 그 첫장은 추억과 시작",1
마이클,"전설였던 뮤지션의 일대기를 보니 넘 감동적이고 
눈물이 나더라고요~~",1
마이클,서사와 음악이 조화를 이뤄 몰입할 수 있는 영화,1
마이클,"54살먹은 주부입니다.
요며칠 남편땜에 여러가지 열받아있던게 마이클 공연 몇번 보고나니 완전 싹~사라지고 다시 세상이 아름다워졌어요.
정말 재밌게봤고, 연출도 훌륭합니다!!
내리기전에 IMX로 한번 더 볼래요",1
마이클,보헤미안 랩소디같이 음악의 탄생배경이나 마이클잭슨의 인생을 깊게 풀어내지 못한것이 많이 아쉽지만 영화에 재생되는 노래가 이 모든걸 잊게 해주는 영화,1
마이클,영화보는 내내 귀가 즐거웠어요~,1
마이클,"영화관에서 봐야 할 영화!! 🤔
노래, 춤 그 어느것 하나 
최고가 아닌것이 없다! 👍",1
마이클,올해 본 영화중 최고,1
마이클,마이클의세계어빠져보는좋은시간이었습니다.추억의노래가그때를생각나게하네요.,1
마이클,영화 감상 내내 내 흥이 주체하지 못했던 그리고 알지 못했던 마이클 잭슨의 본성을 알 수 있었던 영화,1
마이클,선택과 집중을 잘한 영화,1
마이클,마이클잭슨 노래를 계속 들을 수 있어서 너무 좋았어요..,1
마이클,"팝스타 마이클 잭슨 가족사에 대한 이야기..아버지,어머니,형제,주변인을 둘러싼 마이클의 고뇌와 삶을 노래하다.",1
마이클,2탄 나올려나보네요. 좀 지루하다가 드디어 잼있어지나하는데 끝난김이 있어서 아쉬웠지만 그래도 좋았네요,1
마이클,"슈퍼스타의 주변은 늘 붐비지만, 고독하고 외롭다.",1
마이클,"노래 나올때 신나서 듣고 있는데 다음편에 계속 된다고 끝나는데 어안이 벙벙
배우 연기 지렀다 대박 너무 재밌었어요",1
마이클,플롯이 지나치게 단순해졌지만 예상했던 결말과 달라서 오히려 좋았어요 마이클 연기도 완벽하고 무대 공연도 신났어요,1
마이클,"마이클의 진짜 모습을 보고 싶었어요. 영화
내용이 아버지와 마이클의 독립이 다 인거 같아서 아쉬웠지만 마이클잭슨의 콘서트 장면과 그의 목소리 음악 너무 좋았고 그가 그리워요 ㅠㅠ",1
마이클,엄마랑 봐서 참 좋았다,1
마이클,싱어롱 상영회 기대해 봅니다...전설의 마이클잭슨 영원하라,1
마이클,저절로 발을 구르게 되는 노래들이 좋았습니다.,1
마이클,아주 재밌어요~!!!,1
마이클,"마이클 노래들이 감동적으로
들려 옵니다.",1
마이클,"잘 봤다는 말 밖에
할 말이 없네요.. 👍👍
후속편도 기대중 💗",1
마이클,기대 많이 했는데 너무 금방 끝나서 아쉬웠어요,1
마이클,마이클 빌리진 노래 하나로 압살,1
마이클,"마이클 영화라길래 마이클의 피폐한 인생 이야기가 나올까 싶어 긴장하고 들어갔었는데 마이클의 즐기는 모습, 행복한 모습을 보여줘서 기분 좋게 봤다! 행복한 마이클을 극장에서 볼 수 있어 좋았다!",1
마이클,⭐️⭐️⭐️⭐️⭐️ 5/5,1
마이클,"보헤미안랩소디 제작진이라길래 보러왔는데 좋다 진짜
오랜만에 느끼는 영화관에서 무대로 빨려가는 느낌
마이클잭슨 노래 잘 모르는데도...
사운드 좋은 관에서 보면 죽이겠네……아…",1
마이클,후속편이 있을거라 생각도 못함,1
마이클,"너무 그리운 마이클 눈물났어요..
다시 살아온듯 공연 잘봤어요",1
마이클,다시 그가 노래하는 무대가 보고싶네...,1
마이클,뭘더말할필요가있을까 마이클보고싶다...,1
마이클,영화관에서 봐야 스피커도 좋지,1
마이클,너무 미화된 느낌 중요한 부분이 빠진 느낌이다,0
마이클,그 옛날 마이클이 잠실주경기장 내한공연 했을때 직관했던 추억이 떠오르며 보는 내내 음악들을 흥얼거렸습니다. 스토리가 좀 아쉽긴해도 그 시절 넘버원의 공연들은 최고입니다!! 속편이 기대되네요♡,1
마이클,예전 찬란했던 젊은 시절을 생각 나게 해 준 고마운 영화,1
마이클,"마이클을 보고 느끼는 것 만으로 최고다
너무 그립다",1
마이클,"마이클 노래를 들어서 행복했어요
두시간이 순식간에 흘렀어요 
추천합니다~^^",1
마이클,"보헤미안랩소디를 뛰어넘을
최고의 뮤직뮤비",1
마이클,정말 보고 싶었던 영화 입니다 저는 마이클 잭슨의 모든 노래를 좋아 합니다 그의 퍼포먼스도 아주 인상적입니다 영화를 보고난후 마이클잭슨은 진정한 음악의 황제임을 실감했습니다,1
마이클,"아름다워서 너무 슬픈 마이클
더 그리워지는 마이클입니다",1
마이클,음악 전율이 즐거웠습니다,1
마이클,초반부 마이클젝스가족이야기 영화 후반부 스크린X 공연장 씬에서 진짜로 현장에 있는 느낌들을 강력추천합니다,1
마이클,무대가 전부다.. 무대 씬이 너무 좋음,1
마이클,팝 음악 그 자체 음악이 영화로,1
마이클,진짜 올해 본 영화 중 최고라 부를 수 있다ㆍ감동이 한가득ㆍ또 본다!,1
마이클,마이클시대때 사셨던분들은 ㄱㄱ,1
마이클,마이클의 재능보다는 가족관계에 너무 비중을 둬서 저는 조금 불호였습니다,0
마이클,"자파잭슨 연기 끝내주네요 
내용도 좋았고 흥 돋우면서 봤네요 
2편도 기대됩니다",1
마이클,그리웠던 사림을 이렇게 대시 별 수 있어 너무 좋있어요~~,1
마이클,그리움이 더 커졌다. 마이클의 음악은 영원할 것이라는 것을 확신한다. KING OF POP FOREVER,1
마이클,"마이클젝슨의 노래 듣는것만으로 만족이긴하지만..
왜 호 불호가 갈리는지 알겠습니다...
잘 봤습니다.",1
마이클,"기대가 컸는지... 많이 아쉽고 허전한 영화.
최고의 재료로 만든 B급 요리.
연출도 연기도 퍼포먼스도 스토리도..
뭐하나 돋보이지 않는다.",0
마이클,돌비에 이어서 스엑 까지 두 번 봐도 감동이네요 2시간 동안 넘 울컥하면서 보았네요 속편 엄청 기대됩니다,1
마이클,마이클 팬으로서 봐야할지 말아야 할지 고민하다 보고왔습니다 결론은 마이클이 더 그리워 지고 잭슨5가 미화되있다라는 찝찝한기분은 떨칠수가 없네요 ...,1
마이클,2시간이 품기엔 너무 거대했던 그의 인생,1
마이클,큰 기대를 하고 갔는데 지루하고 마이클잭슨 노래를 많이 안해줘 실망임 ㅠㅠ,0
마이클,마이클 역의 영화 배우를 잘 뽑은 듯. 영화 속에 담긴 음악과 춤을 보고 들을 수록 빠져들게 만드는 영화.,1
마이클,팝의 황제 마이클 그 자체가 감동.,1
마이클,굳이 1.2부로 나눌 필요가 있는가 ..ㅎ,0
마이클,마이클 잭슨의 인생이 마음아프고 너무 일찍 가버려서 그립다. 공연하는 장면이 좀더 많았으면 하는 아쉬움이 컸어요. smooth criminal 노래가 안나와서 아쉬웠어요 ㅠㅠ,1
마이클,내가 아는 마이클잭슨의 내면을 볼 수 있어서 좋았다,1
마이클,4dx로 보는게 훨씬 재밌고 생각한거만큼 재미있어서 만족했다,1
마이클,부모님이 많이 좋아하시네요ㅎㅎ,1
마이클,흠.. 노래 짜깁기 느낌??,1
마이클,기대를 많이 해서 그런가.. 뭔가 아쉽다...,1
마이클,지금도 무대에서 볼수 있었으면 좋았을텐데... 다음편 빨리 주세요.,1
마이클,마이클잭슨이 돌아왔다. 최고다,1
마이클,"보는데 나도 모르게 눈물이...
보는데 나도 모르게 들썩들썩 두둥실...
울다가 춤추다가 난리부르스
근데... 언제 2편 나오나요?",1
마이클,마이클 잭슨의 특유의 비트가 쿵쾅거리고 팬들의 열광의 환호성으로 신나고 옛 추억에 젖어들지만 그의 결말을 알기에 안타깝고 슬프다.,1
마이클,마이클 잭슨 영화라지만 나는 마이클잭슨을 비꼴려고 하는 것 같았다.곡도 편곡됬고 안무도 전혀 다르다. 스릴러 장면을 보면 분장한 얼굴이 한 장면 지나가자 사라진다. 나는평론가의평점이왜낮은지알게되었다,0
마이클,재밌어질만하니까 끝나버리는 건 무슨 심보,1
마이클,2편이 어떻게 나오느냐에 따라 달라질것같습니다.,1
마이클,"뮌가 시작하다 만것같아서 좀 아쉬워요.ㅠ
좀더내용이 있길바랬는데..그래도 음악좋고 스토리좋았어요",1
마이클,끝내주네요 마이클잭슨,1
마이클,"노래만 들어도 보기 잘했다 싶은 작품
내용은 다소 평면적이고 장점은 없으나
배우의 싱크로율과 무대가 너무 큰 장점이다",1
마이클,재밌었어요!!! 진짜 마이클 잭슨이 춤추는 것 같아서 몰입이 너무 잘 됐어요👍👍 잭슨파이브부터 마이클잭슨까지 마이클이 어떤 가수가 되고 싶어했던 건지 느껴져서 감동이었답니다🥹,1
마이클,"좋아요 😀 👍 
너무좋다 마이클
최고예요 다음편 보고 싶네요",1
마이클,"공연 출연진들 춤이 예술~~감탄을 금치못했다ᆢㅎㅎ
꼬마 잭슨도 노래와 춤이 기가 막히고~~
아버지 ᆢ심했다ᆢ가족을 위한 것은 알겠지만~~
나는 이 영화 추천한다~^^
2편이 나올듯한 뉘앙스로 끝남ᆢ기대한다~",1
마이클,보는내내 반짝이 장갑 갖고 싶었다..하ㅏ,1
마이클,자파 잭슨 배우의 연기와 실력이 뛰어났다.,1
마이클,생의 한부분만 조명했다면 완성도가 더 높았을듯. 아티스트로서의 고민이 더 부각되었더나면... 아쉽다,1
마이클,스토리는 단순하지만 정말 공연보는 거 같이 신났어요,1
마이클,"위대한 아티스트 얘기라 너무 기대가 컸던거 같음.
마이클과 아빠 외에는 너무 평면적인 등장인물에,
몰입이 어려운 산만한 전개, 허무한 결말까지..
그나마 노래가 볼거리인데 모르는 노래도 꽤 있어서 지루했음",0
마이클,"마이클잭슨의 잭슨파이브부터 관람해서 좋았어요
2부도 기대됩니다",1
마이클,조아조아 마이클굿잘보고 가요,1
마이클,마이클 영화가 젊은날의 나로 돌아가는것 같아 좋았고 노래도 너무 공감됐다.,1
마이클,마이클 잭슨을 담기에는 너무 얕은 영화.,1
마이클,마이클 보고 싶어요 !!!! 짱짱짱 ~,1
마이클,너무 많은 내용이 생략된 느낌이었다,0
마이클,"그를 못보고 자란 자들에겐 축복을, 보고 자란 이에게는 희열을",1
마이클,굿굿굿!!!???!!!,1
마이클,마이클 잭슨 그 이름 만으로 감동. 영화 좋았다~~,1
마이클,명곡 들으러 가는 곳,1
마이클,기대 만큼은 아니었지만 이렇게 마이클 볼수 있어서 좋았음 다음편을 기다리며,1
마이클,"천재적 뮤지션, 시대의 아이콘. 이라는 설명이 전혀 과장이 아닌.. 너무 쉽게 가버리신것이 허망하고 마냥 안타까울뿐..",1
마이클,마이클잭슨이 그립네요...,1
마이클,마이클 아주 좋았습니다,1
마이클,"그의 인생을 담기에 2시간은 너무 짧다,..",1
마이클,"황제를 만나고 왔습니다.
너무 따라부르고 춤추고 싶었는데~
다들 너무 조용히 뵤셔서 혼자 맘으로 춤췄어용♡",1
마이클,OST는 좋았는데 주연배우가 싱크로율이 떨어지는거 같아 몰입감을 떨어지게하는듯.. 더 불행한 일들도 많았는데 않나와서 다행이었네요..,1
마이클,사운드가 전부다. IMAX D9에서 보면 콘서트 현장 온 듯한 진동과 울림을 맛 볼수 있음. 엔딩자막이 끝날때까지 터지는 서라운드~~,1
마이클,오랫만에..전설의 영화를보니 감회가 새롭네요.,1
마이클,내용의 개연성은 많이 떨어지나 음악하나만으로도 충분히 볼만한 가치가 있는 영화,1
마이클,그의 노래를 극장에서 들을 수 있어 행복합니다,1
마이클,"세포가 기억하는 황제의 귀환🥹🎶🕺🏻
스액 초강추요🎬🍿",1
마이클,너무 제미있어요 영상 몰입도가 살작 아쉽지만 마이클의 감정선을 잘 나타낸 영화 같아요,1
마이클,이렇게라도 볼 수 있어 좋네요~~^^,1
마이클,몸 좀 풀리는데 끊어버리네,1
마이클,전 세계를 홀린 전설의 팝가수,1
마이클,"아기 잭슨은 속상하고 안타깝고 혼자 막 찡하다가
중간엔 보헤미안 랩소디보단 못하네, 우리 MJ느님 모시고 참 아쉽네 싶다, 마지막 곡 비트와 사운드가 그나마 열일해줬다
팬심으로 보는 영화로 적합함",1
마이클,"러닝타임 내내 즐겁게 관람했습니다! 워낙에 명곡이 많이 나와서, 계속 이게 여기서 나온다고? 하면서 봤네요ㅋㅋㅋ 할 수 있는 분들은 미리 ost 숙지하고 가시면 더 재밌게 보실 수 있을 것 같아요!",1
마이클,"추억을 떠올리며 존경스럽고 감동했어요. 
몰입도 좋았어요 ^^",1
마이클,랩소디에 비해서 노래가 적어 아쉽다 그래도 마잭 노래를 영화관 사운드로 들을 수 있다는 건 상당히 좋음,1
마이클,2시간 마이클 잭슨 뮤직비디오!!! 무조건 음향 좋은곳으로 선택하세요.,1
마이클,마이클2와 함께 연속상영 희망합니다,1
마이클,집에 뒤로 걸어 들어왔습니다,1
마이클,마이클 잭슨을 이렇게라도 봐서 너무 감사할 따름이다..,1
마이클,마이클2를 어서 내놓으시오....,1
마이클,영화관 가서 봐야함 마이클 잭슨을 만나다 보헤미안 랩소디를 보고 감동 받았다면 그 감동 다시 한번,1
마이클,"꼭 보세요~~~♡♡♡
진짜 감동입니다",1
마이클,"마이클이 살아 온듯 정말 대단하네요
아이 가족 동물을 사랑하는 마음을 보니 정말 여린 사람일것 같은데 노래나 퍼포먼스 만큼은 큰 울림을 주네요 뭉클해서 눈물까지 났음
마이클 또 만나러 갈겁니다",1
마이클,"뮤직비디오 보는 느낌이네요.
2탄을 기다려요",1
마이클,"개인으로서, 또한 가족의 한 구성원으로서의 마이클. 그 둘의 갈등과 화해의 아야기",1
마이클,영화가 뭔가 되려고 하다가 끝나버려서 참 이상함 2가 나올 작품도 아닌데...,1
마이클,이정도로 거대한 인물과 소재와 음악을 가지고 감정적인 카타르시스가 부족하면 그냥 실패한 음악영화 아닌가싶다.,1
마이클,노래만 들어도 돈값을 한다,1
마이클,이 영화는 Imax로 봐야 사운드가 얼마나 중요한지 체감할것이다 2D로는 그 감동과 전율을 느끼기엔 너무 부족하다 imax로 보세요,1
마이클,마이클이라는 타이틀에 걸맞지 않은 영화네요,1
마이클,"기대만큼은 아니었던..
생각보다 노래가많이없었고..
후속편을의식한듯",1
마이클,영화 자체는 슴슴한 듯 하나 계속 귀에 맴도는 마이클 잭슨의 노래들,1
마이클,정말 재현을 잘 했네요. 음악도 최고,1
마이클,마잭의 일대기의 한편을 재밌게 본 영화,1
마이클,"팬심으로 봐야 극복가능. 
아니 오히려 화가 날 수도. 
스토리는 노래를 위한 들러리일뿐. 
스토리도 어찌나 얄팍한지. 
제목이 아깝다.",0
마이클,빌리진 마지막으로 공연 곡이 하이라이트,1
마이클,엔딩 크레딧까지 다 즐기고 나오세요,1
마이클,"가슴아픈 마이클잭슨....
영화보는 내내 가슴이 뛰고 눈물이 나왔네요...
시간이 어땋게 갔는지도 모르게 봤어요^^

적극 추천합니다.",1
마이클,마이클 잭슨의 생애 중에 일부만 다루어 좀 아쉬워요.,1
마이클,좋았습니다. 스크린엑스로 꼭보세요,1
마이클,58년 개띠 최고의 아웃풋 / 앗싸 신난다. 신나는 와중에도 그립다는 감정에 콧날이 시큰한 게 두어번 / 마선생님 간지는 여윽시 독보적임을 재확인 / 스무스크리미널은 다음편에 나오려나.,1
마이클,마이클잭슨의 음악과 퍼포먼스를 영화로 보니 감동적이고 멋졌습니다,1
마이클,마이클 음악이 아주 좋았음. 안무도 젛았음.,1
마이클,마이클 잭슨의 성장기를 다룬 영화,1
마이클,레전드. 근데 이게 끝이 아닌가벼... 2탄 나오나?,1
마이클,"노래만 즐겨도 대만족ᆢ
어리시절의 마이클도 알게되어 좋았어요",1
마이클,"마이클 이즈 더 미라클, 버뜨 무비 마이클 이즈 낫 어 미라클.",0
마이클,1988년 공연의 소리 울림이 제일 좋았지만 바로 영화가 끝났다. 새로운 노래를 알게 되었고 영화 안에 마이클 잭슨을 다 녹아내진 못했다.,1
마이클,"미쳤다 걍 살아돌아온 마이클 콘서트임
돈이 하나도 안아깝네
내일 또보러감",1
마이클,마이클잭슨 정말 멋있는분인것같아요. 음악도 좋고. 시간이 넘 순삭이있어요.! 눈과 귀가 다 호강했어요! 꼭 보세요♡,1
마이클,화려한 삶의 이면에 있는 슬픔과 고민들을 공감하게 해주는 영화,1
마이클,천재가 너무 일찍 떠났다!!!,1
마이클,"마이클잭슨을 아는 사람이라면 그를 추억하며
그의 노래를 다시 들으며 볼만한 영화",1
마이클,전설을 재현하고자 했던 노력만큼은 좋았던 것 같습니다 😅,0
마이클,시간 가는줄 모르고 재미있게 봤네요.,1
마이클,스토리애대한 갈증은 못 풀고 “좀 하네” 싶은 흉내를 보느라 다소 지겹다. 재연배우를 보는게 무슨 의미와 감동이 있을까?,0
마이클,마이클잭슨의 서사를 영화로 재해석한 감동적인 스토리!,1
마이클,아쉬워요..미완성 느낌,1
마이클,6F10..!!..!!,1
마이클,"애정하는 MJ
살아온 스토리를 대충 알아서인지 자꾸 울컥하고 슬프고. 영화자체가 좋고 나쁘고를 따질 감성이 아니었네요",1
마이클,큰 스크린으로 봐야 함,1
마이클,마무리까지 가는 부분이 좀 어색한 느낌이 있지만 영화 자체는 꽤 볼만 합니다.,1
마이클,재연배우를 보는게 무슨 의미와 감동이 있을까? 스토리애대한 갈증은 못 풀고 “좀 하네” 싶은 흉내를 보느라 다소 지겹다,0
마이클,저도 모르게 발동동 구르고 있었어요..노래가 주는 힘이란 대단한것같아요..마이클잭슨의 인생을 잘몰랐는데 영화를보고 알았내요.,1
마이클,아 나훈아쇼를 보러 갔는데 너훈아가 나오네,0
마이클,재미있고 신나요~ 2편은 이미 진행되고 있는거겠죠!?,1
마이클,"마이클잭슨을 연기하면서 얼마나 연습했을지 감도 안 온다 
너무 잘 했다고 말해주고 싶다(아버지 나오는데 똑같았음;;)
노래 속삭이듯이 따라 불렀어요 마이클은 영원하다!!!!",1
마이클,과연 마이클잭슨 노래를 모르고 온 사람들에게도 이 영화가 재미있을까...? 영화적재미는 없다 난 좋았지만,1
마이클,마이클 잭슨의 콘서트 장면을 재현한 부문 만으로도극장에서 볼 가치가 있음.,1
마이클,극장 사운드로 봐야되는 공연,1
마이클,제작 후기를 보니 영화 내용이 많이 바뀐 모양임 아쉬운 부분도 있지만 무대 장면은 진짜 나혼자 싱어롱 할 뻔;,1
마이클,"남들은 모르겠지만 대 만족 입니다.
잘보고 갑니다~~",1
마이클,음악만 들어도 돈값하는 영화,1
마이클,"또 봐야겠따아...
king of pop",1
마이클,랩소디보단 10%부족하지만 화려한 댄스와 익숙한 ost로 즐관. 이건 무조건 큰스린과 음향이 좋은 관에서 보시길...,1
마이클,마이클이살아돌아온것같은 느낌이네 그대로이어가면 되겠네,1
마이클,"엔딩 자막을 위한 빌드업의 서사… 우리의 기대치는 조금만 참아보고, 마이클의 탄생을 지켜보자고!!!",1
마이클,"빌리진의 이야기가 없어 아쉬웠지만
왜 사람들이 열광했는지 영화로도 느껴짐!
오늘 전국민영화 할인에 문화의 날로 4천원 주고 보기 넘 아까운 영화네요. 보는 내내 몸이 가만있질 않아요.
n차 관람 Go!",1
마이클,피철인 아저씨 추천해주셔서 감사합니다,1
마이클,"처음부터 마지막 까지 모든 scene들이 다 감동이다. 와 정말 평생 본 영화 중 최고다!
4DX로 봐야함!!! 손수건 필수!!!",1
마이클,김빠진 콜라에 흥이 날려다가 만다,0
마이클,"속편 나오는 거죠? 나와야됨. 기다리는 노래가 있씀.
아니 너무 많음",1
마이클,싱크로율 100% 실감나는 현장공연 실황 . 재미나게 봤습니다,1
마이클,기대만 잔뜩 안고 간 영화,0
마이클,음악이 다했다. 특별하지는 않다,1
마이클,"큰 갈등이나 슬픔 없이, 가볍고 즐겁게 볼 수 있는, 전설급 가수의 일대기 입니다. 부모님이 미성년자 아이들을 데려가서 함께 봐도 좋을 듯한, 괜찮은 가족 영화.",1
마이클,마이클 잭슨 노래를 스크린으로 보고 듣는게 즐겁지만 확실히 그만의 퍼포먼스를 보여주기에는 역부족...,1
마이클,"감독이 말하고 싶었던 게 뭐지 싶음 
무대 장면 제외하면 아버지와의 갈등과 난 가족을 사랑한다는 미련스러움밖에 안 남은 영화 같음
2부를 염두에 두고 이렇게 끝낸 건가 싶기도 하지만 굳이 기다려지지 않음",0
마이클,노래는 좋았는데 스토리전개가 좀…,1
마이클,전설에 마이클잭슨 이름만으로도 그의 생을 되돌아볼수 있어서 감동임,1
마이클,너무 너무 즐겁게 속으로 따라부르면서 신나게 관람했습니다. 2부를 하루 빨리 보고 싶습니다.,1
마이클,"유튜브로 마이클 전설을 감상하시길...
영화로 전설을 담지 못함",0
마이클,우리의 영웅~ 뭉클한 명곡의 진동~,1
마이클,2편 기다려요 아는 노래 나올때마다 따라 부르며 즐겼어요,1
마이클,재미있게 잘 봤습니다.,1
마이클,세계 최고의 아티스트,1
마이클,주인공이 많이 노력했네^^ 음악도 역시 좋았다 2편 제목은 잭슨 일까? ㅎ,1
마이클,보다가 소름이 쫙 돋았어요 학대를 견디면서 성장해서 세계적 스타가 된부분이 너무 멋있었어요~~!!,1
마이클,영화는 잘 만들었는데 스토리가 중간에 끊긴 느낌이에요. 마이클잭슨 일생에 대한 이야기가 많이 빠져있네요.,1
마이클,"최고였어요. 
스크린X로 봤다면 어땠을까 생각해봤어요!!!",1
마이클,나의 추억송과 마이클의 위대함~,1
마이클,"마이클 전기 영화가 아니고 음악 영화라고 생각하고 보면 무난합니다. 마이클 잭슨의 일생, 서사 같은 걸 기대하고 보러 가시면 실망할 겁니다. 음악 감상 목적으로 가시면 즐겁게 관람하고 나오실 수 있습니다.",1
마이클,노래가 정말 좋았어요.절로 신이 났습니다,1
마이클,"와우 ....최고!!!! 
재밌게 잘봤어요.",1
마이클,"보는내내 마이클 잭슨이 그리웠다..아까운 사람
난 영화가 아니라 다큐가 보고싶었던 것 같네~",1
마이클,이야기가 좀 길긴했지만 무대장면은 진짜 좋았습니다,1
마이클,"보헤미안 랩소디보다 졸작임
흥행높지 않을듯함",1
마이클,"예고편 보고 기대를 했는데 재미가 없네요.
별로입니다.",0
마이클,"4DX로 느껴보는 마이클의 춤과 음악, 정말 잊을 수 없는 값진 경험이네요. 특히 스릴러의 춤에서 온 몸에 긴장감과 소름이 느껴졌네요. 정말 인상 깊고 또 보고 싶은 영화입니다!",1
마이클,마이클 잭슨의 서사가 넘 많이 생략되었네요 아버지뿐만아니라 형제들과의 사이가 굉장히 안좋았다고 들었는데 굉장히 미화되었네요 그래도 노래는 굉장했어요,1
마이클,마이클의 음악 포에버,1
마이클,그의 음악들이 나오는 순간 마치 테마파크에 온 기분이었다.,1
마이클,ㅇㅇㅇㄷㄷㄷㅈㅈㅈ밈,1
마이클,"팝의 황제는 예전에도 지금도 앞으로도 단 한 명이라는걸 상기시켜준 영화
아이맥스로 봤는데 최고의 선택이었습니다",1
마이클,"평론가들이 혹평했다지만
저는 추천 날립니다.
그의 인생 중간에 끝나버린 느낌이라.
좀 보다만 느낌이지만.
그럼에도 불구하고 추천",1
마이클,"마이클 잭슨의 사실적인 일대기와
익숙한 노래가 나와 꼭 콘서트를
보고 있는 느낌이였어요
전 세계적으로 성공을 거뒀지만
자유를 갈망하는 모습이
안타까웠습니다
영화보는 내내 그의 천재성에
감탄했어요",1
마이클,"더 많은 명곡을 듣지 못해서 아쉬워요..
시간 순삭입니다",1
마이클,"마이클이 살아서 돌아온 느낌이네요
너무 재미있게 잘 봤습니다",1
마이클,"와, 미쳤습니다. 이런 아티스트가 일찍 가셨다는 게 안타까울 뿐입니다. 정말 영화관에서 봐야 하는 영화! 영화 내내 노래 따라 부르고 한동안 멍해서 한참을 앉아 있다 나왔네요. 또 보러 갈 겁니다. 이번엔!",1
마이클,마이클이 문워크를 시작하는 장면부터 눈물이 나기 시작했습니다... 두시간 가까이 몰입감 최고였어요. 2탄 빨리 주세요,1
마이클,"Mtv에서 마이클 잭슨 무비 첨 봤던게 스릴러였는데 충격 그 자체였는데… 30년이 훨 넘은 지금은 사후 추모영화라니… 마이클잭슨 팬이라면 꼭 보시길… 
조카가 주연이라는데 노력한 모습이 보이네요.",1
마이클,오랜만에 느끼는 마이클 잭슨의 감동이었다,1
마이클,"간만에 보는 내내 흥분되는 영화였고, 무엇보다 일을 대하는, 자신의 삶을 대하는 태도가 너무 멋진 영화였다.",1
마이클,"아이맥스 추천, 콘서트 현장에 있는 듯한 생동감! 
스토리는 다소 아쉬움.
레전드 마이클을 담다 만 느낌.",1
마이클,마이클의 서사가 조금은 아쉬웠습니다. 그의 삶동안 그를 괴롭혔던 억측과 고통에 대해서는 다루지 않아서 아쉽습니다. 하지만 그의 노래가 스크린에서 재현되는 것에 만족합니다.,1
마이클,2편이 나올건가보네요..,1
마이클,그시절의 멋진 아티스트를 다시 만나게되어 설레엿어요~~ 엔딩이 살짝아쉽긴했지만 좋았어요,1
마이클,"정작 마이클잭슨의 중요한 시기는 2편으로 넘기다니..
마익슬잭슨의 내면, 어려움의 표현은 부족
주연 배우의 연기는 괜찮음",0
마이클,MJ 공연실황 보는 느낌,1
마이클,마이클의 음악과 춤을 다시 보는것만으로도 충분,1
마이클,"음~ 분명히 감정의 요동이 일어나지 않았는데, 마지막에 눈물이 저도 모르게 죽~
마이클, 고마워요.",1
마이클,17년을 기다려서 다시 만난 황제는 왜 황제였는지 감히 까먹은 우리에게 일깨워 주었다,1
마이클,"나의 어린시절이 떠오르네.
마이클 보고싶네",1
마이클,긴 말 안합니다.. 빠른 시간 내로 2탄 내놓으세요!!!,1
마이클,"마이클, 좋았어요!!",1
마이클,전기 영화를 이렇게만 안 만들면 된다의 좋은 예.,0
마이클,다소 평탄해져버린 전설의 이야기,1
마이클,너무 재미있게 잘봤네요,1
마이클,아이맥스로 보니 공연장 와있는것같이 좋았어요,1
마이클,와 난 너무 좋았는데 빌리 진 무대 문워크 춤추는거 볼때는 눈물 날라글던데 내가 마이클잭슨 광팬도 아닌데 눈물날라 그랬는데 먼감정일까 아직 다못보여줬는데 담편 빨리보고싶다,1
마이클,ost만으로도 가득찬 영화. 이런 아티스트는 다시 없을 듯. 이제는 이 세상에 존재하지 않는 그가 더욱 그리워지는 영화.,1
마이클,"그 시대에 이런음악과 춤이라니…진짜 마이클은 다르네요
다시 보고싶어요",1
마이클,한편으로 마무리 했어야 한다고 봅니다,1
마이클,"와... 이 정도면
마이클 잭슨 전성기에 태어나 있지 않은 게 한이다...ㅠㅠㅠㅠ

R.I.P 마이클잭슨, 시대의 아이콘.",1
마이클,말 그만하고 노래해,1
마이클,"오프닝부터 온몸에 전율이 ㅠㅠ
빨리 속편 만들어 줘~~",1
마이클,마이클이 살아돌아온거같은 느낌...,1
마이클,"쫌 심심한데유 
이러면 실망인디",0
마이클,"쫌 심심한데유 
이러면 실망인디",0
마이클,사이클님이 말아계신다~~!!!,1
마이클,마이클. 미인박명..,1
마이클,더많은노래가나왔으면했다 아쉬운영화다 감동적이게잘보았다,1
마이클,마이클잭슨 환생한줄요.,1
마이클,"실제 마이클이 환생한 듯 착각할 뻔!!! 노래, 춤도 너무좋았고 가족사도 새삼 짠하게 와닿아 정말 재밌게 감상했음~~♡",1
마이클,정말 좋았어요 다시또보고싶네요,1
마이클,공영장에 다녀온 느낌이네요. Imax / screenx 추천!!,1
마이클,ㆍ진짜최고야.. 뮤지컬온줄알았어요,1
마이클,극장이 스타디움 관객으로 가득 채워서 열광하는 마이클 잭슨의 전기 음악 영화,1
마이클,디테일한 감정 묘사가없어서 좀 아쉬웠어요. 인간 마이클잭슨을 다루었으면 좋았을걸 하는 아쉬움은 들지만 그를 좋아한다면 보시길 추천. 그의 뮤직 비디오를 다시 찾아봅니다. 저런 스타가 또 나올까??,1
마이클,"보기전 마이클잭슨의 스토리를 공부?하고가서 그런지 전체적으로 아쉬운 부분이 있었어요.다만 너무나 아까운 팝의황제,전무후무한 음악,댄스천재, 착하고 선한 마이클을 생각하니 슬프고 안타까웠어요.",1
마이클,마이클잭슨 노래 들어서 좋았어요,1
마이클,"그의 노래를 듣는것만으로도 이영화의 가치는 충분하다.
그와 같은시대에 있었다는것만으로도 행복하고 뿌듯하다.",1
마이클,내용이 너무 아쉽네요 꼭 속편이 나와 마이클 잭슨의 이야기를 풀어주면 좋겠습니다…!!,1
마이클,마이클을 담기엔 역부족 보는내내 몸이 들썩 신나고 마이클 그는 너무 대단하다 그가 그리운 ㅠㅠ 인생영화 등극 ㅎㅎ,1
마이클,꼭!! 돌비로 보세요!,1
마이클,"아이맥스로 보시는걸 강추합니다
2차 관람 중인데 4dx보다 아이맥스가 음향이 어우...
영화끝나도 음악들으면서 크레딧올라가는거 끝까지 있었어요
최고~!!",1
마이클,"마이클~~타고태어난 재능으로 사랑도 받고
보호받아야할 부에게 착취 당하는 모습이
가슴아펐다
보는동안 마이클의 끼와재능을. 
확인하면서 행복하면서도
눈물이 났다 
배우연기 짱짱~~",1
마이클,1시간은 몹시 지루했으나 엔딩크레딧 전 30분이 최고,1
마이클,마이클 배우연기 좋았어요.,1
마이클,생각보다 재밌게 봤어요,1
마이클,"영화가 끝나고 엔딩 크레딧이 모두 올라갈때까지 자리를 지킨건 처음!
오늘밤 오랜만에 마이클잭슨 뮤비와 공연실황을 찾아 봐야겠다!
그리운 마이클...ㅠㅠ",1
마이클,"실황공연에 온 듯 했다.아이맥스 추천!
주연배우가 춤,연기도 잘하고
목소리도 비슷하니 빙의란 표현이 맞겠다.
마이클 보러와서 이 배우가 궁금해졌다.",1
마이클,"아쉬운 전개 와 보헤미안 틱한 연출 

부서버리는 마지막 무대 다만 끊긴 무언가와 허한 감정",1
마이클,"콘서트 실황에 가깝네요!!
영화를 기대했다몀 실망, 그냥 마이클잭슨의 노래와 무대를 즐기려 한다면 나이스!!",1
마이클,재밌나 내가 본게 아니라 나는 금요일에 보러 간다 ㅋㅋ,1
마이클,The best movie of 2026 🔥,1
마이클,"팝의 황제 ‘마이클 잭슨’의 만남!
시대를 초월한 아이콘이 되기까지 무조건 추천~",1
마이클,"역시 명곡은 시간이 지나도 명곡!
다시 없을 스타!
마이클 잭슨
노래가 풍성한 영화 잘 봤습니다.",1
마이클,최고의 스타 마이클,1
마이클,"전설을 넘어선 순수함, 마이클의 진심을 만나다]
개봉 첫날, 설레는 마음으로 용산 CGV를 찾았습니다. 마이클 잭슨은 단순한 가수를 넘어 시대를 관통하는 '올타임 레전드'임을 다시금 확인한 시간이었어요.",1
마이클,음악에 반응하는 내몸이 살아있음을 느낀다.,1
마이클,"2D 4D 두 관을 연달아 관람했어요
육십인생 처음으로 
그 시절의 마이클을 회상하며 
좋은 시간었어요 
thanks Michael !!

아빠를 용서해줘요",1
마이클,햄람쥐님은 실관람객입니다.,1
마이클,"1부는 어린시절부터 전성기까지의 마이클, 2부는 전성기부터 죽음까지일까? 암튼 근래 보기드문 수작이다.",1
마이클,노래가 다했다. 안타까운 마음이 드네요.,1
마이클,"생각보다 너무 재밌자나^^
노래와춤 너무 좋다",1
마이클,Michael 잘 봤습니다.,1
마이클,배우 연기가 너무 좋음. 스릴러는 여전히 명곡...,1
마이클,잭슨을다시볼수없다는게가슴아파요! 영화대박,1
마이클,"안나온게 많다 싶었는데 3부작이었네요. 
연출은 많이 아쉬웠고 배우는 최고였어요. 무대하는 장면 보고 역시 피는 못속이는구나 했습니다. 마이클의 명곡을 메들리로 감상할 수 있어 좋았습니다.",1
마이클,진짜 마이클잭슨 같은 춤솜씨였어요. 노래대박,1
마이클,무지하게 잼난다. 반드시 봐야할 영화다.,1
마이클,그냥 음악 영화. 서사의 완성도를 기대하고 본다면 실망이 클겁니다. 마이클 잭슨 음악 듣는다는 생각으로 가면 그냥저냥,1
마이클,중간 중간 무대연출이 너무 좋았다.,1
마이클,생략해야할 것이 많은 건 알겠지만 그래도 이야기가 많이 허술하고 깊이가 없네요. 노래와 퍼포먼스는 최고! 자파도 훌륭했는데 아역 배우의 재능에도 깜짝 놀랐습니다. 속편 빨리 나왔으면 좋겠어요,1
마이클,"마 !
이 영화
클 라스가 다르다 ㅋ",1
마이클,너무 멋진 영화네요 음악도 춤도..,1
마이클,마이크로소프트 오피스 나 지금,1
마이클,마이클잭슨 100 만점에 100만점 잘봤습니다,1
마이클,마이클잭슨의 명곡을 듣는맛이 ^^,1
마이클,애매하게 끝내서 아쉽네요,0
마이클,솔직히 내용은 없는데 음악은 많이 나와서 귀호강,1
마이클,명곡을 듣는것만으로도 이 영화는 볼만한 가치가 있었음..스토리는 별로였지만 주옥같은 노래를 듣는것만으로도 좋았다..엔딩에 나오는 노래까지 다듣고나옴,1
마이클,지금도 마이클 잭슨이 살아있더라면...,1
마이클,"아주 어릴때 들었던 마이클 잭슨 노래
옛 추억이 생각나고 너무 좋았어요
눈물이...",1
마이클,괜히 황제라고 불리우는게 아니군요,1
마이클,시간가는줄 모르게 즐겁게 봤어요~,1
마이클,로튼토마토를 믿어선 안된다는걸 또다시 증명해냈다.,1
마이클,팝의 황제 마이클잭슨,1
마이클,마이클잭슨팬이라면 잼날듯 전아니라서 쏘쏘ㅋㅋ,1
마이클,임시완이 왜 곧 죽어도 영화관을 가야하는지 알 수 있는 영화였다,1
마이클,왜 뭉클하죠. 그시절 그때가 떠오르는 오랜만에 너무 재미있게 봤어요,1
마이클,"정말 흥겨운 영화
즐거운 영화",1
마이클,조셉 잭슨 전기 영화인줄 내가 본 음악 영화중에 제일 쓰레기 노래도 jon나 조금 틀어줌 누가 제작 관여했는지는 모르겠는데 꼭 천벌받길 바란다.,0
마이클,"논란많은 스토리 이지만
음악과 무대공연은 최고",1
마이클,"마이클이 살아돌아온거 같은 느낌
내용이 좀 비약하지만 너무 잘봤어요 
나의젊은시대로 되돌려준 마이클 잭슨",1
마이클,마이클 잭슨과 그의 아름다움에 펑펑 울었다,1
마이클,마이클잭슨의 노래와 춤을 보는 것만으로도 황홀한 시간이었네요.,1
마이클,도입부터 던져놓은 떡밥 네버랜드를 삭제하고 마무리를 못한게 티가난다. 영화 만들다 만것도 아니고 주인공의 외모의 변화와 아버지말고 뭐가 있나?내면은 아무것도 보여주지않는다. 기대이하. 망작.,0
마이클,잘 봤습니다. 그 시대로 돌아가서 콘서트를 보는 기분이었어요,1
마이클,마이클 노래춤 너무 신나고 즐거웠어요 몇번 더볼거에요 큰화면으로 보니 더 좋아요,1
마이클,마이클 잭슨을 알고 또 좋아하는 모든 이들은 꼭 한 번은 극장에 가서 경험해보라 추천하고 싶은 작품이었다.,1
마이클,뭐지 볼만하니깐 끝나버린다 다음편이 있는거 같음 마지막 끝내준다 전설에 마이클,1
마이클,마이클 잭슨의 띵곡들을 사운드 빵빵하게 감상할 수 있어서 좋은 시간이었습니다,1
마이클,"내최애아티스트 마이클~~
이영화는 내가 젤먼저 보려고맘먹었다
그의 콘서트를 본다는맘으로 
영화개봉일 아는순간~~
그저 다시는볼수없다생각했는데
이렇게라도~~
속작도기대해보며
그저기쁜맘으로콘서트즐기",1
마이클,흠....기대를 너무 많이했나....노잼....,1
마이클,영상을 기대 하기 보단 음악 들으러 가긴 돈 아깝지 않은 영화,1
마이클,전설을 다시 만난 기분…그의 노래는 여전히 생명력을 지닌다. 🥹,1
마이클,"눈과 귀가 즐거운 영화 
마잭 조카 춤이랑 노래도 잘하네",1
마이클,천재적인 뮤지션의 일생의 단면을 히트곡과 함께 녹여낸 영화.,1
마이클,진짜 감동적으로 본 음악 전기 영화였다 ^^,1
마이클,베리굿이예요~~~~^^^-♡♡♡♡,1
마이클,MichaelMichael,1
마이클,감동 감동ᆢ눈물이 났다,1
마이클,러닝타임이 짧게 느껴질정도였고 마이클의 유년시절이 행복하지않았는데도 불구하고 많은사람들에게 좋은영향력을 준 진짜 스타의 일대기가 너무 가슴아팠어요.,1
마이클,"인간의 무한한 미래에 대한 욕망이
끝없이 분출한다
가슴이 터질듯 쏟아지는 거대한 함성도
한 영웅의 욕망을 잠 재울 순 없다",1
마이클,마이클 잭슨...그립네요~ 조카 연기도 볼만했습니다...많이 노력했을 연기력,1
마이클,"영화가 중간에 갑자기 끝난 느낌이 꽤 있다
1시간은 더 스토리가 있을법한데
클라이막스없이 좀 조금 진행되다가 끝난 느낌",0
마이클,"배우의 연기가 좋았으며, 영화에 몰입이 잘 되었습니다.",1
마이클,재밌게 잘 봤습니다,1
마이클,노래를 들을 수록 엉덩이를 씰룩거리게 된다.,1
마이클,"더 큰 상영관에서 재관람할껍니다.
별 기대없이 봤는데 너무 좋았어요.",1
마이클,"팝의황제 마이크잭슨 
확실히 마이클잭슨영화로서는 완벽하네요",1
마이클,재미있어요 좋아요 추천합니다,1
마이클,오랫만에 마이클 형 만나서 행복했어요,1
마이클,각본은 모든 스토리를 생략하다시피 한다. 그럼에도 극장에서 경험하는 마이클의 노래들은 뽕이 차오른다.,1
마이클,"어우 어우 마이클 너무너무 신나고 재밌었어요
음악이 완존 들썩들썩",1
마이클,"그의 일생을 다 담아내기엔 부족한 각본과 
과장 연출은 아쉬웠지만 그를 다시 한번 기억하고,
곡들을 돌아보는 팬서비스",1
마이클,"""King of POP"" 마이클 잭슨의 갓벽한 재연!",1
마이클,꿀잼 보장 꼭 보는거 추천 합니다,1
마이클,말하지못한 다음이야기도 스크린으로 만나고 싶네요...,1
마이클,"내용전개 과정은 삐그덕 거러서 별로 그자체인데
노래 들으러 갔다생각하면 편해서 좋았음",1
마이클,2편을 위한 1편인 듯한 느낌,1
마이클,잭슨이 그리워지는 하루.. 감사한 영화,1
마이클,"재미있네요 마이클잭슨이 아이같은 순수한 마음을
 오래도록 가지고 살고 있었나 보넹ᆢ
노래 한곡 한곡이 오랜만에 들어서 그런지 전부 
감동으로 다가오네요",1
마이클,Don’t Stop ‘Til You Get Enough,1
마이클,"보는내내 어깨가 실룩실룩
무조건 극장에서 콘서트온기분
전세계 이 당시 콘서트관객은 무조건볼듯",1
마이클,슬프고 연민이 느껴지는 영화일줄 몰랐네,1
마이클,재미있게 잘 봤습니다 ♡,1
마이클,"다시 마이클 잭슨 볼수 있어 행복
노래. 동심 .아이들. 사랑했던 마이클
천부적인 재능 부모가 잘 이해하고 지커주는것이 최고
아이들 돈으로 보지말고
좀 아쉬운부분. 진짜 마이클 영상이 있었으면 좋았을텐데",1
마이클,🎵 귀와 눈으로 노래들으며 즐거웠네요,1
마이클,마이클 잭슨이 살아 돌아와서 자기 이야기를 들려주고 있는듯~그리운 MJ,1
마이클,나의 최애곡I’ll will be there 마이클도 사랑하던곡이란 대사에 눈물이 나던.영화보는내내 몹시 더 그립고 새삼 동시대 같이 젊은날을 보냈던게 감사함마져.그의 부분적인 날들을 담은 영화가 뭉클하고 좋았어요.,1
마이클,"신비주의를 고집했던 전설의 아티스트 마이클 잭슨. 
그의 삶을 조심스럽게 볼수있는 작품.",1
마이클,올해 최고의 음악영화 다시 마이클이 살아온 느낌이다,1
마이클,4d로 볼 필요까지는 아니였던 것 같아요ㅠ,0
마이클,내용이 좀 아쉽긴했지만 즐겁게 봤어요.,1
마이클,신이 뮤지션으로 무대에 설 재능만 주신 게 아니라 한 인간으로서 선하디 선한 마음도 주셨었군요!,1
마이클,재미있게 잘 봤습니다 ㅎㅎ,1
마이클,가볍게 보기 좋습니다!!!,1
마이클,"마이클 팬영화같음...스토리는 중후반부부터가 중요하고 앞부분은 빌드업인데 사실 일반인이 보면 단순 사건 나열로 보이는 잔잔한 내용. 12금인데 초등학교 저학년하고 봐도 되는 수위.
노잼은 아니고 잔잔함.",1
마이클,영화내냬 나왔던 마이클잭슨의 음악만으로도 극장에서 보기에 충분했던영화.마지막 자막이 올라갈따까지 마이클의 음악이 나와서 좋았음,1
마이클,전세계 가수중의 원탑 굿^^,1
마이클,마이클 잭슨을 더 사랑하게 된 영화입니다 마음이 순수하고 착한 음악천재 너무 멋지네요,1
마이클,"원래부터 노래가 좋아서 OST의 기대감은 더 컸지만 선곡에서의 아쉬움(너무 알만한 곡들만 나온 느낌),
스토리가 너무 아쉬운 느낌(너무 축약한 느낌이 강함),
등 왜 이러한 평점이 나왔는지 이해가 됩니다.",1
마이클,영화 재미있게 잘 봤어요,1
마이클,"괜히 황제가 아니다!
보는내내 뭉클했고 그리웠다.

극장 꽉 채운 사운드로 명곡들을 듣는것 자체가 
행복한 시간이였다.
80세 엄마도 또 보고 싶다고 하시네~",1
마이클,세계 최고의 가수로서의 면모를 봤고.. 어쩌면 가슴 이릴것 같은 장면이 많아서 짠하면서도 좋았어요,1
마이클,그냥 노래가 영화를 미치게 만든다,1
마이클,영화 재미있게 잘 봤어요,1
마이클,나머지 이야기도 부탁해요,1
마이클,갑작스러운 결말부가 당황스러웠어요. 노래는 좋습니다만 제가 좋아하는 곡들 중 빠진 게 있어서 아쉬웠어요.,1
마이클,다른건 몰라도 음악이 너무 좋다!!,1
마이클,대락적인 가족사나 노래 정도만 알고 있었는데 그의 무대 뒤의 모습을 알 수 있어서 좋았습니다. 귀에 익숙했던 노래들인데 다시금 되새기게 하네요. 음향 시설 잘된 관에서 다시 보고 싶습니다.,1
마이클,아름다운 전설의 인생을 담기에는 2시간은 너무 짧다...,1
마이클,간만에 졸아버렸다.,1
마이클,마이클의 음악에 힐링 ~,1
마이클,"정말 보기전에 영화평이 안좋아서 걱정했고
평론가들이 틀렸다는것을 관객들이 증명하다
최고의 팝의황제가 성장해나가는 과정
그리고 후속작이 기대된다",1
마이클,"🎶Billie Jean is not my movie ...
퍼포먼스만 ' Thriller ' 일 뿐 😢",0
마이클,2편이 더 기대되네ㅎㄷㄷ,1
마이클,음악과 댄스 좋아요,1
마이클,음악을 느끼며 보았습니다.,1
마이클,Miss you much Michael...,1
마이클,"2026년 최고의 영화인거 같네요 그냥 유명한 가수가 아닌 진짜 아티스트 그 자체네요~!
마이클을 연기한 친조카라는 그배우도 대단하네요 
영화는 끝났지만 아직도 생생하네요...",1
마이클,입체적이지 않은 이야기에 입체적인 음악이 그리움을 부른다,1
마이클,뭔가 만들다만 느낌 마이클잭슨음악만 따로 보면 겁나신나고 좋은데..뭔가 알맹이가 빠진느낌임,1
마이클,마이클잭슨을 좋아하는 사람에게 어찌 추천을 할 수 있을까,0
마이클,마이클잭슨 노래를 들을 수 있어서 너무 좋았어요,1
마이클,가족들이랑 즐겁게 잘보았습니다^^,1
마이클,CGV는 좋은 말 할 때 싱어롱을 내놓으시오,1
마이클,음악이 시작되자 흘러나오는 그 시절의 향수,1
마이클,이렇게 완벽한 음악영화는 오랜만이다! 스크린으로 다시 부활한 불멸의 팝의 황제 마이클 잭슨을 완벽하게 잘 재현시킨 최고의 영화!,1
마이클,"배우가 무대 연기에 진심이었던건 인상적
근데 감동 올라오려는데 영화 끝남
보헤미안랩소디가 잘 만든 케이스다 싶음
어렵게 만든 영화일텐데
여러 입장들이 정리되기 힘들어서 완성은 못 시킨듯
진짜 아쉽다",1
마이클,마이클 잭슨 영화 나온다고 올해 초부터 기대해서 관람했는데 너무 기대했던 탓일까..,0
마이클,볼만하고재미있다액션,1
마이클,"2편 나오나요? 영화를 보다말고 나온 느낌..그리고 마이클잭슨 전반전만 담기에도 2시간은 너무 짧았다. 아빠와의 갈등, 노래, 싸운드 끝. 기대 이하 입니다",1
마이클,휴먼 네이처? 몰랐던 마이클 잭슨의 노래를 알게되었다,1
마이클,이 김빠진 콜라는 뭐란 말임,0
마이클,"너무 라이브공연 느낌이라
재미없음
스토리도 없고",1
마이클,마이클의 환생같은 완벽한 연기. 무대 위를 누비는 마이클 잭슨을 다시 한번만 보고싶다... 4DX 효과는 쓰레기 같았다. 관람을 방해하는 망가진 안마의자.,1
마이클,"보는내내,,, 마이클 잭슨이 너무 그립고 보고싶네요~ㅠ",1
마이클,"음악이 즐거운 영화, 2편은 더 콘서트 같이 나오길",1
마이클,"스토리가 이상한가? Yes
음악 장면이 좋은가? Yes
재밌는가? Yes
배우가 마이클로 보이는가? Yes",1
마이클,내적 댄스를 추게 만든 것만으로도 이 영화는 성공적이다,1
마이클,몸이 들썩거리는 영화,1
마이클,재미있게 봤습니다. 나의 시간여행 경험을 했습니다. 이곡은 내가 초등학교때 들었고 하면서~ 마지막 콘서트장면에서는. 눈물났네요ㅠㅠ,1
마이클,"보는동안 음악과함께 감동의 물결~~
보헤미안랩소디 보다 더 눈 귀 호강~",1
마이클,재밋어요 팝의황제 마이클 잭슨,1
마이클,재밋어요 팝의황제 마이클 잭슨,1
마이클,"1988년 런던공연까지의 이야기.
그의 아픔, 외로움 그리고 약자에 대한 공감과 아낌없이 주는 마음에...
그의 음악에 대한 열정과 가고자 했던 길을 묵묵히 걸어가는 모습을 응원했는데, 그가 보고 싶다!",1
마이클,이런 사운드는 극장에서 만끽해야지. 옛날 생각도 나고 마지막 씬 bad 런던공연은 실제 그 장소에 있는 것처럼 느껴짐.,1
마이클,마이클 잭슨을 추억 할 수 있는 최고의 영화,1
마이클,큰화면에서 보면 볼만한 마잭 매드무비같은..,1
마이클,큰화면에서 보면 볼만한 마잭 매드무비같은..,1
마이클,"영화가 1부 2부 나뉜 것 같음. 
마이클 조카라는데 얼굴은 거의 비슷하게 만들었고 노래도 곧잘 하는데 문제는 춤 ㅠ
특히 다리가 느무 짧아가지고 춤사위가 전혀 안 나옴 ㅠ",1
마이클,팝의 황제는 영원하다,1
마이클,마이클이 아버지로부터 독립하는 과정을 담은 1부! 영화의 2부가 나와야 비로소 이 영화의 완성일듯 재밌었음!,1
마이클,마이클잭슨만의 추억 돋는 명곡들의 향연.. 다음편이 기다려진다,1
마이클,"차라리 공연 장면은 진짜 마이클 공연 장면을 보여줬으면 더 좋았을 듯. . 서프라이즈 보는 줄. . 
많은 기대를 해서 그런지 실망도 크다",0
마이클,영상미 즐겁게 관람했어요.,1
마이클,"엄청 재밌어요. 배드 앨범 이후로는 속편으로 나올 듯.
상영 후에 포스터 경품도 주니 신청하고 받으세요 ㅎ",1
마이클,"팝의 제왕 마이클잭슨에 대한 알고 있고 들어봤던 내용이 나옵니다.
그냥 너무 빠져들어서 봤네요.
히트곡이 나올때 흥얼거리게 되는ㅎㅎ
재밌게 봤어요.",1
마이클,마이클 마이클 마이클... 마이클이 다했다!,1
마이클,자파 잭슨의 연기와 퍼포먼스 보는 맛으로도 가치가 있었음,1
마이클,"음악영화 중 손에 꼽는 영화임
음악은 영원하고 마이클을 따라올 가수는 아직 없는듯
레전드가 레전드임을 알게 해준 영화...",1
마이클,2탄이 기대된다.,1
마이클,나쁘지않아서 좋아서 2폄이 있다는건,1
마이클,마이클찐팬으로서 개봉즉시달려가봣어요 자파잭슨 넘잘했고 고생했어요~~이미다알고있는사실이고 공연이지만 팬으로써 계속n차관람할꺼여요 막내릴때까지~~,1
마이클,"마지막에 더나올꺼같아서.기대했는데 자막이 올라가서 아쉬웠어요. 쿠키라도.뒷얘기가 나왔음 더좋았을꺼같아요.
환생한듯한 영상과 낯익은음악들이 매우 즐거웠어요",1
마이클,"전설은 전설이다.
히~~히~~",1
마이클,전설을 추억하는 열가지 방법중 하나,0
마이클,내가 저 시대에 있었다면 나 또한 열광하고 실신하지 않았을까 ..,1
마이클,보고싶다...마이클 잭슨! 한동안 잊고 살았었네...,1
마이클,"음질생각에 스크린x서 본게 신의한수! 햔편으론 담기엔 넘 모자른게 맞음 ㅎ
2 편은 잭슨으로 나올것 같음. 음악영화에 타노스급 핵빌런이 나올줄이야.
천재는 외롭고,, 가족도 잘만나야 복인듯 ㅎ",1
마이클,혼자 가서 아이맥스로 봤어요. 60을 바라보는 나이지만 아직도 가슴이 뜁니다.,1
마이클,"천재의 성장!
그저 추억돋고 넘나좋은 그의 노래와 춤!
아버지에게 완전 독립하는 것까지만의 삶이 나와서 아쉽긴하지만 그의 휴머니즘으그가 수퍼스타임을 알수있개해준다.",1
마이클,"1982년 11월 29일 발매된 마이클 잭슨의 ""Thriller""
전세계가 감동하고 문워크로 학교의 모든 아이들은
쉬는 시간 마다 뒤로 걸었다.

이번 영화는 마이클 잭슨의 일대기 중 초반기를 다룬듯..
2편 빨리 보고 싶다.",1
마이클,"마이클잭슨의 노래를 잘 몰랐지만
익숙한 노래들이 계속 나와서
2시간짜리 뮤직비디오 같아서 좋았습니다.",1
마이클,좋았다 그시절의 마이클의 곡들과 너무나 잘 맞는 스토리라인과 영상 그리고 배우들의 연기 까지 덤으로 굿이었다. 명곡들은 세월도 비켜간다.,1
마이클,"2편이 나올것을 염두해둔것같은데 개인적인견해로 안나왔으면 한다. 꼭 영화가 아니더라도 M J는영원한 황제요 
전세계팬들에겐 팝의 역사이자 레젼드 이니까.",0
마이클,개 미친 영화 마이클이 그립다,1
마이클,천재적인 뮤지션.마이클잭슨의 슬픈 가족사와 남을 배려하는 감동적인 영화 후속편이 기대됩니다.,1
마이클,무대의 마이클이 너무 멋있었다,1
마이클,"명불허전; 명성이나 명예가 헛되이 퍼진 것이 아니라는 뜻으로, 이름날 만한 까닭이 있음을 이르는 말.",1
마이클,마이클잭슨의 음악을 들을수있어 좋았습니다 지금까지 살아있었다면 얼마나 좋았을까요..,1
마이클,괜히 팝의 전설이라 불린게 아니다,1
마이클,"마이클 잭슨의 일대기를 잘 담아낸 듯 하다.
이 사람에 대한 이야기는 극과 극이라서 뭐가 사실인지 궁금하지만... 멜로디와 춤만 익숙하다가 가사를 유심히 보다보니 사탄과 거래를 했던 흔적들이 보이네...",1
마이클,마이클 잭슨 이름 하나만으로도 평정이 되는 영화!,1
마이클,"분명 이거보다 더 한것이 있는데 이야기를 안 해
그치 포치타?",1
마이클,마잭형님을 몰라도 볼만한거 같슴다,1
마이클,"재밌게 잘봤습니다.
연기력부족 + 댄스부족 + 편집부족임에도 불구하고 잘봤습니다. 이후 이야기를 2편으로 만들어 주세요",1
마이클,"2편으로 제작되었으며 1편이 개봉함.
아버지와의 갈등이 집중적으로 나오고 다른 서사는 다루지 않거나 언급만 될 뿐이라 스토리가 매우 아쉽.
조카인 자파 잭슨의 2년간 연습이 빛을 발함. 무대공연 장면이 압권.",1
마이클,"어린시절 힘들었던 마이클의 모습과 자신의 길을 묵묵히
꾸준히 걸어가는 마이클의 모습에서 연민과 깊은 감동을
받았음. 그의 전체 생애가 아닌 일부의 얘기만 담은 것은
속편을 위한 의도일지.. N차 관람 예정",1
마이클,재미짐 재미짐 재미짐 재미짐,1
마이클,가족이 힘이 되어주는게 아니라 자기 소유로 생각하고 이용만 하려 하고 한숨 나옴 그래도 음악 나올땐 너무 좋았다,1
마이클,"초고였다
보는 내내 지루함을 느낄 틈이 없었음^^♡",1
마이클,Goodgoodgood,1
마이클,"잘 봤어요><
좋은 이야기네요",1
마이클,흰양말 위에 검정바지 너무 깡총해요.,1
마이클,"노래하는 장면 나올때마다 소름돋고 너무 좋았습니다
배우들 연기도 좋았고 보면서 생전 마이클의 마음이 느껴져 울컥하기도했고 노래를 들으며 눈물도 흘렸네요...
다음편이 너무 기다려집니다...",1
마이클,그의 노래를 극장에서 보고 들을 수 있다는 사실 하나만으로도 관람할 가치는 충분... 아니 그 이상!,1
마이클,"마이클 잭슨은 신이다.우리들이 범접할 수 없는 신.
영마이클 배우님 좋은 배우로 자라나주세요.
스크린X관 관람 추천합니다.라스트씬을 위해서.",1
마이클,무슨 영화를 만들다가 말았네요,0
마이클,무슨 영화를 만들다가 말았네요,0
마이클,"마이클 잭슨... 이제는 전설이 되어버린 ㅠㅠ
마이클 잭슨의 노래만으로도 행복했습니다 
영화도 굿굿",1
마이클,"빌리진 모타운 공연 새롭네요.

결말이 2부가 나오려나 봅니다",1
마이클,시간때우기용 입니다. 2/5,0
마이클,영화 속 캐릭터들 중에 누구한테 가장 강력하게 이입되냐하면 객석에서 울부짖는 관객들임. 사운드 특화 상영관 관람을 권합니다.,1
마이클,마이클잭슨생각나네여~,1
마이클,"마이클은 천재다. 
다시살리고싶다ㆍ
무대에서 못보게 아쉽다 ㅜㅜ",1
마이클,영원한 팝의 제왕. 그와 동시대에 살았음에 감사한다.,1
마이클,많이 힘들고 외로웠을 어린 날의 마이클을 안아주고싶네요,1
마이클,마이클잭슨의 무대를 볼수있어서 행복했습니다~~^^,1
마이클,마이클잭슨의 무대를 볼수있어서 행복했습니다~~^^,1
마이클,스릴러는 볼때마다 인도 생각이 남,1
마이클,마이클 인생사를 다루는 부분이 감동적이네요,1
마이클,영화로 잠깐 나온 마이클의 어린시절과 젊었을 때 시절을 이 작품으로 한눈에 볼 수 있어 좋았어요,1
마이클,"말이 필요 없습니다! 이건 영화관에서
봐줘야 해요! 마이클 잭슨을 좋아하지 않았더라도
보시는 거 강추입니다! 
정말존경 스러운 아티스트!
정말 즐감했어요!",1
마이클,"마이클잭슨 음악을 듣고 자랐는데, 살아있는 마이클잭슨이 라이브콘서트를 맨 앞줄에서 본 듯. 전율 놀랍도록 소름 돋는 전설의 아티스트. IMAX 포스터, TT , 포켓플레이 프리미엄 카드 얻고, 나도 프리미엄 된 듯♡",1
마이클,"보는 내내 영화 국보의 명대사가 생각났다. ""모두를 납득시킬 대역은 핏줄 밖에 없어"" 유일무이한 마이클을 대체할 수는 없었지만 비슷하게 흉내내면서 비난을 피할 수 있는 영리한 캐스팅이었다고 생각한다.",1
마이클,뭘더바라나요 마이클이면 된거지요 저는 정말 감동하며 봤답니다,1
마이클,마이클 잭슨 영화 대박입니다. 👍,1
마이클,마이클 잭슨을 알고 있다면 감동의 도가니!,1
마이클,감동적이고 뭉클합니다,1
마이클,서사가 잘 연결이 안 되고 중간중간 끊기는 느낌임,0
마이클,그의 명성에 비하면 그닥 퀄이 받쳐주지 못하지만 그의 음악은 최고이며 영화2부가 나왔으면 하지만 그의 후반부인생이 넘 비극이어서 또 피하고도 싶고..그래도 그는 위대한 예술가였다.,1
마이클,"실제 역사와 많이 다르고, 마이클잭슨의 극적인 그 순간들(예를들면 가족 몰래 진행한 모타운 공연 때 빌리진 첫 공개라던가)묘사가 빈약한 듯 부족하지만. 그걸 다 고려해도마잭 존재만으로 최고다!",1
마이클,재미나게 관람했어요..,1
마이클,왜! 울컥하는거야. . 내 청춘의 음악. 2편 준비?,1
마이클,이토록 멋진 연출이라니.. 마이클 잭슨 조카는 어쩌면 저리 연기도 노래도 잘 할까,1
마이클,아 존나 재미지다!! 또 보고싶다!!!,1
마이클,제목이 마이클 1부 였어야~~ 마이클의 성장과정 가정사에 너무 시간을 많이 할애해서 정작 주옥같은 명곡은 듣지도 못하고 그의 전성기와 평화 인류애 그리고 사망까지 다루지 못한게 아쉽다. 감독아 2편만들어,0
마이클,명곡을 듣다보면 어느새 앤딩곡 시간순삭~~ 재미있어요,1
마이클,마이클 아빠 발암... 고생했어요. 마이클..ㅠㅠ,1
마이클,아~ 오늘 하루는 마이클 형님 음악만 듣고 싶다. 이 영화는 무조건 아이맥스!!,1
마이클,보헤미안랩소디 보다는 아쉽지만 볼만했어요,1
마이클,"마이클 잭슨의 성공일대기와 노래, 좋았습니다",1
마이클,레전드는 왜 레전드인지 보여주는 영화. 어릴적부터 학대와 심리적 지배 속에서도 꽃을 피운 스토리가 익숙한 음악과 함께 재미를 줌.,1
마이클,"마이클 시즌2 나오나요 
1988년 까지 스토리
마이클 최고",1
마이클,"한줄평: 피터팬은 후크 선장의 칼에 이미 죽었는데 그가 살았다는 환상

음악이 80
출연진 15
스토리 5

스토리가 음악에 기생해서 평이 이 정도인 수준",0
마이클,온몸을 흔들며 극장을 떠나다,1
마이클,노래만 트느라 정신 없고 배우는 춤이 마이클 만큼은 아니라 집중 안되고... 감독 나와,0
마이클,"마이클 잭슨, 그는 감히 전설이라 할 수 있는 유일한 존재",1
마이클,생각했단거보단 솔직히 별로였...,1
마이클,생각보다 스토리 자체는 별 재미없었어요ㅠ,1
마이클,사람의 욕심은 자식도 수단이 될수 있다니 슬프네요ㅠ 영화는 공연실황을 본거 같아 좋았어요 2편 기다리지만 더 맘아프게 봐야할거 같네요ㅠ,1
마이클,"역시 최고
너무 재미있게 봤어요",1
마이클,음악과 무대 나올 때 너무 좋았어요. 스토리가 조금 아쉽긴 했습니다.,1
마이클,노래도 좋고 갑작스러은 마무리 끝남이 다소 뭔가 부족?,1
마이클,노래가 정말 좋았습니다,1
마이클,"Even now i can't deny it about legendary 'Michael'. but lie between true in this movie story. By the way, people think only believe in what own want to believe rather than the truth than true. Also, I thought the history of music in great mark he left behind. 그 너머의 진실",1
마이클,"많은 부분들이 유튜브 광고 스킵보다 더 많이 스킵되었지만, 콘서트 가는 기분으로 보면 될 듯 합니다.
시퀄도 나온다는데 그건 우찌 되나 보자고요",0
마이클,"마이클 잭슨은 최고의 퍼포먼서였다
지금까지도 그리고 앞으로도",1
마이클,나의 20대 우상이었던 마이클를 다시 스크린로 볼 수 있어서 너무 좋았어요.,1
마이클,그래도재밌게봤습니다,1
마이클,그의 음악과 무대를 즐길수 있다는것만으로도,1
마이클,"이 영화 꼭 보셔야하고요 진짜 아직까지도 여운이 가질 않습니다
마이클2도 꼭 나왔음 좋겠어요ㅠㅠ 마이클 잭슨 사랑합니다!",1
마이클,0.7마이클 잭슨이였다,1
마이클,"팝의 황제, 스크린으로 부활하다",1
마이클,"잘봤는데, 영화 보고와서 THIS IS IT 보고있다. 이게 진짜다.",1
마이클,너무잘봤어요 완전좋았어요,1
마이클,마이클잭슨은정말최고의슈퍼스타였다.같은시대를보냈다는게너무큰행운이었구나...,1
마이클,"""이 노래 왜 안 나와?"" 몇번 하다 보니까 영화가 끝나있었다",1
마이클,연기와 음악은 좋았으나 스토리와 재미가 없다.,0
마이클,"마이이잭슨이 천재적인 가수라는 것을 
다시 한번 느끼게 해주는 영화!",1
마이클,"넘 멋지네요~♡
역시 마이클이네요~~감동입니다",1
마이클,"비트에 저절로 몸이 둠칫둠칫
2편이 더 기대되는 전기 영화 수작
꼭 사운드 특화된 특별관에서 관람하세요!",1
마이클,"첨부터 끝까지 감동이에요~
마이클연기하시는분 정말 노력많이하셨을거같아요
정말 너무 재밌게 잘 봤습니다 너무 재밌어요🤗",1
마이클,"동시대에 마이클 잭슨을 보고 자란 사람 너무 부러움
재밌었당~~=",1
마이클,"잭슨은 알 것 같은데, 마이클은 누구인가?",1
마이클,"책과 글로는 절대로 흉내낼수 없는 작품.
가슴이 웅장해지고 발을 동동 구르며 고개를 까딱거리게 되는 영화.",1
마이클,마이클 마이클 마이클 마이클 마이클,1
마이클,"너무 재밌게 봤어요
모든면에서 완벽 함",1
마이클,감동 그 잡채였어요 역시 스크린X로 관람하기를 탁월한 선택이었어요 멋져요 마아클 잭슨!,1
마이클,"천재 아티스트!
마이클 잭슨",1
마이클,Michael Jackson! 극중내내 살아숨쉬고 있는 그의 히트곡 메들리가 시네마다!,1
마이클,자파 잭슨 연기 잘하네요.,1
마이클,"이게 1편이라는 걸 미리 알았더라면 끝날 때 당황스럽진 않았을 텐데, 기다리는 노래가 안 나와도 마음 놓고 몰입했을 텐데...",1
마이클,마이클잭슨의 모습을 잘 담아내려 많이 노력한것이 보이는 영화였습니다.,1
마이클,4dx로 봐서 더 지루했어요.,1
마이클,"전세계인의 넘버원 스타스타 마이클 잭슨의 생애를 볼 수 있어서 너무 좋았어요.
다만 너무 시간이 너무 짧았던게 단점..
2편 기대할게요",1
마이클,"노래 듣기 좋아요
근데 엔딩은 좀 갑자기 끝나는 느낌이에요",1
마이클,신나게 즐겼네요. 너무 즐거운 시간이었음,1
마이클,내 중학교 고등학교 시절부터 최고의 우상이었던 그를 스크린에서 다시 만난다는 것 만으로도 너무 좋은...ㅜ,1
마이클,노래가 계속 맴도네ㅠ,1
마이클,음악 듣고만 와도 일단 손해는 아닌듯,1
마이클,그의 음악을 들으러 간다는것만으로도..!,1
마이클,"솔직히 다 똑같은 생각 했을거 같은데... 끝에서.. 
(이렇게 끝난다고??? ) 실제로 같은 관에서 웅성거렸음",1
마이클,한시대를 살고간 아티스트의 명암을 보여주는 영화. 인권이 없던 시절의 슈퍼스타 성장기.,1
마이클,"이거 왜 싱어롱 아이맥스버전은 상영안해줘요
빨리 해줘요 현기증난다 말이에요
응원봉 들고 노래 따라부르게",1
마이클,"☆☆☆☆+☆
내점수는 별5개 만점..",1
마이클,"가장 마이클잭슨과 비슷한, 마이클잭슨의 콘서트.",1
마이클,"참 마음아프네요
신이 주신 재능
질투에 먼 인간들
지금도 아직 그를 괴롭히네요
편히 쉬게 해드려야
그게 도리이지요 
사람이라면
천사 마이클 덕분에 감동받고
행복했습니다 앞으로도 그럴거고요",1
마이클,"보헤미안 렙소디 보고 조아서 봣는데
현장감이 떨어지고 왠지 낯선 마이클이 적응이 안된는 느낌",1
마이클,"마이클 잭슨의 이야기라 엄청 기대하면서 봤고, 조카가 직접 연기한거라 더 의미가 있었던 것 같고, 음악땜에 황홀했어요. 근데 이야기가 중간에서 끝나버려서 아쉬움. 2편이 나오나봐요? 암튼 굿❤️",1
마이클,"갠적으로, Beat it, Billie Jean 부를때랑, Thriller 뮤직 비디오 촬영장면이 이 영화의 압권이자,백미였음 .영화 잘 만듦 !!",1
마이클,"(첫관람)일단 음악으로 둘러싸인 영상만으로 충분했다
(두번째관람) 다시 음악속으로 몸을 맡기며 둠칫줌칫",1
마이클,마이클 이야기가 더 듣고싶다,1
마이클,"전설의 부활이다
꼭 보세요!
그의 음악과 공연영상 다시보기를 할 예정임",1
마이클,마이클 마이클 마이클,1
마이클,마이클 잭슨의 음악 오랜만에 들어서 좋았습니다,1
마이클,"팝의 황제, GOAT.",1
마이클,생각보다 재밌게 봤어요,1
마이클,잭슨의 성장기부터 잘봤어요,1
마이클,좋아요 ~~좋았어요 ~~~,1
마이클,마이클 잭슨 이렇게 착하고 아름다운 사람인줄 몰랐네,1
마이클,"영화 너무 좋았습니다
힐링이 돼요~~",1
마이클,음악이 너무 좋고 큰화면에서 보니 몰입감도 장난아니네요,1
마이클,최고의팝황제의일대기 흥미롭고 감동적이예요,1
마이클,"전설의 시작!! 가족 사랑을 내세워 아빠의 플러팅에 자유를 찾기위한 용기!!
후속작도 기대됩니다.",1
마이클,잘보고왔어요 음악이 너무 좋아서 또 보고싶어요,1
마이클,너무 재미있게 잘 봤습니다,1
마이클,잘봤습니다 잘봤습니다,1
마이클,사랑하는 사람과 추억에 빠져 시간이 가는줄 몰랐어요 넘 재미 있어요,1
마이클,스토리는 지루했지만 마잭의 노래를 듣게 되서 너무 좋았음 아는 노래도 나오고 모르는 노래도 나옴 귀가 즐거웠음,1
마이클,말이 필요할까.. 그냥 봐야됩니다.,1
마이클,"마이클은 나였다. 노래와 춤, 눈물이 있는 영화.",1
마이클,영화 잘 봤습니다 ~~~,1
마이클,팝의제왕 마이클잭슨을 이렇게 평이하고 뻔하게 만들수가 ... 이야기전개 시작부터 지루해요,0
마이클,레전드를 연기 하느라 엄청난 부담감을 가졌을 듯 하다.,1
마이클,"보헤미안이 잘못했네. 보헤미안이 잘못했어.
슈퍼 우주 대스타의 다소 심심한 서사극.
보헤미안 한 번 더 봐야겠다.",1
마이클,런닝타임이 긴 뮤직비디오,1
마이클,노래가 신나네요..마이클잭슨을 영상으로보니 행복헀습니다..,1
마이클,마이클이 알을깨고 홀로서기하는 모습이 너무 좋앗어요.,1
마이클,마이클은 전세계을감동시킨가수이다,1
마이클,생각보다 볼만합니다 춤 멋지네요,1
마이클,"스토리 빼고 다 좋았어요
특히 자파르가 노력한게 많이 느껴짐",1
마이클,마이클 팬이라면 필수..,1
마이클,"평점이 의미가 없다 
음악으로 모든걸 덮을 수 있으니",1
마이클,노래만으로도 충분히 가치 있는 영화,1
마이클,마이클 잭슨의 말투 재현을 너무나 잘해서 순간순간 마잭이 말하는 거 같았어요. 마지막에 bad 무대는 진짜 흡입력 있는 무대여서 멋졌어요.,1
마이클,영화 자체로만 그냥 그런거 같은데 역시 노래가...👍,1
마이클,스타는 태어나는 것이 아니라,1
마이클,그의 90년대가 2편으로 돌아오길 바래본다!!,1
마이클,얼른 2편 보고싶어지네요!,1
마이클,"단편적으로만 알고 있던 주인공의 이야기가 영상으로 표현되니 새로웠고,음악은 역시 최고!",1
마이클,마이클은 부처였군요...계속 이어지는 명곡들 때문에 영화가 끝나지 않길 바랬습니다.,1
마이클,무대 위 퍼포먼스 재연은 잠시나마 영화임을 잊게 한다,1
마이클,"기대만큼 너무 좋았어요 
생각보다 4dx 관람이 더 좋았어요^^",1
마이클,음악이 좋아서 재미있게 봤어요. 2편을 기다립니다.,1
마이클,"그의 진짜 마지막은 외면해서 별로임. 
관통하는 서사없이 단순이벤트나열하는 방식이라 전개가 아쉬움.
근데 MJ곡들이 너무 명곡이라 이건 안 볼 수가 없다.",0
마이클,새로운 시각에서 스타의 삶을 보게 되네요.,1
마이클,"디스 이즈 잍 엔차관람후 이번영화는 또한번의 감동으로~~~
전율과 감동으로 몰입한 영화!!!",1
마이클,그립네요 보고싶네요 마이클,1
마이클,재밌어요. 마이클 잭슨에 대해 좀더 잘 알 수 있어 좋았어요. 보헤미안 랩소디보다 뭔가 쪼끔 부족한단 느낌을 받았지만 전체적으로 좋았어요.,1
마이클,이해가 간다. 그의 모든 행동들이,1
마이클,이건 무조건 특별관에서 봐야됩니다. 아이맥스 4dx까지 N차관람각,1
마이클,"사랑스럽고 순수했던 마잭과 빠져드는 보컬과 음악
아아 여기서 끝난다고. 2부 어서 어서 오라!",1
마이클,"2026년 본 영화중에 최고의 영화였음
보해미안랩소디이후 재미있게 본 최고의
영화임",1
마이클,너무너무 좋았어요 좋아요,1
마이클,한창 현역때 마이클 잭슨을 경험해본 세대라 그런지 영화 보는내내 지루할 틈이 없었는데 왠지모르게 눈물이 글썽거리더라구요.. 그 특유의 수줍음을 연기한 배우도 훌륭했고 고인이 된 마이클이 더 그립네요..,1
마이클,"이야기는 가볍고 단순하며, 인물의 감정도 상당히 단편적이다. 중요해 보이는 주변 실존인물들도 그저 대사몇마디로 스쳐지나간다. 그 빈자리를 마이클잭슨의 음악이 가득채운다. 단점을 음악으로 만회하려한다",0
마이클,보헤미안보다는 별로였지만 마이클 파워로 충분히 볼 만하다,1
마이클,신이 내린 목소리로 평생 감동을 주는 노래를 부르다간 소년 피터팬.,1
마이클,엄청 재밌젔습니다,1
마이클,"열심히 한거 같은데 잘했다고 보긴...어려운.
2편은..굳이.",0
마이클,"많은 제약이 있었다더니..
이게 최선이었나보구나.",1
마이클,전설은 영원하다! 2편이 얼른 나오길!,1
마이클,정말 재밌게 잘 봤습니다,1
마이클,"최고급 포장지, 안에는 글쎄요.",1
마이클,"기대가 너무 컸나...
마이클의 모든것을 담아내기엔... 쫌....",0
마이클,간만에 우퍼로 때려 맞고 와서 너무 만족스럽다.,1
마이클,그의 춤과 노래만으로도 충분하다,1
마이클,2시간 짜리 뮤직비디오를 보고 온듯한^^,1
마이클,아는 노래가 생각보다 적게 나올수 있다. 1탄이라는 점. 2탄은 27년 개봉예정. 오늘 조조보는데 어떤 외국인 반짝이 장갑끼고 노래따라 부르고 춤추고 장난 아니었음 싱어롱이 아닌데 ㅋ 일반 씬에서는 대화하더라,1
마이클,거의 모두가 기억하고픈 마이클 잭슨의 재림. 그의 혹독한 성장 과정과 고독 그리고 영광의 시작을 모두 담은 풀패키지 전기. 더 바랄 게 있나?,1
마이클,좋아요. 조아조초 넘넘. 니가 먼저 재밋어요,1
마이클,"인물의 서사는 부족하지만 그의 무대, 춤, 그리고 퍼포먼스는 부족함이 없다.빨리 2편 잘 편집하고 계시죠?",1
마이클,마이클잭슨 공연 보는 느낌,1
마이클,오랜만에 음악/가수 영화 봤는데요 이전영화들보단 못한거 같지만 나름 마이클잭슨을 좋아했었기 때문에 재밌게 봤습니다.,1
마이클,2편을 염두해 둔 내용이라 완결성이 없네요. 그래도 좋아하는 스릴러 앨범 수록곡은 대부분 나와서 좋았습니다.,1
마이클,콘서트장에 와 있는 것 같은 감동의 무대 ㅠㅠ,1
마이클,전설적인 팝의 황제 마이클 잭슨의 귀환,1
마이클,오랜만에 큰화면으로 만난 마잭 그것만으로도 충분하다,1
마이클,마이클 잭슨의 어린시절에 대해서 알 수 있어서 좋았고 삽입된 곡들이 듣는 것만으로도 감동적이었습니다!,1
마이클,역시 최고의가수마이클잭슨. 짱,1
마이클,Don't stop me get enough 신나게 즐기면 된다 신나는 노래를 영화관에서 빵빵하게. 2편에는 어떤곡이 나오려나,1
마이클,"실제 공연을 관람한 느낌 그의 몸짓 하나하나 목소리 하나하나 완벽했습니다
마무리가 이렇게 끝난다고? 하는 아쉬움
아직 못보여준 그의 노래 춤 스토리가 더 많을텐데",1
마이클,"노래를 많이 들을수 있어서 좋았어요
2편이 있을줄은 몰랐는데 벌써 기다려집니다",1
마이클,"콘서트 수준으로 노래 위주에 서사는 VCR 느낌이지만 노래가 사기라서 뭐라고 할 수는 없고.. 평론가 평점이 왜 안 좋았는지 알겠지만, 보는 내내 몸을 가만 두기 어려웠음.

...그래서 2편 언제 줄 건데요.",1
마이클,스토리는 그냥 빠른속도로 넘어갑니다. 영화 대부분이 노래이기때문에 잭슨 노래를 좋아하면 매우 만족스럽게 볼수 있을겁니다.,1
마이클,대형화면에서 마이클잭슨 노래를 들으니 감동이네요,1
마이클,오래도록 기억되고 기억될 수퍼스타 마이클 잭슨,1
마이클,정신차려보니 상영시간이 순식간에 끝났다. 몰입감 최고,1
마이클,"시리즈2가 기대되네요
천재적인 재능과
마름다운 심성
별이되기에는 너무 아까운 미이클!",1
마이클,천재음악가이지만 너무 이른나이에 요절한게 너무 가슴 아프네요!,1
마이클,위대한 슈퍼스타 뒤 가려진 아픔과 스타의 진심을 알수 있어 좋았습니다.,1
마이클,잘 봤어요 좋은 영화네요…,1
마이클,아 좋아 좋은 영화야,1
마이클,마잭 노래들이 사기임,1
마이클,마이클 잭슨의 팬이라면 반드시 봐야 할 영화라는 생각입니다.,1
마이클,진짜 명곡들뿐인 영화,1
마이클,좋은데 뭔가 아쉬운 마이클 짱짱맨 전기,1
마이클,뭐가 갑자기. 스포라 이야기 더 못하겠네요,1
마이클,마이클 이름에서 다 말하는 듯 ~~~너무 가슴아픈 일생을 살다간 천재,1
마이클,마이클 잭슨... 그의 찬란했던 시절을 추억해 본 감동과 열정의 두 시간.,1
마이클,"내가 원하는 건 마이클음악외
사생활 관심 없어요
평전아니 마이클 너무 좋았네",1
마이클,자막이 눈에 거슬리다니,1
마이클,"모든 장면들이 좋기에
그만큼 더 아쉬웠다.",0
마이클,일찍 떠난던 그가 다시 돌아왔네요 그를 기억하는 사람들이라면 꼭 봐야할 레전드 대체불가입니다.,1
마이클,아주 즐겁게 보고 왔다,1
마이클,"마이클 어린시절과 젊은시절
천재가수의 면모를 보여준
음악영화 물론 전체 삶의
일부분만 묘사해 아쉬움이
있으나 그래두 멋진영화
볼만합니다",1
마이클,마이클 잭슨의 음악적인 감성과 예술의 더욱더욱 성장을 한것 같아서 넘 조았고 분위가 뜻 깊은 시간이였네여!! ㅎㅎ♥️,1
마이클,"그의 음악만으로도 볼 이유는 충분합니다.
사운드 좋은 관에서 보시길 추천합니다.",1
마이클,공연보고온것같은….🎶🎶🎹,1
마이클,마이클 잭슨의 영화를 스크린에서 다시볼수있어서 감동이네요.,1
마이클,공허함이 느껴지는 영화입니다. 자신의 길을 찾은 마이크의 길이 감동적이나 그는 죽어서까지 예술가로써보다 탐욕스러운 이들로 인해 이렇게 소비되는군요. 좀 더 그의 인간적인 내면을 면밀히 다루었으면…,0
마이클,"마이클 잭슨 이름만 알지, 노래는 몰랐는데, 영화 속 노래들 중 들어본 노래도 많더라구요~
좋았습니다👏🏻👏🏻",1
마이클,잘 봤습니다.사생활과 마지막 마이클의 사망에 대해서는 아무 언급이 없어서 약간 아쉽지만 음악 위주의 구성이 나름 나쁘지얺네요.,1
마이클,마잭 뛰어넘을 사람 아무도 없다,1
마이클,유튜브에 있는 레전드공연보다 못한 화면과 납작 평평한 이야기,0
마이클,"마이클잭슨 노래도 너무너무 좋았구요,
뒷얘기가 너무 슬펐어요",1
마이클,"이제야 나왔다는게 
진작에 나왔어야 하는데
내내 속으로 흥얼거리며 봤는데
싱어롱관이 열리길!
그땐 소리내 불러야지 ㅎㅎ",1
마이클,"음악도 좋고 어린 시절을 빼앗긴 마이클에게 공감도 되고, 어렵지만 스스로 독립하는 모습도 아름다웠어요.",1
마이클,마이클 재밌었어요 ^^,1
마이클,잼있었어요 ! 감사합니다.,1
마이클,춤과 노래가 즐거운 영화,1
마이클,너무 시간 잘가고 재밌게 보고 왔어요,1
마이클,당신만의 네버랜드에서 행복하길...,1
마이클,마이클 신화창조 스크린으로,1
마이클,오랜만에 듣는 노래 좋았어요,1
마이클,음악이 좋고 시간이 금방 지나가는 영화,1
마이클,"그간 뮤지션이 주인공인 영화들은 
배우가 연기로 뮤지션을 
대체하는게 가능해 보였는데 

마이클 잭슨은 대체불가임. 
그는 모든 걸 다 해놓고 갔음. 

영화는 그저 다시 마이클 잭슨을 소환할 뿐.",0
마이클,마이클 잭슨 마이클 잭슨,1
마이클,시사회로 넘 즐겁게 보고 왔습니다.,1
마이클,"시작하는순간부터 영화가 아닌 공연장 온 기분이였어요,
노래나올때마다 계속 소름돋아서~😍
엔딩에 2편을 두고 끝나네요.
2편은 언제나올지 궁금해요ㅎㅎ",1
마이클,가족을 사랑하지만 내 길을 가고 싶어요,1
마이클,올해 최고의 영화입니다.,1
마이클,"팬으로서 더할 나위 없었네요
너무 짧은 느낌이 들어서 후속작
빠르게 나오면 좋겠네요",1
마이클,스토리는 생각보다 별로였지만 노래와 영상미가 그 이상의 만족감을 충족시킴.,1
마이클,올해 최고의 영화입니다.,1
마이클,"컴온,누가 최고?순수한 마이클,
이세상 최고의 뮤지션 마이클,
후반부 빌리진,스릴러 압권
영화로나마 볼 수 있었던건 기쁨 
꼭 보세요",1
마이클,마이클의 음악을 극장사운드로. 아주만족스럽다.,1
마이클,올해 최고의 영화입니다.,1
마이클,잼나게 잘봤습니다. ^^,1
마이클,시간가는줄 모르게 빠져들었습니다,1
마이클,아쉬운 점은 분명히 있지만 그럼에도 극장에서 한 번은 봐야 할 작품.,1
마이클,오늘부로 펩시는 불매하겠습니다,1
마이클,마이클 잭슨 노래만 잘 알던 사람이었는데 영화를 통해 한 인물의 일대기를 볼 수 있어서 전 너무 좋았습니다 !,1
마이클,마이클잭슨의 삶을 이해할 수 있는 시간이었습니다. 음악은 감동자체! 이 영화가 1편이라는건 대반전 ㅋㅋ,1
마이클,2시간 내내 너무 행복했어요,1
마이클,자파 잭슨이 마이클을 연기 하고 있다는 걸 잊어버릴 만큼 영화 아닌 무대를 보게 됨. 한창 클라이맥스에서 끝난 것도 마치 그의 일생을 담은 영화의 끝을 잘 보여주는 영화.,1
마이클,자파르 팔 다리가 짧고 손이 작아서 몰입되려다가 자꾸 깨지만 그건 그의 잘못이 아니니 어쩔 수가 없다. 수고했다. MJ의 바이브와 아우라는 진짜 아무도 따라할 수가 없구나.,1
마이클,그 시절 수퍼스타의 성장과정과 아티스트로서 자립과정을 애정어린 시선으로 그려낸 영화였습니다. 화려한 공연장면이 내내 인상적이었으나 줄거리는 축구 전반전에서 끝나버린 듯. 2편 제작을 염두에 둔걸까요,1
마이클,엔딩크레딧이 좋은 영화에요,0
마이클,마이클 잭슨의 팬이라면 만족할 영화! 무조건 후속편 나오겠죠?🥹,1
마이클,클라이막스에서 끝난 느낌...,1
마이클,마이클 잭슨 한 사람의 일대기를 알 수 있었던 영화,1
마이클,나열식 구성과 단순한 갈등구조. 하지만 명곡들과 무대의 충실한 재현만으로도 볼 가치는 충분하다.,1
마이클,주연이랑 아역 연기랑 춤 너무 좋고 분장도 정말 디테일했어요~ 좋아하는 마이클잭슨 노래 많이 들어서 행복했습니다 2편도 나오길!! 다음 이야기도 너무 궁금해요,1
마이클,"영원한 팝의 황제, 마이클 잭슨의 가정사를 알게 되어서.. 너무 힘들었을 그의 뒷모습, 삶을 한번 들여다볼 수 있는 계기가 되었던 영화! 그의 전기를 다 담은 영화는 아닌데, 속편이 더욱 기대되는 영화!!",1
마이클,마이클 잭슨 영화 재미있어요,1
마이클,몰입감있게 봤어요!! N차 찍으러갑니다,1
마이클,알맹이는 사라지고 껍질로만 이루어진 착시효과적 영화,1
마이클,"마이클은 참 외롭지만 사랑이 많았던 사람이네요.
속편이 있는거죠??",1
마이클,"보헤미안 랩소디만큼 재밌진 않았어요. 그냥 짠해요. 저도 아이였던 적이 없어서 어른이 못 됐는데, 저 사람은 행복했을까 궁금해져요. 무대에서는 행복했겠죠?",1
마이클,이영화는 조금감동이여요 재미있다,1
마이클,"잭슨파이브부터 그의 특별한 재능을 만끽하였습니다
더 펼쳐보지 못한 외롭고 안타까운 삶 
삼가 고인의 명복을 빕니다",1
마이클,"그의 이야기는 계속된다
빨리 보고싶다",1
마이클,지리네. 자파 잭슨 춤신춤왕임,1
마이클,익숙한 음악과 퍼포먼스를 아이맥스로 볼 수 있어서 좋았고... 워낙 유명한 슈퍼 울트라 대스타라 이미 알던 내용도 많았는데 앞뒤 맥락을 알고 마이클의 시점에서 보게 되니 이해되고 공감되는 부분이 많은 듯...,1
마이클,"굉장햇어요
감동이상입니
1번더봐야겠어요",1
마이클,평가 올 미쳤음. 시간 순삭,1
마이클,삼촌 영상을 얼마나 많이 봤을까.. 진짜 목소리랑 얼굴 표정이 똑같아서 놀랐다!!! 춤도 완전 작두 탔지만...!!! 마잭이 워낙 넘사라 집 가서 마잭 영상 찾아봐야지 😊😊 돌비사운드로 보길.. 너무 잘했다!!!,1
마이클,"잊고 지내던 마이클 잭슨의 음악들이 기억나면서 너무 큰 감동을 줌...ㅠㅠㅠ 자파 잭슨은 마이클 잭슨을 연기하려고 태어난게 아닐까 생각이 들 정도로, 특히 스릴러 씬에서 미친 것 같다",1
마이클,"스엑을 선호하지는 않는데
무대 영화에는 좋은선택이였던것 같다
왕스엑 E열 만족.
자주듣던 음악이 의자에 진동으로 꽂는다 만족했다
춤선은 주연보다 깡마른 마잭이 확실히 더 잘 어울린다",1
마이클,개쩔어 대박 근데 2편이 나오는건지 몰랐따 너무좋다,1
마이클,영화 마이클 잘 봤습니다.,1
마이클,2편이기대되네요~~,1
마이클,"눈물이 자꾸 나려오려했어… 미소와함께.
보고싶다!! 마이클!!! 
춤추고있는데 갑작 음악 꺼버림 어떠케!",1
마이클,"전반적으로 좋았지만 연출이 조금 아쉬웠음(큰 무대가 별로 안 커 보임)
너무 전성기만 다루고 끝나지 않았나..",1
마이클,"부자간의 드라마는 조금 약하나,무대나 공연 퀄리티는 뛰어 났으며, 끊임없이 나오는 마이클의 노래에 귀가 호강한 영화.",1
마이클,굿굿굿굿긋긋굿굿굿굿,1
마이클,"너무 익숙한 노래 그리운 마이클 너무 좋았어요 
영화 끝맺음이 너무 아쉬웠어요 
그래도 잘봤습니다 
배우연기 너무너무 좋았어요",1
마이클,마이클의 어린 시절과 그 시절을 견뎌내고 정상에 섰을때까지만 보여준게 너무 좋았어요 노래는 말할것도 없이 좋았습니다,1
마이클,네버랜드에서 온 피터팬 같이... 세상에 온 팝의 황제 마이클 잭슨...,1
마이클,이 영화는 영상이가 뛰어나고 마이클의 노래를 듣는것만으로 힐링이 되었다 마이클의 아버지가 너무 욕심이 많아 마이클의 인생을 망쳐 마이클이 불쌍했다 아마 2편이 나올것같은 뉘앙스가 너무 좋았다,1
마이클,"잘 몰랐던 어린시절과 아버지, 화상을 알게되니 마이클을 좀더 이해하게 되었고 영화보는 내내 가슴이 뛰고 뭉클합디다 그리운 마이클 네버랜드에서 행복하길..
핸폰 수신벨 빌리진으로 바꿈 😍😍",1
마이클,"가장 먼저 눈을 사로잡는 것은 주인공 자파르 잭슨의 연기입니다. 단순히 춤과 노래를 흉내 내는 수준을 넘어, 특유의 섬세한 말투와 눈빛, 그리고 무대 위에서의 폭발적인 에너지를 완벽에 가깝게 복원했습니다.",1
마이클,"기대 안 했는데, 만족한다. 마이클~ 웃는 표정이 계속 생각난다~",1
마이클,"마이클, Where there is love, I'll be there. I'll be there.
엔딩크레딧까지 쭉 봐야 감동이 더 커집니다. 제가 앉아있으니 다른 분 나가려다 결국 끝까지 듣고 같이 나갔습니다 푸하하.",1
마이클,"영화 끝나고 일어서는것이 아쉬워 겨우 빠져나왔다 
아직도 여운이 가시지 않아 
마이클 영원한 팝의 황제!",1
마이클,"마이클 잭슨의 천재성.
듣고 싶었덴 음악과 춤을 다시 보니 좋았음.",1
마이클,꼭 극장에서 보세요.,1
마이클,"꼬마마이클도,큰 마이클도 춤 완전잘춤",1
마이클,천마재림 만마앙복.. 감동적 이었습니다 다만 엔딩이 아쉽네요 후속이 나오는걸까요,1
마이클,감성있는 콘서트를 본 느낌~전 마이클잭슨 세대가 아니지만 귀에익은 음악이 줄거리 처럼 다가오네요,1
마이클,공감하느 장면부터 신나는 노래부터 춤까지!! 스트레스 해소가 충분히 많이 되거 같은!!,1
마이클,아무리 같은 제작진이여도 너무 보헤미안랩소디같았음.. 그리고 그의 인생을 담기엔 모자라도 한 편에 담았으면 더 좋았을듯,1
마이클,마이클잭슨의 어린 시절과 스타가 된 후에도 겪었던 갈등들을 알게되어 너무 좋았습니다.,1
마이클,마이클 영화 잘 봤습니다.,1
마이클,가족간의 아품이 있었군요.많이 좋아했던 가수.편히 쉬세요.잘관람했어요.,1
마이클,오랫만에 추억을 소환할 수 있어서 너무 감동적!!,1
마이클,다 담기에 시간이 부족한 거 빼고 넘 좋았어요. 다음 이야기가 또 있는거죠? 속편 꼭 나왔으면 좋겠어요.,1
마이클,마황…왜 이리 빨리 가셨소,1
마이클,이제 어른이라고 말하지만 누구보다 순수했던 마이클. 그와 같은 시대를 조금은 같이 살수 있어서 좋았다,1
마이클,Billie Jean is not my lover~,1
마이클,"마이클의 일대기..그것을 되뇌이는 것만으로도 좋다
성공가도의 이야기만 나왔는데도 그 끝을 알기에 마음이 아파 눈물이 나온다 마이클잭슨 싱크로율 200퍼! 눈이 너무 예뻐 슬펐다 빨리 후속작이 나왔으며..",1
마이클,그럭저럭 잘 봤어요,0
마이클,음악만으로도 음악만으로도...,1
마이클,"우려에서 절반 이상의 성공 
4.0/5.0",1
마이클,"중간중간 눈물 참았음.... 배우 캐스팅,연기,연출 모든게 완벽....ㅠ",1
마이클,내용이나 스토리는 없는 수준이지만 그래도 너무 좋음,1
마이클,마이클의 희노애락을 만나고 왔어요.,1
마이클,영화 보는 내내 마이클 잭슨 콘서트를 1열에서 보는 듯한 기분이었습니다. 춤과 노래를 이렇게까지 가까이 볼 수 있는 콘서트가 어디 있을까요 너무 황홀했습니다!!,1
마이클,웸블리에 온듯한 강렬함,1
마이클,"스토리는 밋밋하지만 마이클은 어릴때부터
타고난 가수였다 마이클의 음악과 콘서트 장면만봐도
힐링되고 신난음악들에 발이 절로 움직였다",1
마이클,어린시절 스토리가 조금 아쉽지만 노래만큼은 즐거웠다.,1
마이클,마이클의 다음 이야기도 기대됩니다,1
마이클,정말 감동적이고 사운드도 좋았다,1
마이클,으음.. 넘 피곤해서 못봤어요 ㅠㅠ,1
마이클,역시 노래가 좋으니 다 좋네요,1
마이클,라미 말렉을 능가하는 싱크로율 👍,1
마이클,"이건 꼭꼭!!!스크린엑스로 봐야 됨 극 중간중간 나오는 20여곡을 꼼꼼하게 3면처리해서 몰입감을 높힘
1차를 2d로 보고 본건데 오랜만에 기대를 충족시켜준 
스크린엑스체험♡CGV에 감사♡엔딩크레딧에 총4곡나옴~",1
마이클,너무너무 재밌게 잘봤습니다,1
마이클,"노래 장면이 풀만족 
아이맥스로 봐야함",1
마이클,음악적으로는 완벽한전기영화지만 먼가아쉽,1
마이클,마이클 재밌었어요 ^^,1
마이클,음악이 너무 좋습니다.,1
마이클,재미있게 봤습니다..,1
마이클,만족스럽네요. 속편도 기대됩니다.,1
마이클,"마이클잭슨,,,,음악만 남았다",0
마이클,"아쉬운 점이 좀 있었지만, 그래도 그 향수를 느낄 수 있어서 좋았습니다.",1
마이클,재밌게 잘 봤습니다,1
마이클,마이클 잭슨 노래가 다 한 영화,1
마이클,아버지밖에 남지 않았던 영화 외적인 문제에도 스타의 노래는 빛난다.,1
마이클,"너무 기대했나, 보해미안랩소드 공식에 마이클을 대입한 느낌? 제작진의 한계? 음악은 너무 좋았다",1
마이클,"엔딩 크레딧 올라가는데도 자꾸 ""앵콜!"" 을 외치고 싶다.",1
마이클,흥을 주체할 수 없다. 싱어롱 상영관이 필요하다.,1
마이클,"마이클 잭슨 생각나요
잘봤습니다",1
마이클,난 이제 시작하려고 하는데 영화가 끝났어요,1
마이클,"마이클!!!
영원한 우상!!!",1
마이클,마이클 잭슨의 노래를 극장에서 듣는 것 그자체가 행복,1
마이클,마지막 곡 bad 나올때 쌀뻔했어요,1
마이클,"와~~~진짜 미쳤네 영화보다 일어나서 춤출뻔했다
일찍 보내기엔 너무 아깝다 ㅜㅜㅜ
또 보러가야겠다",1
마이클,사운드가 L사 애트모스보다 만족도가 떨어질 줄은 몰랐는데....,0
마이클,마이클 잭슨에 대해 하나도 몰라도 너무너무 재미있다. 두시간이 짧다.,1
마이클,가볍게 보기 좋은 영화다,1
마이클,"하다 만 이야기, 부르다 만 노래",0
마이클,"숨이 멎는줄! 마이클 환생하다!
닭살이 몇번이나 돋던지...
저녁엔 4dx로 한번더 관람예정!",1
마이클,"뜬금없이 끝나는 느낌이라 아쉽지만 그의 삶을 알게되어 새로웠습니다, 노래는 정말 다 좋네요! 아이맥스도 좋지만 돌비관이 있다면 거기서 보고싶네요.",1
마이클,올만에 너무너무 재밌는 영화!!,1
마이클,미완성된 작품이란 생각이 들지만 그래도 좋았어요 말로만듣던 어린시절과 그의 꿈을 다시 들여다볼수 있어서이고 후속작이 빨리 나오기를,1
마이클,"영화 시작, 도입부 부터 사운드 미쵸따!!! 2D로 본 게 아쉬울만큼ㅜㅜ 아 영화 찐으로 잘 보았습니다~!",1
마이클,들썩들썩 마이클 연기가 진짜 지림,1
마이클,마이클 잭슨의 팝 황제를 다시 한 번 느끼게 되는 순간이었습니다 빨리 2편 내놔요 ㅠㅠ 스릴러랑 빌리진 문워크 나올때 나도 모르게 발이 들썩들썩 입도 따라 부르고 있더군요 뒤로 갈수록 너무 멋있어요 ㅠㅠ,1
마이클,세계적인 위대한 아티스트이자 유명한 빌리진의 멋진춤의 황제이자 마이클 잭슨의 슬픈 가족사와 어린이 성추행으로 인생의 나락으로 추락 했지만 어쨋든 위대한 팝의 제왕의 짦은 인생이 아까운 아티스트네요!,1
마이클,"특히 마이클 잭슨 좋아하는 사람이라면, 영화 그 이상의 것",1
마이클,중간중간 콘서트인줄 ㅋㅋ 일어서서 박수칠뻔했어요 ㅋ,1
마이클,2026년 봄에서야 황제를 뵙습니다.,1
마이클,노래들만으로 충분하네요,1
마이클,전기영화 전무후무 2부구성 아직 히트곡 반도 안풀었다... 80년대로 가서 보고 온 마이클은 눈물나게 멋있었다. 무결점? 신성시? 그런 말은 내 귀에 들리지도 않고 오직 그의 몸짓과 목소리만이 메아리처럼 울린다,1
마이클,넘 잘봐습니다 좋아하는가수라 시간가는줄 모르고,1
마이클,아무생각 없이 보면 굿굿굿!!!,1
마이클,보는 내내 감동적이었다. 잘 만들었다,1
마이클,큰 기대 없었는데 재밌었어요.,1
마이클,재미있게 잘 보았습니다.,1
마이클,아까운 어티스트를 너무빨리 보낸게 내내 아쉬움으로 남늠작품리네요,1
마이클,"진짜 너무 좋았어요
모든게 완벽한 영화
아이맥스로 조조로 봄
소름돋고 울컥하고",1
마이클,"좀 아쉽네요.
스토리가.
뭐. 콘서트 장면은 좋아요.
노하우가 쌓이신 듯?",1
마이클,온 몸에 전율이 돋는다.,1
마이클,주연배우가 조카지만 매력이 없네요 큰 화면과 음향으로 소소,1
마이클,빗잇과 빌리진 풀번전으로 보여주지 부족햇다 아쉽 마이클 마이클,1
마이클,마이클 음악 하나만으로도 극장에서 볼 가치가 있다,1
마이클,"88년 공연본 사람들 진짜 개부럽네.. 
80년대에는 세상에 뭔일이 있었던 거야 대체..",1
마이클,abcdefghijlkmnop,1
마이클,"너무 빨리 떠나버린 마이클. 
다음편이 기다려진다.",1
마이클,갑자기 끝나는 느낌 볼만하네,1
마이클,독창성이라곤 없는 황제의 부활을 알리는 흥겨운 서막.,1
마이클,연기도 좋았고 사운드도 좋았고 정말 즐거운 시간이었습니다.,1
마이클,음악만 들어도 시간이 훅 지나가네요 2편이 나올듯,1
마이클,이런 영화는 계속 만들어야 한다!,1
마이클,"음악 영화로 치중해서 봤을 때 꽤 만족스러웠음
일단 노래가 진짜 다 너무 좋음🥹
보통 음악 영화에서 노래 나올 때 자막 안 나오는 경우도 많은데 가사 해석된 자막이 나온다는 점 이것도 굉장히 좋은 포인트!",1
마이클,"오랫만에 정말 재미있게 봤습니다
그립네요 마이클..",1
마이클,좋았어요~좋았어요~,1
마이클,팝의 아이콘 마이클잭슨의 삶을 영화로 볼 수 있어 좋았다. 엔딩이 아쉽지만 추억의 명곡들을 다시 들을 수 있어서 굿.,1
마이클,마이클 후속편이 기대되요,1
마이클,마이클잭슨의 음악을 듣고 보고 자란 팬으로 너무나 반갑고 고마운 영화이고 2편 기다려집니다,1
마이클,"시간대가 4DX가 맞아 보게 되었는데 영상과 함께 바람도 느껴지고 좋네요.
마이클 잭슨에 대해 더 알고 싶게하는 영화네요.
집가는 길 플레이리스트로 더 듣고싶네요ㅎㅎ",1
마이클,그리운 마이클잭슨을 다시 보는것 같아 너무 기쁘게 본것 같아요 그리운 마이틀잭슨의 노래도 듣고 너무 재미나게 잘봤아요,1
마이클,주연배우 마이클하고 흡사하네요. 마이클 노래 듣는 재미가 있네요.,1
마이클,최고의 가수 마이클잭슨 굿!!!,1
마이클,재밌게 봤습니다 추천합니다,1
마이클,"‘잭슨’에서 ‘마이클’이라는 가장 빛나는 별이 되기 위해 러닝 타임을 꽉 채우다 못해 질식시키는 노래들의 향연이 펼쳐진다

좋아하는 몇몇곡들이 안나온게 아쉽지만 후속작에선 전부 나오기를 소망한다",1
마이클,너무 재밌었어요!,1
마이클,"보헤미안랩소디가9점이라면 이건5점정도 될거같네요.
시작하려니까끝나는 스토리 ㅠㅠ",0
마이클,스토리는 빈약했으나 마이클역 배우 연기랑 음악이 좋았어요.,1
마이클,"처음부터 끝까지 뮤직비디오를 보는 느낌 선함의 끝!
런던 공연씬 하나로 끝!",1
마이클,"마이클 잭슨 그의 춤과 노래가 제 마음을 읽습니다
다시는 후회하지 않을 영화였습니다 ♡",1
마이클,2026년 최고의 영화,1
마이클,연기도 훌륭하고 연출도 좋았어요.감동적이구 유년시절부터 볼수 있어 좋았어요. 속편이 기다려지네요.지금의 천재는 우리곁에 없네요 ㅠ아이맥스관에서 보세요.적극추천입니다♡,1
마이클,"훌륭한 음악영화입니다
너무 이른 나이에 떠났다는 점이 안타까워요",1
마이클,"음악들이 참 좋았어요🎶🎵
깊고 깊고 깊은 외로움이 느껴지는 장면이 있어요💧
쿠키영상은 없고 <마이클>은 후편으로 이어지는 거네요🤗",1
마이클,마이클 잭슨의 노래를 듣는것만으로도 행복하다..,1
마이클,마이클 잭슨의 명곡들을 스토리와 함께 극장 사운드로 들을수 있어 좋았지만 2를 의식하고 만들어서 그런지 늘어지는 느낌도 있었어요,1
마이클,재미있게 보고 나왔어요,1
마이클,자신만의 길을 믿음을 갖고 간 결과,1
마이클,이래저래 시끄럽지만..반가웠어요..,1
마이클,이래저래 시끄럽지만..반가웠어요..,1
마이클,음악이 너무 좋습니다,1
마이클,"드라마는 덜어내고 최고의음악만을 들려준다
최고다!",1
마이클,춤과 노래는 마이클 잭슨과 동의어다.,1
마이클,노래도 좋았고 몰입있게 관람 함,1
마이클,전설로 남은 위대한 인간을 향한 헌사,1
마이클,당연히 노래는 다 좋은지 알겠는데 콘서트 말고 영화를 보고 싶어요.,0
마이클,킹 오브 팝! 마이클 잭슨!!,1
마이클,너무 재미있었어요~,1
마이클,노래도 좋고 연출도 최고의 영화!!,1
마이클,기대했었는데 잼께 봤어요,1
마이클,"유년시절과 최전성기의 모습들을 볼수 있어서 좋았습니다
돌비관과 아맥으로 즐기세요!",1
마이클,"2025년 밥딜런, 2026년 마이클잭슨, 2028년은 비틀즈",1
마이클,진짜마이클잭슨인줄...어린시절...아버지로부터 학대받은게 넘마음아프고 이겨낸게 기특하고..지금세상에없단게 안타깝고...,1
마이클,"마이클잭슨이 살아 있는듯 한
배우 연기와 노래, 춤
최고에요.",1
마이클,마이클 잭슨의 소년기 미성을 대형 스피커에서 다시 들을 수 잇었던것 만으로도 충분히 만족. 한 인물의 잘 짜여진 서사를 기대하진 마시길,1
마이클,제목에 잭슨이 없는 이유(Feat. 펩시가 싫은 이유),1
마이클,"역시 마이클는천재였구나노래면노래춤이면춤천재였구나영화을보면서알아네 역시천재라는갓을알았네 영화정말로잘봤다 짱짱짱멋져요 
짱짱짱멋져요 짱짱짱멋져요 짱짱짱멋져요",1
마이클,Who's bad?,1
마이클,"재밌고 무대 재연도도 좋지만

마이클을 조금이라도 더 알고있다면 뭔가 아쉬울게 많고 보헤미안 랩소디의 라이브에이드 급 뽕맛을 기대한다면 그정도는 아닌것같고...

추천은 할만한데 살짝 씩 아쉽다.",1
마이클,너무나도 행복한ㅠ시간 보고싶다,1
마이클,외로웠던 마이클....,1
마이클,"마이클잭슨이 잭슨파이브로 부터 독립해나가는 이야기네요..
마이클잭슨의 라이브공연이 많을줄 알았는데 기대가 너무 컸나봅니다.",1
마이클,가족이란 덫에 걸려 항상 무거웠던 마이클의 어깨가 무대에서만 가벼운 모습. 환상적인 무대에도 맘 놓고 웃을 수만은 없었다.,1
마이클,마이클 배우 분이 춤부터해서 이 영화를 위해서 얼마나 연습을 했을까 감히 상상이 가지않는다. 엄격한 가정에서 자란 마이클의 삶이 공감되었어요. 시간가는지도 모르고 봤어요.,1
마이클,꺅 넘 재밌었구요. 이 세상에 없지만 영화 보는 내내 마이클의 행복을 응원하게 됩니다.,1
마이클,초대형 스타 마이클 젝슨을 다시 봄.,1
마이클,마이클 음악만 들어도 본전 찾은 영화,1
마이클,정말 재미있어요 아주 좋아요,1
마이클,위대한 아티스트 마잭을 이 영화에 다 담을 순 없겠지만 꼭 보시길 추천드려요. 너무 감동적이고 가슴이 뭉클했습니다ㅠㅠ 주연배우는 정말 대체 불가입니다. 얼마나 피나는 노력을 했을지 상상도 안되요,1
마이클,노래가 너무신이나서 아이맥스로 무조건 추천이요,1
마이클,"지금 현세대는 반드시 
Michael. Jackson읗 기억하고
숭배해야 합니다! !!",1
마이클,슬프고 외로웠을것 같은 마이클,1
마이클,마이클 이야기는 계속된다 아직 반도 전개되지 않아 아쉽다,1
마이클,"2026년 최고의 영화, 마이클잭슨 팬이 아니더라도 관람하고 나면 그의 팬이 되어 있을 것.",1
마이클,"학창 시절이 떠오르네요.
고교시절 카세트 테이프 틀어놓고 
춤도추고 즐겁게 놀던 그 시절....",1
마이클,"지금은 고인이 된 '마이클'을 화면으로 다시
볼 수 있어 너무 기뻤다. 천재적인 재능은
그의 아버지에게 조련 되었지만 결국 자신의
길은 스스로 개척한 '마이클'. 공연 중 일어난
보험금을 화상센터에 전액 기부",1
마이클,남이 시켜서 하는 게 아닌 내가 하고 싶은 걸 해야 잘 된다!!!,1
마이클,마이클의 선함과 멋진 퍼포먼스를 잘 보여주는 영화,1
마이클,그 때 그 시절의 마이클잭슨이 생각나면서 여러가지가 오버랩 되네요,1
마이클,OST와 연출이 좋았습니다.,1
마이클,어마어마한 뮤비 를 보고 나온 느낌 팬들은 좋아하겠다,1
마이클,"역시 음악이 좋네요 재미있게 봤습니다.
다음편이 기대되네요",1
마이클,배우가 너무 잘했고 영화관에서 마이클잭슨 노래 크게 듣는다는게 의미가 크다,1
마이클,재미있네요 잘봤습니다 OST 수록곡도 좋네요,1
마이클,아~~너무좋아요ㅜㅜ진짜 아버지모시고올걸 후회됩니다,1
마이클,마이클잭슨이 동물을 사랑하고 아픈사람을 이해하고 팬과 가족을 많이 사랑하고 인류애가 가득한 존재였었다는 걸 영화를 보고 알게되었네요. 3도화상 그것두 머리에...쇼킹한 사고로..그럼에도 불구하고.최고임,1
마이클,"아버지의 억압(?)속에서 엄청 외롭고 힘들었을텐데 동물과 아이들,음악으로 이겨낸 마이클의 삶과 노래를 응원합니다",1
마이클,앞으로 또 마이클 잭슨 같은 아티스트가 나올까 싶습니다. 엔딩 크레딧까지 음악이 좋아서 다 듣고 나왔어요. 상반기 개인적으로 최고의 영화였습니다. 마이클이 그립고 보고 싶어지네요.,1
마이클,너무 무겁지않아서 다행스러움. 무대보는맛이 있음.,1
마이클,너무 무겁지않아서 다행스러움. 무대보는맛이 있음.,1
마이클,재미있게 봤습니다..,1
마이클,"평소에 마이클 잭스 노래를 즐겨 듣고 영상 시청도 자주했는데
마이클 잭슨을 바탕으로 영화가 개봉해서 봤는데
영화 보는 내내 심심할 틈이 없이 너무 신나고 계속 리듬을 
타게되는 영화인거 같습니다. ^^",1
마이클,소위 영화평론가의 글을보고 볼까 말까 망서려는대 그들 평대로 안봤으면 큰일 날뻔 보헤미안 보다 연기하시는 분은 더똑같고 넘 재미 있었읍니다,1
마이클,"빌리쥔 낫마러버~~~~아따 신나는구만
심장이 뻐렁쳐서 눈물이 다 날것 같은 기분을 아십니까? 제가 그랬슴다 마이클잭슨 음악 나올때마다 같은 시대는 아니지만 이걸 내가 다 따라부를수 있다니 크으 역시 황제",1
마이클,얽매이지않아가는 법,1
마이클,우선 주인공이 연기를 너어무 못해서 몰입안되고 내용도 없고 흑인 특유의 가족주의만 계속나와 짜증나고 그냥 추억의 곡 몇개듣는데 의의를 둠 전기영화를 누가 이렇게 만드냐,1
마이클,"나대지마 심장아! 들썩이지마 엉덩이야! 
어느순간 정신줄 놓고 일어서서 흔드는 날 발견했다
눈은 문워크를 몸은 파도를 타고 있었지만 간만에 신이났고 
즐거웠다. 동네엄마들 데꾸 한번더 고고",1
마이클,재밌습니다 많이들 보셨으면 좋겠네요,1
마이클,배우들의 연기가 좋았어요,1
마이클,"Oh My Michael, You will never die!!!",1
마이클,그의 인생을 1편에 온전히 담아내기엔 127분도 너무 짧다. 속편이 반드니 필요. 기대합니다. 삐레~~~,1
마이클,"영화에서 나마 해피엔딩으로 끝나는...
아는 노래가 몇곡 안되는구나...",1
마이클,영화 잘 보았습니다 한편의 콘서트 같았어요,1
마이클,마이클잭슨에 더 빠져들게 되는 영화 마이클을 모른다면 추천해요 그의 음악이 더 매력적으로 느껴집니다,1
마이클,노래는 끊이지 않는다🎶🎵🎶,1
마이클,마잭은 그저 신이지요 재밌게 봤습니다,1
마이클,"내 청춘의 아이콘 마이클, 그의 신화 같은 이약를 다시 소환한 영화다 모든 곡이 좋았고 심장박동처럼 울렸다",1
마이클,재미있게 관람하였습니다,1
마이클,재미있게 잘 봤습니다.,1
마이클,"""라미 말렉""은 오스카 자격이 있음. ""너훈아"" 쇼를 본 느낌.",0
마이클,역시 마이클잭슨...ㅠㅠㅜ,1
마이클,나오는 노래가 전부 다 너무 좋아요 천재적인 가수라는 건 알았지만 엄청 유명한 노래 몇 곡 빼고는 잘 몰랐는데 진짜 노래듣는 재미가 있어요 마이클이란 가수에 대해서도 안타까워지고 생각해보게 되네요,1
마이클,"자파젝슨 최고인듯👍👍👍
조카가 삼촌을 넘 닮아있다💯
리즈시절 모습과 넘 똑같아서 놀랍😱
마이클 잭슨이 하늘에서 자랑 스럽게
생각할듯 🙏🙏🙏",1
마이클,재미있게 봤습니다 ㅎㅎ,1
마이클,오랜만에 제대로 된 스크린 엑스 영화를 즐겼네요.,1
마이클,노래만으로도 이미 감동이다,1
마이클,"재관람각입니다
추억의 마이클 너무 재미있게봤습니다",1
마이클,마이클 잭슨에 대해 재평가와 함께 보는 내내 추억의 명곡 소환 그래도 아쉬움을 뒤로한채 후속편 기대됩니다.,1
마이클,재미있게 잘 봤습니다.,1
마이클,처음 볼 때는 맛있는 음식들만 가득해서 어쩔 줄 몰랐는데 두 번 보니까 오히려 더 좋았습니다 마이클 잭슨의 슬픔이 느껴져서 공허하다고 해야 될까요 그런 느낌이 저에게 와닿았네요,1
마이클,또다른 이야기와 다시 그의 노래와 무대를 보는 느낌,1
마이클,"어릴때는 그냥 세계적인 가수라는것만 알았는데, 지금보니 참 안타깝네요",1
마이클,137분의 천마군림보,1
마이클,지루하면서도 재미있으면서도 애매한...,1
마이클,천재 뮤지션 마이클잭슨 그의 부분을 감상하는데 벅찬 감동이 👍👍😄,1
마이클,"마이클 잭슨의 부활,재림 그는 아직죽지않았다
아니 부활하였다.",1
마이클,어릴 때부터 마이클 팬이라 정말 감동이었어요🤍 영화는 최고였지만 관객 분위기가 너무 조용해서 조금 아쉬웠어요. 저는 앉아서 리듬만 탔는데도 주변은 거의 반응이 없더라고요😂 그래도 정말 행복한 시간,1
마이클,"마이클 잭슨
그립읍니다
내한때 못간 한을 이렇게 풀어봅니다",1
마이클,"신이시여 천재를 그렇게 일찍 데려가고 싶었나요?
마이클 보고 싶습니다.",1
마이클,좋았어요 ... ~,1
마이클,노래만 들어도 좋다~ 두시간짜리 뮤직비디오인듯,1
마이클,"보헤미안 렙소디도 정말 재밌게 봤는데, 마이클도 엄청 재밌었습니다 :)",1
마이클,마이클 잭슨 영화 좋았습니다.,1
마이클,감독의 의도가 뭔지 모르겠다....애매한 서사 애매한 무대,0
마이클,원본을 못이기지만 음악만큼은 개쩝니다 강추🐶🥬,1
마이클,기대에 비해 아쉬운 이야기,0
마이클,평론가의 혹평도 이해되고 관람객의 호평도 이해되는 영화 개인적으로 약간 아쉬운 영화,1
마이클,마이클 잭슨의 싱크로율이 높은 이유가 있었네,1
마이클,👍👍말이 필요없는....,1
마이클,마이클잭슨을 좋아하는 1인으로서 한편의 다큐멘터리를 보는것같다.,1
마이클,"전형적인 신격화 위인전 서사를 상쇄시키는, 몸이 절로 반응하게 만드는 마이클 잭슨 히트곡 메들리와 폭발적인 무대의 힘.",1
마이클,인간 마이클 잭슨보다는 가수 마이클 잭슨에 좀 더 집중하는 영화입니다.,1
마이클,생각보다 너무 재밌게 봤고 귀호강함!!,1
마이클,마지막 bad는 최고 나머지는 쏘쏘,1
마이클,마이클 마이클 마이클,1
마이클,마이클보면서 춤이 멋있고 영화보면서 도저리 못참고 발도 움직이게 할정도의 영회라서 너무 감동이 아직도 확 다가오네요,1
마이클,역시 직접 보고 판단해야하는구나 평 별로라더만 엄청재밋음ㅋㅋㅋ,1
마이클,마이클 잭슨이 얼마나 대단한 가수였는지 다시 느낄수 있어서 좋았어요 일단 사운드트랙으로 마이클잭슨 노래 들을수 있다는게 최고~~~,1
마이클,"팝의 황제의 성장기 ""고통스러운 과거의 사슬을 끊어내고, 오직 자신만의 예술로 세상을 정복한 마이클 잭슨의 찬란하고도 슬픈 기록",1
마이클,다시보고싶은 마이클을 볼수있어서 좋았어요,1
마이클,2편이 더 기대되는 영화. 퍼포먼스와 음향으로 먹고들어갑니다. 스토리는 무난~~해요!!,1
마이클,에피타이저만 먹은 느낌.,1
마이클,나도 찬란했을 것 같은 20대로 돌아간 두시간의 행복,1
마이클,"그냥 끝내줍니다
N차 관람 각입니다",1
마이클,연기도 춤도 노래도 너무 멋져요 마이클은 천재입니다,1
마이클,후속편 기대가 됩니다,1
마이클,음악만 듣다가.. 순식간 ...,1
마이클,그냥 미쳐버린 영화. 가서 일단 보고 듣고 말하자. 팝의황제가 왜 황제인가 증명해준다. 역시 one & only 는 차원이 다르다.,1
마이클,무조건 음향이 좋은 상영관에서 관람을 추천합니다.,1
마이클,"저메인잭슨에 대한 이야기,엔터테이너적(모타운,소니)같은 이야기는 다 빠져있고 부모와의 갈등 하나로 2시간을 날리고 마이클의 노래들로 민심을 채우려는게 눈에보여서 구렸음음악이좋다말곤할말도 없는영화",0
마이클,마이클 잭슨의 음악과 퍼포먼스 만으로도 권력인 영화 그냥 신남,1
마이클,좋아요 표시를 했습니다,1
마이클,"피터팬 같던 마이클, 그를 한번 더 본것만으로도 충분한 영화.짧았던. 그의 삶이 너무 안타깝다.",1
마이클,몇몇 유명곡의 공연 장면 이외에는 전체적으로 냥 무난~~했습니다.,1
마이클,"너무재미있네요!!음악정말최고입니다...영화에
일대기를다담을수는없었지만빛나는부분을잘구현한거같습니다..",1
마이클,"감동, 재미가 함께 해서 좋았어요.
재미있게 잘 봤습니다.",1
마이클,꼭 보세요 다들 ㅋㅋ,1
마이클,"주님의 형제님이신 진심으로 부러운 팝의황제 마이클 잭슨 형님이신데 무슨 말이필요 있으삼
더많은 죽어가는 영혼들을 살리셔야하셨는데
너무나 일찍 천국 가신게 저의 참된 마음의 아플 따름이지요
ㅜㅜ",1
마이클,정말최고입니다. 떠난 후에도 항상 그리웠습니다.,1
마이클,영화가 끝나는 게 아쉽네요.,1
마이클,"마이클 그의 재능은 아버지 아니 네버랜드 속 피터팬과 같구나.
그의 공연장을 보는듯 하다. Nx와 돌비 그리고 편안한 의자로.
재능과 함께 노력과. 능력지를 만나야지^ 그의 음악은 영원히
작감은 승자의몫. 패자",1
마이클,나의 길에 대해 생각하고 있을때 였는데 이 영화를 보고 많은 힘을 받았어요 멋진 나의 히어로,1
마이클,노래만 들어도 좋네요.,1
마이클,영화 재미있게 봤습니다.,1
마이클,콘서트에 온 것 같아서 신났어요🕺🏻🕺🏻🕺🏻,1
마이클,역시 마이클잭슨 영화 굿굿굿,1
마이클,마이클 잭슨 영화는 극장에서 봐야 제맛이지! 속편 반드시 나와야 한다.,1
마이클,보는 내내 추억의 멜로디를 들을 수 있어 좋았어요,1
마이클,"영화는 사라지고
음악만 남아버린
그저 팬무비일뿐",0
마이클,"ONE AND ONLY, 넘사벽
시대의 아이콘 수식어가
가장 잘 어울리는 위대한 아티스트

영화내내 흘러나오는 히트곡과
명공연을 보는 것 만으로도
벅찬 이 감동

더 이상 그를 몬 본다는 게 슬프다.",1
마이클,마이클 잭슨 노래를 극장에서 좋은 음향으로 듣는 것만으로도 티켓 값은 한다고 생각합니다,1
마이클,팝의황제 마이클잭슨. 너무감동적이였다. 아이맥스로꼭보세요.굿! 💯👍👏2편이나오길..,1
마이클,하 ㅜㅜ 마잭 콘서트 다녀온 늒김 완전 떼창하고 방방 뛰고싶었음 진짜로,1
마이클,스토리는 아쉬울지 몰라도 노래가 너무 좋았어요,1
마이클,마이클 잭슨 노래만으로도 즐겁다,1
마이클,마이클잭슨 연기가 너무 좋았습니다. 다만 벌써 끝이야?라는 느낌이 드는게 아쉽네요.. 후속편 기대합니다...^^,1
마이클,"정말 보고 싶어서 개봉일 바로 봤어요~~~ 당연히 감동 즐겁고 등등 ㅎㅎ 마이클 일대기는 한번으로 끝날순
없겠지만 살짝 아쉽다는 ㅜㅜ 하지만 감동^^ 또 보려구요~",1
마이클,스토리건 연출이건간에~ 스크린에서 그의 음악을 느낄 수 있는것만으로도 감동~,1
마이클,그야말로 울다가 지릴뻔. 이야기가 남은게 너무 고맙네요,1
마이클,"뭔가 서사가 밋밋한게, 보헤미안랩소디 기대하고 봤는데, 실망이네요. 노래만 좋고, 2부가 나올갓 같이 끝나고. 처음부터 1,2부라고 하단지. 믾이 실망했네요",1
마이클,팝의 황제를 영화 하나로 담기에는 턱없이 부족했다. 여러편의 다큐로 나오는게 나았을것 같다,0
마이클,노래잘들었습니다~역시는 역시!!,1
마이클,체급의 마이클 잭슨,1
마이클,"그냥 보는 내내 어쩌면 지금도 살아있었을지 모르는 그가 너무 보고 싶었다.
전설은 재현될 수도 대체될 수도 없다는걸 보여준 영화.
마이클 잭슨이 그립거든 그가 남긴 음악과 옛 영상들을 찾아보는게 나을 듯.",0
마이클,영화가 전체적으로 마이클의 스타성과 음악에 기댄 느낌,1
마이클,"이렇게 만들거면 하질말지
이도저도 아닌 그냥 이름팔이
OST마저도 오리지날에 범접하지 못한다.",0
마이클,서사적인 스토리연출이 살짝 아쉽지만 그의 음악전 연대기만은 눈과 귀를 즐겁게 한다,1
마이클,역쉬 명불허전 마이클 ~~~ 최고의 가수,1
마이클,오랜만에 잭슨노래좋았어요,1
마이클,마이클 잭슨의 음악과 춤을 다시 듣고 볼 수 있다는 것만으로도 뭉클했다,1
마이클,마이클 팬이라 너무 짜릿햇어요,1
마이클,재미있는 영화 🎥 보고 추천합니다,1
마이클,아부지만 아니였음 행복했을까...,1
마이클,마이클 나의 챔피온. 다시 만나서 반가워요~ 당신과 함께 숨쉬어서 참 좋았어요^^,1
마이클,그냥 지루하고 지겨웠다,0
마이클,이건 영화관에서 봐야 함. 사운드와 공연장면이 주는 쾌감만 가져가도 본전 건짐 + 아빠 역할 배우 연기 여러가지 의미로 미치심 아역 배우는 어디서 이런 애를 찾은건지 신기함 끼가 넘침,1
마이클,"너무 몰입하면서 시간가는줄 모르고 감상했습니다.
최고입니다.",1
마이클,전기영화라 마이클 잭슨 노래가 많이 안나온다길래 걱정했는데 생각보다 많이 나와서 즐겁게 보고나왔어요. 중간중간 아버지와의 갈등 넘 괴로워보여서 감정이입되어 좀 슬펐구요.ㅠㅠ,1
마이클,좋은 연출과 마이클 잭슨의 음악을 함께 들을 수 있어서 좋았음.,1
마이클,ㄴ마이클잭슨을 대체할 사람이 없음,1
마이클,무조건 영화관에서 봐야하는 영화,1
마이클,"진짜 마이클 잭슨이 영화 찍은거 같음

와 세상에 전율이 몇번 돋는거지? …",1
마이클,"감동적이네요 
다음편 계속된다고 ~~~♡
기대되요 강추에요",1
마이클,이렇게 MJ 콘서트 직관하고 싶다는 소원을 간접적으로나마 이룹니다 하.... 영화 중반부터 벌써 다시 보고싶어짐.. 극장 내려갈 때까지 틈나는대로 다시 봐야지...,1
마이클,역시 레전드…🥹 콘서트장 온 기분이었음,1
마이클,그냥 음악으로 이미 끝났다.. 노래 듣는것 자체가 너무 좋았음,1
마이클,마이클 노래를 극장에서 듣는것 만으로도 좋았다 콘서트온 느낌,1
마이클,"마이클재단에서 감독의 의도와 다르게 영화기획을 좌지우지했다고 하더만 진짜 그냥 마이클 뮤직비디오 영화가 만들어졌네 
아쉽네 ㅡㅡ",0
마이클,으. 영화가 중간에서 끝,1
마이클,이제 본격 보여주나보다 해서 끝났는데 다행히 2편 제작 들어간다고 하네요 ㅋㅋㅋㅋ 사람맘은 다 똑같은 듯 ㅜㅜ 마이클 생각하니 마음이 아프네요,1
마이클,"보헤미안렙소디랑 다르게 반절끊은느낌입니다
그래도 마이클 음악으로 꽉차있어요",1
마이클,"아.. 너무 멋있어요~
가만히 앉아 보는게 너무 힘들었네요~
잭슨연기와 춤,노래 모두 훌륭했어요~
또 볼꺼에요😭",1
마이클,마이클잭슨의 최고전성기를 누리며,1
마이클,스토리는 루즈했지만 그걸 뛰어 넘는 음악이 있었다,1
마이클,스토리는 루즈했지만 그걸 뛰어 넘는 음악이 있었다,1
마이클,마이클 잭슨의 음악을 체험할 수 있는 영화 더 보고 싶음,1
마이클,영원한 팝의 황제!,1
마이클,마이클 완전 감동이고 너무 최고입니다!,1
마이클,"고증이 어떻고 배역이 어떻고 그런건 필요없다. 
화면속에 그의 노래가 영화관을 나올때 주체하기 힘든 흥과 한껏 빨라진 심장박동으로 이건 나쁘지않은 영화란걸 느끼게 하지않나",1
마이클,팝의 황제를 다시보는 느낌 좋았어요,1
마이클,전기영화의 기본을 망각한 데다 주연의 연기력이 형편없어 카리스마의 재현이 되지 않으니 그냥 돈 많이 들인 재연방송 서프라이즈와 다를 게 없다.,0
마이클,GD는 ㄹㅇ 아무것도 아니었구나.. 마이클 잭슨 앞에선.. 그의 시대를 직접 느껴보지 못한게 참으로 아쉽다,1
마이클,"스토리는 생각보다 루즈했던 영화
하지만 연출과 노래 만큼은 까내릴수 없는 영화",1
마이클,재밌게 잘 봤습니다~~,1
마이클,역시 팝의 황제. 시간이 지나도 황제다.,1
마이클,마이클 재밌게 잘봤어요,1
마이클,법적으로 상영금지당한 부분이 있어 그런지 마이클 잭슨의 삶을 자세히 다루진 못했어요. 뒷부분은 그냥 휘릭 넘어가는 느낌. 하지만 노래와 춤이 다 씹어먹네요. 너무 좋았어요.,1
마이클,소름돋았다!!! 정말 완전 구~우우우우웃♡,1
마이클,20260513영등포,1
마이클,위켄드가 절대 마이클이 될수없는 이유.,1
마이클,전설은 시작부터 달랐다,1
마이클,아쉽긴해도 팝의 황제이기에.,1
마이클,마이클 잘봤습니다 짱이에요,1
마이클,MICHAEL.2026.0513,0
마이클,진짜 콘서트처럼 너무너무 재밌었어요! 마지막 무대가 젤 멋있어요ㅠㅠ,1
마이클,미쳤다 바로 아이맥스로 재관람 갑니다,1
마이클,마이클은 원하지 않았을 영화.,0
마이클,사운드가 좋은 관에서 관람하길 추천합니다.,1
마이클,레전트 마이클 잭슨 콘서트를 보고 싶다? 이 영화 보시면 됩니다..🫶 진짜 콘서트 간 것마냥 즐기고 나왔어요ㅋㅋㅋㅋ,1
마이클,"마이클 이름 세글자, 
.
.
.
그리고 우리가 몰랐던, 우리가 알았어야할 마이클",1
마이클,큰 기대를 가졌기에 큰 아쉬움도 남는다,0
마이클,누구나 아는 명곡들을 중간에 잠깐 듣는 것과 퍼포먼스빼고는 그렇게 환호해야 할까 싶었다,1
마이클,말이 더 필요한가? 팝의 황제인데.,1
마이클,"마이클을 실제로 본 80년대가 전성기이신 분들 너무
부럽습니다,, 노래도 너무 신나고 조카의 마이클
연기도 좋고 행복한 두시간이었습니다. 2편 얼른
보고싶네요!! 다음편에 더 좋은 노래들 듣고싶네요",1
마이클,"노래의 비중이 많아서 귀호강했어요. 영감을 받아서 음악을 만드는 과정이 루즈하지 않게 전개되어서 좋았어요. 스크린X with 돌비관에서 또 봤는데, 확실히 사운드며 영상이 압도적입니다. 완전 콘서트장에 있음!",1
마이클,Cjcjdjfjfjcudkdjdjfjcjdjfjcjc,1
마이클,시대의 아이콘 마이클 잭슨의 음악을 다시 찾아듣게 하는 영화.,1
마이클,영원한 마이클 잭슨~ 언제들어도 좋고 영화로 보니 또 새롭네요!,1
마이클,마이클 잭슨의 새로운 모습을 알게되서 흥미진진,1
마이클,마잭 노래를 영화관에서 듣는 것 만으로 good.,1
마이클,솔직히 말해서 올해 가장 좋은 영화였어요.. 다 아는 노래들이었는데 심장을 쿵쾅쿸ㅇ쾅 울리는 게 벅차게 좋았고 자파 잭슨이 어느 순간부터는 그냥 마이클 잭슨으로 보이는 마법.. 최고였습니다 ㅠㅠ,1
마이클,개명곡 파티. 특히 그 스릴러 타이틀곡으로 정하기까지의 그 모두가 아는 명곡들이 각 포스트잇에 붙어있는 그부분이 아 드디어..!!하면서 기대감 미쳤고 beat it 스릴러 빌리 진 연속으로 나오는데..꼭 보세여..🥹,1
마이클,마이클이 이렇게 파란만장한 삶 산지 몰랏음 인생 얘기만 해도왤케 재밋냐 역시 다름 ㄷ,1
마이클,마잭 형님 노래 듣는 것만으로도 최고임 콘서트 보는 느낌으로 봄,1
마이클,이것저것 다 떠나서 음악이 너무 좋았음.. 역시 팝GOAT,1
마이클,"그가 왜 레전드인지 알게 된 작품
사운드 때문에 그런지 극장에서 보니 조아요",1
마이클,"영화가 끝나고 비로소 그의 음악이 시작됨을 느낄 수 있다.
내 플리의 모든 노래가 마이클!!",1
마이클,"마이클 잭슨 콘서트 보고 온 것 같다, 플리에 노래 추가함",1
마이클,마이클잭슨 그립다ㅠㅠ진짜 황제지 황제야,1
마이클,"마이클 잭슨 음악이 나올 때 너무 짜릿하고 좋았던 영화..

주연배우가 실제 마이클 잭슨의 조카라는데 볼수록 정말 마이클 잭슨인 것처럼 느껴졌어요

사운드 빵빵한 관에서 들으면 감동이 배로 몰려옵니다",1
마이클,마이클 노래 미쳤다(Positive) 콘서트장 온줄!!!! Beat it때부터 이미 리듬 타고 있는 나를 발견함…..,1
마이클,이런게 영화지 간만에 극장온 보람이 있다,1
마이클,어릴떄부터 마잭 조기교육 받은 보람있다.. ㅋㅋㅋ 엄마랑 N차 관람중 또볼거임!!!!!🔥🔥,1
마이클,역시 마이클 잭슨!!! 영화관이 아니라 콘서트 보러온 것 같은 전율 ㅠㅠ 꼭 극장에서 보세요!!!!,1
마이클,관객으로 들어가서 마이클 팬클럽 되어 나온~~,1
마이클,"자파 잭슨 진짜 마잭의 환생 아니냐며..응원봉 들고 콘서트 온 것마냥 들썩들썩 춤 추면서 본 내가 일류다... 5월 최고 영화 등극합니다,,,ㅠ 흥의 민족 한국인이라면 안 사랑할 수 없는 영화",1
마이클,"마이클 잭슨 세대가 아님에도 불구하고 영화를 보고나니 그가 더욱 궁금해졌어요
자파 잭슨이 연기를 너무 잘해서 몰입감 있었고 아는 노래 나올 때 마다 심장이 두근두근거려서 집까지 문워크로 걸어가려고요",1
마이클,생각했던 것보다 재밌게 봤어요! 배우 연기도 좋고 내용 너무 신나요!,1
마이클,마이클 잭슨이라는 한 인간의 따뜻함과 천재성을 잘 보여준 작품. 귀호강했어요!,1
마이클,마이클 잭슨이라는 한 인간의 따뜻함과 천재성을 잘 보여준 작품. 귀호강했어요!,1
마이클,그가 살아돌아왔나? 감동 그 자체만 보여준다. 슬픔은 없어서 안도..,1
마이클,역시 마이클 잭슨 ㅠ ㅠ 노래 나올 때마다 심장 떨려서 죽을뻔했네요 ㅋㅋ 노래야 말할 것도 없고 마이클이라는 사람에 대해서 더 알게된 것 같아 좋았습니다 🕺 🕺,1
마이클,"너무 감동적이고 마이클잭슨의 순수함, 천재성이 느껴졌습니가",1
마이클,마이클 잭슨의 무대를 다시 보고 노래를 다시 듣는 것 만으로 너무 행복했다‼️‼️‼️‼️ 시간을 거슬러서 그의 콘서트 장에 간 것 같은 느낌,1
마이클,"평소에 좋아하는 마이클잭슨을 대형스크린에서 보니까 소름이 돋았어요!ㅠㅠ 음악 다 명곡이었고, 연기하는 배우가 너무 닮아있어서 보는 내내 너무 신기했어요 ! 다시한번 보고싶어요!",1
마이클,마이클잭슨 팬으로서 정말 소름돋게 잘 봤습니다 ㅜㅜ 싱크로율 진짜 미쳤어요 ㄹㅇ 그때 그 시절 향수를 느끼고 싶으신 분들 꼭 보세용,1
마이클,"콘서트에 온것 같은 느낌!!
마이클 잭슨을 더 이해하고 사랑하게 되었어요 😭
2편도 너무 기대돼요!",1
마이클,한순간도 눈을 뗄 수 없을 정도. 너무 좋은 음악이 끝까지 나와요!,1
마이클,마이클 잭슨이 살아 돌아온 거 같은 생동감 ㅋㅋ 춤 ㅋㅋ 너무 좋았음 ㅋ 나올 때 나도 문워크 할 줄 아는 느낌 ㅋ,1
마이클,콘서트 한가운데 있는 듯한 착각! 이렇게 압도적인 스케일로 보니까 너무 가슴이 뛰고 좋았어요!,1
마이클,광광 울리는 사운드로 또 보고싶음 ㅠ 노래가 전부 레전드 육성으로 따라 부르고 싶어서 혼났네 ㅋㅋㅋㅋ,1
마이클,"올해 최고의 영화, 마이클 잭슨 영화가 이제서야 나오다니...엄청난 음악이다!",1
마이클,마이클은 죽지 않았다! 마이클잭슨 연기를 너무 잘 해서 즐겁게 본 영화.,1
마이클,올해 최고의 영화! 흥폭발 너무 신나서 노래 부르고 싶은거 참느라 혼남ㅠㅠㅠㅠ,1
마이클,역시 레전드 그자리에서 노래 따라부르게 됨,1
마이클,보헤미안랩소디 광인이라 기대 많이 했는데 기대이상이었음 마이클 ㅠㅠㅠ,1
마이클,연기력이 미쳤어요... 진짜 마이클잭슨이 돌아온것 같았어요🥹 마이클잭슨에 관해서 몰랐던 부분들도 알게 되어 너무 좋았습니다...,1
마이클,춤추면서 집에 갔습니다.. 재밌게보세요,1
마이클,와 진짜 콘서트장 다녀온 것 같음 왜 마이클 잭슨인지 느낌 돌비로 한번 더 봐야지,1
마이클,"어우 마이클 영화 보면서 내적으로 들썩 거리다가 집 가는길에 차에서 마이클 노래 무한재생했네요.

상상이상으로 자파르 잭슨이 마이클 연기를 기가 막히게 했고 노래랑 춤이랑 너무 감동적이였습니다 ㅠ",1
마이클,언제나 그대는 아름답다.,0
마이클,"역대 최고의 음악 작품 이건 영화가 아니다 
작품이다. 영원한 팝의 황제 그가 돌아왔다!!
진짜 그 시대를 경험한거 같다",1
마이클,깊이는 얕지만 끝내주는 황제의 퍼포먼스. 마이클의 인생 전반부를 다룬 영화. 내용의 진실성 자체에 대해선 말이 많지만 배우들의 연기와 무대연출 하나는 최고였다 일반관은 소리가 좀 뭉개지니 돌비관을 추천,1
마이클,굿굿 하고싶은 마음이 있습니다,1
마이클,"팝의 왕이었던 자의 25년 성장기와 독립을 간추려 소개. 아버지와의 관계에 초점. 실제 조카가 주연, 삼촌의 무대 무용을 그대로 재현. 전개는 [보헤미안 랩소디]('18) 비슷. 일부 가족일원과 사실 생략해서 비평도.",1
마이클,5/10 Five out of ten,0
마이클,끝까지 노래도 다 듣고 재밌게 봤어요,1
마이클,재밌었어요 ㅎㅎ 사운드 좋은곳에서 보세요 ㅎ,1
마이클,스토리는 빈약하지만 음악이 다 채운다,1
마이클,재밌어요~~~~!!,1
마이클,역시 최고의 노래들이라 듣는 재미가 좋아요,1
마이클,올해 마이클 영화을 안봤다면 당신 인생에 2026년은 없다,1
마이클,노래와 퍼포먼스 위주는 팬서비스 무비. 천만각 냄새가~,1
마이클,겉핥기식 전기라 할지라도 왕의 업적들은 빛을 발한다,1
마이클,감사히 잘 봤어용 ㅎㅎㅎ,1
마이클,감사히 잘 봤어용 ㅎㅎㅎ,1
마이클,이 영화는 음악과 춤만으로 충분하다,1
마이클,재미있었어요1010,1
마이클,너무 무난함 그냥 노래랑 춤 보러 가는 거라면 ㅇㅋ지만 기존에 마이클잭슨에 대한 흥미가 그닥 없었다면 굳이 볼 필요 없을 듯,1
마이클,볼만함 마이클의 음악을 실컷 듣고 옴 후반부는 마이클 콘서트느낌임 배우는 마이클이 현신한 듯 춤과 노래를 보여줌,1
마이클,"최고의 영화, 마이클의 성장 고민",1
마이클,"마이클, 잭슨파이브 시절부터 그의 성장과 발전 가족사 고민 생활 성격 바램 모두 음악과 함께 잘 보았습니다.",1
마이클,"시간이 갈수록 빠져드는 영화. 
일대기를 볼 순 있지만 주인공의 입체적인 면을 보는 재미는 다소 아쉽.",1
마이클,줜나 못 만든 영화.. 마이클 잭슨 노래 듣는 것 빼고는 아무것도 건질게 없음.,0
마이클,마이클 마이클 마이클,1
마이클,마이클 마이클 마이클,1
마이클,음악이 다 하는 영화입니다.,1
마이클,"영화의 스토리는 좀 허술했지만
음악과 공연재현이 수준급이라 너무 좋았어요
그것만으로도 극장에서 볼 가치가 있었습니다",1
마이클,황제시여...그동안 그리웠습니다..,1
마이클,"마이클 잭슨의 음악과 춤을 다시 떠올리게 하는 영화이고, 후속편이 나올 거 같은데 기대가 됩니다^^",1
마이클,"빌리진, 문워크 춤 정도만 아는 상태로 보러 갔는데 막상 들어보니까 아는 노래가 많았고 신나는 무대가 많아서 거의 지루할 틈 x 몰랐던 가정사나 그룹부터 솔로 활동까지의 과정도 알아갈 수 있었던 시간",1
마이클,"스토리는 별거 없음. 
그냥 스크린으로 마이클 보는 게 개행복함",1
마이클,N차가 충분히 가능한 영화,1
마이클,왜 이렇게 일찍 가셨나요 ㅠㅠ,1
마이클,2편 제목이 '잭슨'이 아니면 실망할 것이다,1
마이클,마이클 잭슨의 데뷔초부터 정상에 섰을때까지의 스토리를 노래와 함께 영화로 보여줘서 좋았음~,1
마이클,마리클잭슨의 데뷔초기부터 정상에 섰을때까지의 스토리를 노래와 함께 보여줘서 좋았음~,1
마이클,"배우가 얼마나 노력했는지 보이더라구요.
춤과 노래로 몰입이 확 됩니다.",1
마이클,너무 재미있게 잘 보고 왔어요!,1
마이클,"시사회. 일반관인데도 사운드가 빵빵하네요! 마이클잭슨의 모든게 담긴거는 아니지만 노래와 뮤비를 영화로 다시 보니 소름돋네요ㅎㅎ 구두 소리가 심장소리같아서 좋고, 갠적으로 heal the world 기대했는ㄷㅔㅠ",1
마이클,매 순간이 명곡이네.,1
마이클,명곡 메들리로도 감당 못할 썩은 영화,0
마이클,진짜 노래가 다 하는 영화입니다. 그래도 극장에서 볼 만 합니다.,1
마이클,"나의 첫 가수 마이클, 일찍 가서 아쉬울 따름입니다",1
마이클,"음악, 무대가 멱살 잡은 영화
이외 나머지 부분은 교과서처럼 너무 밋밋하다",1
마이클,영화 처음부터 끝까지 어깨를 들썩이지 않을 수 없었다,1
마이클,보는 내내 몰입감이 대박이었어요!! 영화에 나오는 음악들도 다 좋고 저도 모르게 리듬을 타고 있더라구요ㅎㅎㅎ 재밌게 잘 봤습니다~ 다른 포맷으로 또 보고 싶어요!!,1
마이클,"기대 이상이고요
오래도록 기억에 남을 것 같습니다",1
마이클,나도 모르게 흔드는 몸을 주체할 수 없었던.,1
마이클,마이크 잭슨의 노래뿐 아니라 비하인드 스토리를 알게 됐네요.,1
마이클,전기 영화의 단점이 너무나 명확하고 영화에서 주를 이루는 1970년대 마이클잭슨의 노래 아는 사람이 얼마나 될까? 우리나라에서 흥행하긴 힘들듯,0
마이클,마이클 영화 재미있게 잘 봤습니다.,1
마이클,영화 감동적으로 잘 봤습니다,1
마이클,오랜만에 듣는 마잭 노래 추억이 새록새록,1
마이클,"두시간으로는 모자란, 팝의 황제 ‘Michael Jackson’의 파란만장한 일대기. 잭슨 파이브로 시작해 홀로서기에 완전히 성공하기까지, 그의 인생 1막이 명곡들과 함께 신나고 화려하게 펼쳐진다.",1
마이클,병렬식 나열로 마이클 잭슨의 면모가 부각되지 못하는 전기 영화의 단점을 음악으로 덮었다.,1
마이클,마이클 잭슨의 젊을때 인생을 단편으로 노래로 본 영화다. 근데 너무 노래에 집중하다 보니 스토리가 약간 아쉽다,1
마이클,인간의 욕망이 끝은 어디인가?,1
마이클,"마이클 잭슨에 대해 다시 감탄하게 된 계기가 됐고 음악이 좋았습니다
개봉하면 또 보러 가고 싶음",1
마이클,"팝의 황제 마이클 잭슨의 일대기중 전반부예요
M.J의 명곡을 들으며 영화를 감상해요
대형화면에 역동적인 음향으로 보니 콘서트에 온 것 같아요",1
마이클,영화는 아주 별로예요. 보헤미안 랩소디도 내용보다는 음악을 즐기는 목적이지만 마이클은 사운드적인 요소도 많이 부족하고 내용은 마이클 잭슨을 예수나 부처 즈음으로 묘사만하는 뭐랄까 음악영화가 지루해.,0
마이클,"2편이 기획되어 있나? 음악 좋고 흥미롭기는 한데 뭔가 클라이맥스가 없는 느낌이고, 긴장감이나 강렬함이 터지지 않은 것 같다. 그래도 볼만은 했다",1
마이클,무대 위 재현도는 훌륭하나 그뿐이다,0
마이클,"마이클잭슨의 삶이 행복하지 않았던것 같아 안타까웠어요
영화라기보다 콘서트를 보고 온 느낌이예요
후속편이 기대돼요",1
마이클,"초.중.고시절의 센세이션 일으킨 새로운뮤지션
참고로,영화는 1편,2편으로 나뉘어 개봉합니다.
쿠키가 없는대신 마이클잭슨의 음악이 엔딩크레딧 내내 
흘러나와 듣고 나오게 되더라구요.",1
마이클,"이 순간을 기다려온거 알아!
트랙은 완성됐고 노래도 준비됐어",1
마이클,"전기보다는 음악과 무대를 즐기는 영화.

일반관 사운드를 이렇게 웅장하게 채워 마이클 잭슨의 무대를 간접적 경험하는 것 마저 좋다",1
마이클,그 시절의 감동을 스크린에서 다시 한 번,1
마이클,콜먼 도밍고 연기 차력쇼,1
마이클,마이클 잭슨 세대가 아닌 나에게 새로운 미션이 주어졌다ㅎㅎ 마이클잭슨 영상 찾아보기~,1
마이클,그의 천재성을 다시 한번 실감하게 되었다!,1
마이클,"공연씬에 공들인게 확실히 느껴짐 연습 진짜 열심히한것같음

BUT! 내용에 깊이가 없어",1
마이클,마이클잭슨의 노래와 무대를 즐기고 싶어집니다.,1
마이클,노래와 춤으로 세상을 하나로 엮고 자신의 빛으로 세상을 사랑과 기쁨으로 채우려 했던 마이클 잭슨의 여정이 그의 히트곡들과 잘 어우려진 멋진 영화네요,1
마이클,2부로 나누지 않고 러닝타임 한시간 늘려서 한편에 다 담아냈음 하는 아쉬움이 있다,1
마이클,어째서 스토리가 반쪼가리,1
마이클,배급사 로고 시작부터 엔딩크레딧 끝날 때까지 노래가 나오는 영화은 처음인것 같네요. 정말 감동이네요. 음악영화 장르를 좋아해서 찾아보는데 이번 영화는 다르네요. 개봉하면 한번더 보고 싶네요.,1
마이클,마이클잭슨의 노래 너무 좋아요! 그 시절 향수에 젖어서 봤네요! 2편이 나오는거 같은데 다음 이야기가 더 기대가 되네요!,1
마이클,마이클잭슨은 영원하다 정말 노래 나오는 그 순간순간 그가 너무 그립고 행복했다,1
마이클,작사가이자 작곡가이자 안무가이자 프로듀서인 그.. 앞으로도 마이클 같은 인물은 나오지 않을 것 같은 최고의 엔터테이너!,1
마이클,"역시 황제의 일생을 한 편에 다 담기는 힘들지..
좋은 노래 많은데 조금만 나와서 좀 아쉬움...",1
마이클,"Michael is the Music, anything else?",1
마이클,시사회시간이 늦어서 다시 볼거예요 ㅜㅜ,1
마이클,마잭 잘 모르는데 재밌게 봤어요!,1
마이클,"내 발 좀 묶어줘요~~~자꾸 박자를 타는 내 발땜에 참느라 혼났다ㅎㅎ
춤연기 미쳤음.실제 남주가 마이클 친 조카라는데 너무 똑 닮았음!!",1
마이클,"첫 장면 부터 심장박동 올라가고 내적댄스 미칩니다 
인스타보면 영화보다가 앞으로 나가서 춤추는 외국인들 많던데
공감됩니다",1
마이클,마이클 재미있어요.,1
마이클,마이클 잭슨에 대해 더 관심을 갖게 됨,1
마이클,마이클 잭슨 살아생전 공연 못 본 한을 풀었네요. 마이클 잭슨이 살아 돌아와서 공연 하는거처럼 음악도 좋고 춤도 좋고 영상미도 좋았어요. 너무너무 재미나게 잘 봤어요.,1
마이클,러닝타임에 비해 스토리가 아쉬웠다. 보헤미안랩소디는 마음이 따뜻해지는 느낌이지만 마이클은 그런면을 찾아 볼 수 없었던 것 같아요. 노래 역시 목소리보다 큰 사운드가 아쉬웠다. 뭔가 모르게 20프로 부족한,0
마이클,중간에 전율이 올듯. 최고답게 음악 전기 영화 중 최상!,1
마이클,너무 재밌게 잘 봤습니다,1
마이클,입안에 이물감이 남는 제로콜라맛,1
마이클,지루했습니다 그래도 잼 있습니다,1
마이클,지루했습니다 그래도 잼 있습니다,1
마이클,"마이클잭슨 세대는 아니지만, 영원한 천재 뮤지션 MJ를 느껴볼 수 있었던 기회였다.",1
마이클,재밋게잘 봣어오ㅡ!!6,1
마이클,"빵빵한 사운드로 마잭 음악을 보고 듣는 것은 즐거웠지만, 극 중 함성 소리는 지나치게 크게 설정, 귀가 찢어질 듯해 종종 손으로 막으며 봄. 이야기도 끊김&엉성함이 있지만, 크레딧까지 음악듣다보면 시간순삭.",1
마이클,"시사회로 봤어요. 마이클잭슨의 얘기를 이 한편으로 다 담기에는 모자란 듯 하고, 후속편이 곧 나오겠지요...
혹독했던 어린시절, 그가 동물과 어린아이를 좋아한 이유와 쉽지 않았던 독립의 과정, 안쓰러보였다.",1
마이클,재밌게 잘 봤어요 ㅎㅎㅋ,1
마이클,"논란이 있다고 했는데 영화 관람 후 찾아보니
그렇구나 생각이 드네요",0
마이클,재밌게 잘 봤어요 ㅎㅎㅋ,1
마이클,"CGV 왕십리 4관 회원시사회
1.85:1 비스타비젼 화면비
빌리진 스릴러 OST 춤 추억이 새록새록 떠오름에도
조셉으로 부터 전해지는 아동학대의 대물림
폭발하여 김빠진 펩시 CF같은 영화",0
마이클,잭슨5 노래인줄 몰랐는데 알게 된 곡들이 많네요.,1
마이클,"얼핏 예고를 봤을 때 너무 안닮아서
몰입 안되면 어쩌나... 했었는데!
몰입 돼요! 너어~무 된다 돼!!
목소리, 몸짓, 춤! 완전 인정~!
배역을 위해 얼마나 노력했을지 상상도 안됨.
물론 아역배우 연기도 정말👍",1
마이클,재미있게 관람했습니다!!!,1
마이클,재미있게 관람했습니다!!!,1
마이클,지금 마이클이 떼창을 해달라는데 가만히 보기만 할 순 없는 거잖아,1
마이클,마이클 볼만합니다...,1
마이클,"음악, 서사, 영상미 하나도 빠짐 없이 다 챙겼다",1
마이클,"역시 노래는 👍!!!
그리고 몰랐던 부분을 알게되서 좋았어요👍",1
마이클,평소에 마이클 잭슨을 좋아하는 입장이다 보니 너무 감동적이었고 노래 또한 예술이어서 마이클 잭슨 콘서트에 참석한 기분이었다!,1
마이클,마이클 잭슨의 콘서트 현장에 있는 것 같았다,1
마이클,잭슨파이브의 막내에서 팝의 황제 마이클이 되기까지의 잡음없는 사운드 믹스,1
마이클,엄청난 사운드와 콘서트 연출이 대단함,1
마이클,"2시간 순삭, 음악 퍼포먼스 연출 삼박자 굿",1
마이클,"제작 비하인드를 알고있긴했지만
뭔가 영화가 중간에 딱 끊겨버린 느낌
보헤미안 랩소디와 동일한 구성과 엔딩",1
마이클,오늘 플리는 마이클~~입니다.,1
마이클,"노래와 춤이 나올때 마다 심장이 요동을 치며 소름이 돋았다. 앞으로 나오기 정말 힘든 천재 팝의 황제~
2부 빨리내놔~ 그리고 180분으로 만들어주세요^^
♡시사회당첨 cgv 감사해요 (어머니랑관람)",1
마이클,다 떠나 마잭형님의 음악을 듣는것만으로 감동의 시간이었다,1
마이클,별 기대 안했는데 꽤 잘 만들었잖아 !,1
마이클,홥의 황제... 그립고 그립다...ㅜㅜ,1
마이클,"소년의 모습이 더 인상적이었던것 같아요
많은 고민과 노력이 있다는게 느껴지네요
다른 분들도 꼭 한번 보새요~",1
마이클,"마이클은 2부로 돌아온다. 엔딩크레딧까지 푹 빠져서 즐겼는데, 옆에 어떤 분은 30분간 폰보다가 내내 코골면서 자고 자기 소리에 놀라서 한번씩 깨더라 황당",1
마이클,"마이클 잭슨, 온갖 오해 속에 천재와 영재를 짓밟는 괴물급 재능을 갖춘 그를 추모하며 시사회에 참석했어요. 두 시간 내내 음악에 심취해 순식간에 끝이 났네요. 강추합니다!",1
마이클,"당언컨대 올해 최고가 될 영화! 마치 하나의 라이브 공연을 본 느낌. 나도 모르게 영화에 빠져 발로 박자 타고 있었다. 작품의 완성도와 사운드,춤,노래,연기 모든 게 완벽했다. 마이클의 환생을 본 듯한 영화였다.",1
마이클,한순간도 지루하지 않고 완전히 빠져들었다. 심장을 울리는 이 느낌에 음향 특화관이나 IMAX로 다시 보고 싶다,1
마이클,예고편을 볼 때 만큼의 설렘은 없었지만 마이클잭슨의 음악과 무대를 좋아한다면 한번쯤 볼만한..,0
마이클,"10점 만점에 7점입니다.
음악, 영상미, 연기 모두 훌륭합니다.
연출 문제인지 편집 문제인지 맥이 끊어지며 무엇을 팬들에게 보여주려 한건지 애매합니다.
그래도 그의 음악을 극장에서 들 수 있어 좋았습니다.",1
마이클,무조건 음향 좋은 영화관에서 보세요 노래가 나올때마다 신나실거에요,1
마이클,아름다운 음악 그리고 사람,1
마이클,돌아온 마이클 2편을 기대합니다,1
마이클,마이클 잭슨의 인생을 알아볼 수 있어서 좋았어요 노래 무대도 다 훌륭,1
마이클,마이클 재밌었어요 ^^,1
마이클,감동이었습니다 후편이 빨리 나왔으면 좋겠어요,1
마이클,'마이클 잭슨' 그가 전세계적으로 유명해지게 된 이유를 보여준 일대기 뮤직영화,1
마이클,"전설의 레전드 !! 팝의 1황 !! 수식어가 낭비인 바로 ""그""",1
마이클,2부가 기다려져요.. 잘봤어요..,1
마이클,천재적인 아티스트 였다는 걸 새삼 느낍니다 하지만 안타깝게,1
마이클,"중간에 뚝뚝 끊기는 느낌
솔직히 지루했어요
하지만 마이클 무대는 최고",0
마이클,마이클 잭슨의 노래와 춤만으로도 충분히 볼 가치가 있는 영화였어요~,1
마이클,당신은 영원한 팝의 황제 ~ 조카가 삼촌을 완벽하게 구현한듯 !,1
마이클,마이클 잭슨의 모든 노래를 아는게 아니지만 보는내내 몰입이 잘 되었습니다.,1
마이클,마이클 잭슨 공연을 눈 앞에서 보는듯한 진귀한 경험,1
마이클,마이클 잭슨의 노래가 사운드 빵빵하게 나와서 지루할 틈이 없었음,1
마이클,마이클의 음악과 인생을 알 수 있는 영화,1
마이클,역시 마이클 잭슨 최고다 역시,1
마이클,"마이클 잭슨을 잘 모르지만 재밌었고, 공연 재현성이 대단하다",1
마이클,"도입부 보헤미안랩소디 느껴짐. 5월7일 등촌CGV 20시 시사회 봤는데 F05번 관객 여친과 함께와서 어찌나 큰소리로 떠드는지 영화노래소리보다 더 크게 떠들어 시사회망침.
무개념관객은 제발좀 극장오지말길.",1
마이클,팝의 전설 마이클을 극장에서 눈과 귀를 호강하며 볼 수 있는 영화 다음편이 기대돼~ 아직 시작도 안한겨~,1
마이클,"마이클이 짠해서 만나보고싶고
심장이 바운스 바운스하게 만든 영화
(CGV홍대 시사회)",1
마이클,배우연기가 mj의 알굴보다 그 영혼이 그대로 보였다,1
마이클,음악만 들어도 시간 잘간다.,1
마이클,어린시절의 내용만 나왔지만 마이클 잭슨이 전설은 전설이구나를 보여준 영화,1
마이클,자파 잭슨이 마이클 잭슨의 외모와 춤이 거의 흡사했고 연기 좋았어요 그리고 그의 주옥같은 히트곡들을 들을수 있어 좋았어요,1
마이클,역시 엄청난 OST 와 함께 둠칫둠칫 하게 만드는 영화!,1
마이클,후속편 벌써부터 기대됩니다 강력추천,1
마이클,진짜 몰입도 최고입니다. 후반부로 갈수록 싱크로율에 그가 다시 환생한 줄 알았네요. N차로 봤는데도 개봉하면 돌비비전으로 또 보러가려 합니다 강추,1
마이클,마이클 잭슨이라는 전설의 탄생을 만나다.,1
마이클,마이클 평점 7.5/10,1
마이클,"마이클, 그 존재 자체가 블록버스터~!",1
마이클,MJ판 보헤미안 랩소디,1
마이클,"긴 서사를 영화로 담기엔 부족한 시간.
다음편이 나와도 좋겠어요
음악으로 보여주는 스토리라서 너무 좋았어요
신이내린 마이클!",1
마이클,노래만으로도 충분히 가치있는 영화,1
마이클,"전기영화보단 음악영화, 마잭 개인의 서사가 아니라 수박 겉핥기처럼 음악의 나열에서 그친다. 평면적인 연출에 남는 건 레전드 음악 뿐",1
마이클,콘서트를 본것만 같았어요 ♥,1
마이클,heal the world가 안 나오면 안 되지! 2편 기대합니다~!,1
마이클,잭슨파이브 이야기라서 좋았어요. 노래 위주라 콘서트에 온 것처럼 귀호강했어요.,1
마이클,와우 충격적인 엔딩과 호강하는 눈과 귀!,1
마이클,"스토리는 다소 평탄했지만, 잭슨의 친조카인 주연배우의 완벽한 연기와 러닝타임 내내 나오는 명곡들에 정신을 못차렸습니다
정식개봉하면 리액션 상영회로 또 보고싶어요",1
마이클,"평단과 관객의 평가가 갈려서 살짝 고민했는데,
기대 이상이었습니다. 추천합니다ㅎ",1
마이클,마이클 잭슨이 어떤 인생을 살았는지는 잘 몰랐는데 이 영화를 통해 알게 돼서 좋았습니다. 보는 내내 신나면서도 슬펐네요. 음악과 무대 연출 다 좋았고 캐스팅도 정말 잘 한 것 같습니다. 조카분 리스펙...최고!!,1
마이클,"그 정도인가 ? 음악적인 면에서, 마이클 잭슨이라는 IP를 확실히 무시할 수 없음. 근데 이건 마이클 잭슨의 위업일 뿐이지, 영화 덕분은 전혀 아니라는 점이, 이 영화를 관통하는 말이 아닐까.",0
마이클,절은 시절의 내가 좋아던 노래에 흠뻑 빠졌던 한편의 콘서트.,1
마이클,재연된 스릴러와 빌리 진을 극장에서 느껴보시길 강추,1
마이클,"살아생전의 마이클 모습을 많이 기억하진 못하지만, 정말 위대한 인간이었다는걸 다시 한번 느꼈다",1
마이클,마이클 잭슨의 노래를 영화관에서 보는 것만으로 그 가치를 다한다.,1
마이클,"영화 마이클
마이클 잭슨의 위대함에는 조금 아쉬운 영화
그러나 보고 있으면 나도 모르게 아는 노래들에 몸이 반응하게 된다 .
새삼스레 그의 무대가 재능이 얼마나 대단한 것이었는지 깨닫게 된다.",1
마이클,영화 자체로 보면 의문부호가 있지만 마이클 잭슨의 황홀한 무대를 보기에는 충분한 영화,1
마이클,"너무 평면적인 스토리는 아쉽지만
귀와 눈이 그 이상으로 즐거움",1
마이클,"위대한 뮤지션, 착하고 순한 사람.. 영화 보며 음악 듣고 나니 더 그립네요. 뒷부분 얘기도 궁금해요.",1
마이클,"Michael , 2026",1
마이클,전기와 노래 둘다 잡을 수 없다면 노래 한가지만 확실하게,1
마이클,"마이클 잭슨 세대가 아니었음에도 너무 몰입되고 재밌었던 영화. 실제 인물도, 이를 연기한 배우도, 이를 담아낸 영화도 모두 매력이 넘쳤다.",1
마이클,탈도 많고 말도 많지만 오롯이 마이클 잭슨의 무대를 다시 재현해서 보는것만으로도 좋았음 오늘 시사회 봤는데 아맥 예매 완료,1
마이클,"서사가 부족한 건 아쉽지만 음악이 너무 좋음
극장에서 꼭 봐야할 이유! 눈과 귀가 즐겁다!",1
마이클,"이거 제목 틀렸는데..마이클 아니고 미라클 인듯. 영화 다 보고 아니, 듣고(!) 집가는데 마이클병 씨게 와서 뒤로 걷고싶고 팔은 쭉 뻗고 싶고 심박은 bad 박자에 맞춰 뜀. 전설은 영원하다!!",1
마이클,스토리는 아쉽고 귀는 즐겁다,1
마이클,"마이클^^
극장에서 보세요♡",1
마이클,THE KING OF POP,1
마이클,마이클 잭슨의 업적을 잘 보여주는 영화. 엔딩이 갑자기 끝나서 2부가 있어야 할 것 같다,1
마이클,스토리는 없는데 음악들이 진짜 명곡 메들리다,1
마이클,영화를 보는 내내 온몸에 전율이 일다,1
마이클,무난하게 볼만해요 오프닝이 좋음,1
마이클,역시 마이클잭슨 노래가 너무 좋음,1
마이클,초기때만 그려서 그런지 마이클이란 사람에대한 서사는 정말 부족함. 마이클 전성기 시대때는 난 갓난 얘기여서 체감을 못했지만 지금이라도 그 의 노래와 공연은 큰 화면으로 볼때만 만족임.,0
마이클,"가장 인상 깊었던 건 단순한 화려함보다도 ‘음악으로 살아가는 사람의 열정’이 진하게 느껴졌다는 점이다. 무대 연출과 조명, 배우들의 표정까지 정말 완성도가 높았다.",1
마이클,"평소 뮤지컬 영화나 음악 영화를 좋아하는 사람이라면 꼭 추천하고 싶다.
영화를 보고 나오면서 한동안 OST가 계속 머릿속에 맴돌 정도로 여운이 강했다.",1
마이클,"심장이 뛰는 음악 영화”라는 말이 딱 맞는 작품이었다.
영화 마이클 은 단순히 노래를 듣는 느낌이 아니라, 무대 위 감정과 인생 자체를 함께 체험하는 느낌이었다.",1
마이클,마이클잭슨 노래는 최고니까,1
마이클,보헤미안랩소디를 뛰어넘는 영화. 마이클잭슨의 전기영화보다 마이클잭슨의 음악이 신나서 따라부르게 된다. 개봉하면 또 보겠다.,1
마이클,마이클잭슨. 좋아하는데. 화상입는장면. 안타까웠어요,1
마이클,"마이클 잭슨의 자세한 스토리를 기대하지는 말 것. 이 영화는 존재만으로도, 나오는 노래들 만으로도 기본은 먹고간다. 2시간의 콘서트를 보는 듯한 느낌. 지루할 틈이 없는 무대들에 소름이 돋았다.",1
마이클,마이클 잭슨은 위대하다,1
마이클,발끝부터 마이클~!!,1
마이클,마이클 그의 음악 하나만으로 2시간이 즐겁다.,1
마이클,"이 영화는 극장에서 꼭 봐야함
음악이 너무 좋다",1
마이클,"역시 마이클 잭슨 영화는 예술이네요.
환상적으로 잘보구 빠져있다 왔어요.",1
마이클,시사회 당첨 행운을 얻어 팝의 황제 마이클 잭슨의 콘서트를 간접 체험하고 왔습니다..진짜는 다음편에!,1
마이클,마이클 잭슨이 살아 돌아온 것 같은 느낌!! 삐레!!,1
마이클,"2시간 10분의 뮤직비디오. 스토리 없어도 됨. 마이클잭슨이면 됨. 근데 1, 2편 나눠진 영화란거 나만 몰랐나",1
마이클,노래가 너무 좋았고 배우분이 춤 연습을 많이 하신 게 느껴졌어요 스토리는 좀 별로였어요,1
마이클,영화 잘 봤어요 잘 봤어요 좋아요,1
마이클,영화 재밌게 잘 봤어요 좋아요,1
마이클,왜 . 눈물이 나지,1
마이클,"솔직히 마이클잭슨의 생애가 어땠는지 관심 없었고 유명한 노래 몇곡 들어보고 문워크 영상 봤던게 전부였는데, 영화보는 내내 참 대단한 사람이었구나 싶으면서 나도 모르게 무릎으로 박자 타고 있었음+ㅁ+",1
마이클,아 두시간내내 그의 노래만 나왔어도 너무나도 좋았을껀데 그의삶을 조금이나마 이렇게 알게되어 좋내요.아 공연 못가본게 너무한이에요.😭 2편 언제나와요?언제기다리나.개봉하면 아이맥스로 또봐야겠어요,1
마이클,"팝의 황제, 그의 전설은 계속된다.",1
마이클,"팝의 황제, 마이클 잭슨을 보다~",1
마이클,영화 보는 내내 신났네 마잭에 대해서 모르던 부분도 알게됐고 영화가 끝나도 관객들이 노래감상하느라 퇴장안함,1
마이클,"안톤 후쿠아 감독 자파 잭슨 주연의 팝 황제 마이클 잭슨의 일대기 첫 편. ""블루 진"" 노래 나올 때 전율을 느낌.",1
마이클,노래만 남고 내용은 부실한..,0
마이클,"마이클 잭슨~ 그의 노래를 다시 들어요~ 
안무,춤, 노래, 무대연출 와우 이런 사람이 진짜 재능 있는 사람이죠~",1
마이클,"감명깊게 잘 봤습니다 
강추합니다",1
마이클,정말 좋은 음악에 어깨가 들썩들썩 하구요~ 속가락도 계속 움직이더라구요~ㅎㅎ 화나는 부분도 많았지만.. 순수함과 착함에 또 미소가.. 즐겁고 재밌게 잘 봤어요 ^^ 더 많은 노래와 춤을 또 빨리 보고 싶어요.,1
마이클,마이클잭슨 아빠 나올 때마다 스트레스 받음,1
마이클,"첫 번째로 할일은 , 조셉을 해고해주세요.
빠르게.",1
마이클,"처지는 드라마와 터지는 공연 장면, 흡사 마이클에 빙의한듯한 자파르 잭슨의 미친 퍼포먼스!!",1
마이클,마이클이 다시 살아 나온 것 같아요. 그의 진심을 다시 볼 수 있어 좋았고 곡 하나하나에 흥이 돋네요~~,1
마이클,"잭슨의 노래와 함께 본 마이클의 일대기를 그린 영화
음악에 대한 열정과 자신만의 길을 개척해내는 이야기
끝이 아니라 시작입니다!! 영화 정말 최고입니다!!
너무 재밌어요",1
마이클,"시사회로 관람했습니다. 진짜 마이클잭슨 같아요. 
엔딩크레딧까지 보고 나왔습니다.",1
마이클,"아는 노래가 나올 때는 속으로
따라 부르면서... 
재밌게 봤습니다. 그립네요
마이클잭슨♡",1
마이클,위대한 가수. 압도적인 퍼포먼스,1
마이클,완전 많이 좋았어요!!,1
마이클,제목처럼 기대 이상의 스토리와 인물 묘사 하나하나가 전설 그 이상입니다. 그가 남긴 발자취를 돌아보며 명곡을 들어보니 소름 돋는 웅장함이 느껴지네요. 재미있었고 감동적이게 잘 보았습니다.,1
마이클,마이클은 역시 최고!,1
마이클,영화 너무 잘 봤습니다,1
마이클,보고 듣는 재미가 가득한 영화.,1
마이클,2부작이란게 가장 쇼킹했지만 너무 재미있었다 어째서 세계최고가될수있었는지 충분히 납득되는 레전드,1
마이클,"올해 본 영화중 최고!! 노래에 따라 움직이는 몸과 손가락~~ 여름 블록버스터들 나오기 전까진 롱런 예약인거 같습니다^^ 시사회로 일주일이나 빠르게 볼 수 있었
다는게 영광입니다. 무조건N차!!",1
마이클,평론가의 평이 이해 가면서도 배우의 춤과 노래가 감동적이어서 좋았네요,1
마이클,2시간동안 마이클잭슨 콘서트를 본 느낌,1
마이클,최고의음악영화ㅡ강추.강추,1
마이클,"밋밋한 구조 속에서도 빛나는 그의 노래와 춤, 거기에 영화의 완성도를 높여주는 자파르 잭슨의 미친 싱크로율",1
마이클,서사와 노래가 딱 맞아떨어지는 쾌감.,1
마이클,음악만으로도 다시 보고 싶다,1
마이클,감사하게 시사회로 다녀왔는데 시간 가는줄 모르고 봤어요. 다시 보고 싶을 정도로 좋았습니다. 추천합니다.,1
마이클,음악에 진심인 천재 마이클 잭슨의 이야기.. 재미있게 봤습니다!,1
마이클,"퍼포먼스는 좋았다.
싱어론이든 댄싱어론이든 열어주실거죠?",1
마이클,좋은 음악 잘 감상했습니다,1
마이클,콘서트 하이라이트 본 느낌. 보고싶다 마잭형,1
마이클,마이클! 오리지날이 훨씬 좋아요! 영화는 전반부만 본 기분~,1
마이클,"마이클의 일대기를 담기에는 
이 한편으로는 부족해요~
속편 제작이 시급합니다!!!",1
마이클,"마이클 잭슨의 음악 인생 초기~중기를 다루는 영화라 '잭슨 파이브' 시절도 꽤 많이 나온다. 스릴러나 문워커가 나오긴 하지만,주요 노래는 2부 시절일 것 같은데, 2부가 무사히 만들어지면 좋겠다",1
마이클,재밌었어요 재밌었어요,1
마이클,영화 완성도는 둘째치고 원곡의 기운이 여전히 짱짱함.,1
마이클,마이클의 위대함을 다 담아낼 수 없는게 아쉬울 뿐이다,1
마이클,꿈많은 소년은 모든 핍박과 압박을 견디며 결국 황제가 되었다.,1
마이클,알 껍질을 깨고 나오는 새의 등장. 홀로서기. 마잭 팬이라면 강추.,1
마이클,"비주얼과 안무만으로 소비되는 아이돌들과는 차원이 다른 음악성.
그는 진정한 스타였다. R.I.P.",1
마이클,"자리는 중요하지 않았다.눈을감고 귀만 열어두면
영화 다 본거다.역시 명불허전 보고싶다 마이클",1
마이클,"못들은 히트곡이 수두룩한데 영화가 끝나버렸다.
히트곡이 너무 많은 가수 영화의 치명적인. 단점?
무조건 후속편 나와야 된다",1
마이클,영화는 분명 좋아요 근데 죽은 마이클 잭슨을 다시 가족이 이용하는것 같아서 양가 감정이 생기는 영화 같습니다,1
마이클,마이클 잭슨의 삶 자체가 영화! 그가 쓴 노래 가사들이 더욱 와닿았습니다,1
마이클,마이클잭슨 노래 무한재생 들어갑니다,1
마이클,위대한 뮤지션을 평범하게 담아낸 음악 전기 영화. 어린 시절의 초반부가 오히려 더 괜찮음.,1
마이클,"영화 보는 내내 몸이 들썩들썩해 혼났습니다.오랜만에
살아있음을 느끼게 해주네요.마이클에 명곡을 담기에는 2시간은 당연히 짧을줄 알았습니다.후속편 기대해도 되는거죠?",1
마이클,"명곡의 연속이라 지루할틈 없네요
이야기는 하다만 느낌이긴 하지만 좋았어요!",1
마이클,재밌게 봤어요. 유명한 노래가 많이 나와요. Rip 마이클 잭슨.,1
마이클,마이클 '잭슨'에서 '마이클' 잭슨으로,1
마이클,전기영화 치고 서사는 너무 아쉬웠지만 음악만 놓고 보자면 좋음. 마이클 잭슨 실제 조카가 싱크로율 높게 연기 잘해줌. 부모님이랑 같이 잘 봤습니다. 후속편에도 듣고 싶은 노래 많이 나올 듯!,1
마이클,"저렇게 멋진 마이클 잭슨의 무대를 보고 가만히 있어야 한다니, 정말 고문이었다.",1
마이클,눈물이 멈추지 않는다...N차관람 필수,1
마이클,시사회 당첨되어 관람했습니다. 마이클잭슨의 노래와 춤이 추억을 떠오르게 하네요. 재밌게 잘 봤습니다. 그노무 가족이 뭐길래~~~~,1
마이클,영화 재밌게 봤습니다.,1
마이클,마이클잭스 모르는 노래도 좋네요~ 잘은 모르면서 이런 말해도 될지 모르지만 캐릭터를 잘 살린 느낌~ ㅎㅎ,1
마이클,"그의 인생을 담기엔 짧다
너무 훅훅 넘어갑니다",1
마이클,좀 지루했지만 마이클은 대단하다,1
마이클,잊고있던 그의 음악을 듣기 위해 엔딩크레딧이 다 올라갈 때까지 앉아있다 나왔어요. 귀호강 제대로 하며 즐겁게 잘 보았습니다. 한동안 마이클잭슨의 음악만 들을것 같네요. 마이클 당신이 많이 그리운날입니다,1
마이클,"즐겁고 감동적이었습니다.
마잭의 인생을 모두 담아내지 못해 아쉽네요.
후속편이 꼭 나와주길.",1
마이클,"팬이 아니어도 라이브 공연을 본듯한
전율을 느낀 영화",1
마이클,조금은 아쉬운 영화 노래가적다,1
마이클,"마이클의 무대와 음악은 너무 매력적이다
하지만 중요한 논란은 아예 피하고
아버지를 악으로 그린 분량만 가득하다
그의 말년을 생각하면 또 돈벌이로 이용하는구나하는 의구심이 든다",0
마이클,말이 필요없는 영화 갓 마이클 잭슨~~🔥🔥🔥,1
마이클,마이클잭슨의 명곡을 들을 수 있어 좋았네요!!,1
마이클,영원한 팝의 황제 마이클잭슨,1
마이클,음악은 정말 재밌네요.,1
마이클,빵빵한 음향과 전설의 일대기,1
마이클,재미있게 잘봤어요~,1
마이클,Jesus Christ Superstar.,1
마이클,마이클잭슨의 어린 시절 이야기가 흥미로웠다. 노래도 계속 나와서 지루하지 않았음.,1
마이클,"마이클 영화 잘 봤어요.
한편의 스토리로 명곡과 함께 마이클의 유년시절까지 볼 수 있었던.감동적이였어요",1
마이클,"마이클 잭슨의 콘서트를 모은 다큐 같은 느낌
마이클 잭슨의 1/2만 본 느낌
연기는 소름끼치도록 좋았음",1
마이클,최고다 또보고 싶게 만드는 그의 음악,1
마이클,"CGV 청주서문 5.7 회원시사 관람
10점",1
마이클,"모든 이를 열광시키는 섬세한 몸짓.
다친 자를 어루만지던 세심한 배려.
상처 입은 동물까지 보살핀 순수한 영혼.
이런 재료를 허술하게 담아낸 상실된 연출.
그러나 부족한 서사를 완벽하게 메꾼 조카의 차력 쇼.",1
마이클,"콘서트를 보고 온다고 생각하면 정말 만족할것 같아요.
노래들이 진짜 좋아요",1
마이클,그의 음악만으로도 충분히 볼 가치가 있었다. 특히 그의 모습을 재현한 조카이자 배우의 연기가 압권.,1
마이클,네버랜드를 벗어나 진정한 자유를 찾아 어른이 된 피터팬.,1
마이클,2026.5.7.인천cgv(시사회) 눈과 귀 호강!,1
마이클,전기 영화라도 캐릭터를 돋보이게 서사를 잘 쌓아줬으면 좋았을텐데 아쉬움,0
마이클,"2% 좀 부족한, 완벽한 영화!! ㅋ",1
마이클,분량적으로 아쉬움이 있긴 하지만 울컥울컥하네.,1
마이클,zkdjfjzk추러나ㅓ라리나트트,1
마이클,마이클의 노래가 영원하기를,1
마이클,잭슨 파이브의 마이클..,1
마이클,한 인간이 없고 모사만 있다,0
마이클,"뮤지션의 마이클도
인간의 마이클도 
사랑한다!!",1
마이클,"와~ 너무 재밌게 잘봤습니다^^
특히 마이클 연기한 조카분 진짜 마이클잭슨 인줄
연기 너무 잘했어요!! 
너무 너무 너무 즐겁게 재밌게 잘봤습니다^^
노래도 다 좋았어요
콘서트 갔다 온 기분입니다~~^^",1
마이클,"그만이 가지고 있는 댄스의 춤선, 노래의 음색은 전율을 흐르게끔 했던, 인상적인 영화였습니다. 부모님들 모시고 가길 추천합니다!!!",1
마이클,한편에 담지 못할 위대한 업적의 세계 최고 뮤지션의 과거 스토리를 이제야 알게되니 결핍과 고통을 당시 공감 못했던게 미안하네. 강추!,1
마이클,팝의전설 마이클잭슨!! 몰입도 호응도 순간 빠른 공연전개가 흥미롭게 !!,1
마이클,마이클 20260507,1
마이클,마이클~~~!!!@,1
마이클,마이클잭슨의 헌신 노래 굿,1
마이클,아빠 가족사 얘기는 좀 짜르고 배드이후 블랙올화이트나 성형부작용 등의 본인 얘기를 넣지. 팝의 황제를 표현하기엔 아쉬움이 크다.,1
마이클,조카가 삼촌을 삼켰네요,1
마이클,파란만장한 일대기와 예술적인 춤선 보는거 만으로 시간은 금방 간다.,1
마이클,재밋게잘 봣어요..!!5,1
마이클,재밋게잘 봣어요..!!5,1
마이클,젛아요늠악수굿굿굿음악,1
마이클,생애 첫 카세트테이프는 mj였지.. 천국에서 행복하세요. 당신을 괴롭힌 사람들을 용서하지 마세요.,1
마이클,그저그렇네 생각했는데 집까지 문워크로 왔음여,1
마이클,"그시절 그추억속으로 너무좋기도 아쉽기도하고 그립네여
그의 이야기는 계속되니
오늘은 그의 음악을 듣다 자야겠어요",1
